|
o  Doctor changes ------------------------------------------------------+
|                                                                       |
|  - Installed missing configured plugin "deepseek" from                |
|    @openclaw/deepseek-provider.                                       |
|  - Installed missing configured plugin "openclaw-weixin" from         |
|    @tencent-weixin/openclaw-weixin@2.4.6.                             |
|  - Installed missing configured plugin "qqbot" from @openclaw/qqbot.  |
|  - Installed missing configured plugin "qwen" from                    |
|    @openclaw/qwen-provider.                                           |
|  - Installed missing configured plugin "wecom-openclaw-plugin" from   |
|    @wecom/wecom-openclaw-plugin@2026.5.7.                             |
|                                                                       |
+-----------------------------------------------------------------------+
2026-08-10T10:52:38.912+08:00 [gateway] loading configuration…
2026-08-10T10:52:39.445+08:00 [gateway] force: no listeners on port 18789
2026-08-10T10:52:39.451+08:00 [gateway] resolving authentication…
2026-08-10T10:52:39.475+08:00 [gateway] starting...
2026-08-10T10:52:39.912+08:00 [gateway] auto-enabled plugins for this runtime without writing config:
- dashscope/qwen3.7-plus model configured, enabled automatically.
2026-08-10T10:52:40.501+08:00 [gateway] starting HTTP server...
2026-08-10T10:52:40.504+08:00 [gateway] ⚠️  Gateway is binding to a non-loopback address. Ensure authentication is configured before exposing to public networks.
2026-08-10T10:52:40.787+08:00 [health-monitor] started (interval: 300s, startup-grace: 60s, channel-connect-grace: 120s)
2026-08-10T10:52:42.461+08:00 [gateway] [plugins] duplicate plugin id resolved by explicit config-selected plugin; global plugin will be overridden by config plugin (D:\project\LXUP\runtime\openclaw-home\plugins\deepseek\node_modules\@openclaw\deepseek-provider\dist\index.js) (plugin=deepseek, source=D:\project\LXUP\runtime\openclaw-home\npm\projects\openclaw-deepseek-provider-2481ed984b\node_modules\@openclaw\deepseek-provider\dist\index.js)
2026-08-10T10:52:42.464+08:00 [gateway] [plugins] duplicate plugin id resolved by explicit config-selected plugin; global plugin will be overridden by config plugin (D:\project\LXUP\runtime\openclaw-home\plugins\weixin\node_modules\@tencent-weixin\openclaw-weixin\dist\index.js) (plugin=openclaw-weixin, source=D:\project\LXUP\runtime\openclaw-home\npm\projects\tencent-weixin-openclaw-weixin-7783ac86ba\node_modules\@tencent-weixin\openclaw-weixin\dist\index.js)
2026-08-10T10:52:42.466+08:00 [gateway] [plugins] duplicate plugin id resolved by explicit config-selected plugin; global plugin will be overridden by config plugin (D:\project\LXUP\runtime\openclaw-home\plugins\qqbot\node_modules\@openclaw\qqbot\dist\index.js) (plugin=qqbot, source=D:\project\LXUP\runtime\openclaw-home\npm\projects\openclaw-qqbot-d3553f72f8\node_modules\@openclaw\qqbot\dist\index.js)
2026-08-10T10:52:42.478+08:00 [gateway] [plugins] duplicate plugin id resolved by explicit config-selected plugin; global plugin will be overridden by config plugin (D:\project\LXUP\runtime\openclaw-home\plugins\wecom\node_modules\@wecom\wecom-openclaw-plugin\dist\index.js) (plugin=wecom-openclaw-plugin, source=D:\project\LXUP\runtime\openclaw-home\npm\projects\wecom-wecom-openclaw-plugin-18f843d908\node_modules\@wecom\wecom-openclaw-plugin\dist\index.js)
2026-08-10T10:52:42.493+08:00 [gateway] agent model: dashscope/qwen3.7-plus (thinking=medium, fast=off)
2026-08-10T10:52:42.495+08:00 [gateway] http server listening (11 plugins: browser, canvas, device-pair, file-transfer, memory-core, ollama, openclaw-weixin, phone-control, qqbot, talk-voice, wecom-openclaw-plugin; 2.7s)
2026-08-10T10:52:42.497+08:00 [gateway] log file: C:\Users\Administrator\AppData\Local\Temp\openclaw\openclaw-2026-08-10.log
2026-08-10T10:52:42.704+08:00 [gateway] security warning: dangerous config flags enabled: gateway.controlUi.dangerouslyDisableDeviceAuth=true. Run `openclaw security audit`.
2026-08-10T10:52:42.715+08:00 [gateway] starting channels and sidecars...
2026-08-10T10:52:42.994+08:00 [gateway] ready
2026-08-10T10:52:43.018+08:00 [heartbeat] started
2026-08-10T10:52:50.028+08:00 [ws] webchat connected conn=650556fb-3e44-4ae8-82f0-a4d6fc6a8b93 remote=127.0.0.1 client=openclaw-control-ui webchat v1.0.0
2026-08-10T10:52:53.387+08:00 [gateway] agent runtime plugins pre-warmed in 383ms
2026-08-10T10:54:01.656+08:00 [ws] ⇄ res ✓ sessions.list 146ms conn=650556fb…8b93 id=r5-j0cd3z
2026-08-10T10:54:02.515+08:00 [ws] ⇄ res ✓ skills.status 855ms conn=650556fb…8b93 id=r7-lm2pmt
2026-08-10T10:54:02.703+08:00 [ws] ⇄ res ✓ skills.status 185ms conn=650556fb…8b93 id=r8-cswswp
2026-08-10T10:54:07.495+08:00 [ws] ⇄ res ✓ config.get 460ms conn=650556fb…8b93 id=r10-hfcjs1
2026-08-10T10:54:09.757+08:00 [ws] ⇄ res ✓ config.get 158ms conn=650556fb…8b93 id=r11-5v40bx
2026-08-10T10:54:15.737+08:00 [ws] ⇄ res ✓ skills.status 194ms conn=650556fb…8b93 id=r14-60bily
2026-08-10T10:54:17.532+08:00 [browser/extension-relay] extension relay for profile "chrome" listening on 127.0.0.1:18799
2026-08-10T10:54:17.535+08:00 [browser/service] Browser control service ready (profiles=3)
2026-08-10T10:54:17.698+08:00 [ws] ⇄ res ✓ channels.status 146ms conn=650556fb…8b93 id=r17-yozcu6
2026-08-10T10:54:17.722+08:00 [ws] ⇄ res ✓ browser.request 454ms conn=d32eab93…6783 id=95162d65…a44e
2026-08-10T10:54:17.738+08:00 [ws] ⇄ res ✓ config.get 186ms conn=650556fb…8b93 id=r16-j41lfz
2026-08-10T10:54:18.307+08:00 [ws] ⇄ res ✓ browser.request 455ms conn=69e37988…cb84 id=e0d2d270…b1de
2026-08-10T10:54:18.778+08:00 [ws] ⇄ res ✓ sessions.list 292ms conn=650556fb…8b93 id=r21-t8hm6k
2026-08-10T10:54:18.804+08:00 [ws] ⇄ res ✓ config.get 470ms conn=650556fb…8b93 id=r18-w1b3p0
2026-08-10T10:54:18.815+08:00 [ws] ⇄ res ✓ config.get 329ms conn=650556fb…8b93 id=r19-kenzy0
2026-08-10T10:54:18.826+08:00 [ws] ⇄ res ✓ config.get 339ms conn=650556fb…8b93 id=r22-9tzayz
2026-08-10T10:54:20.729+08:00 [ws] ⇄ res ✓ skills.status 186ms conn=650556fb…8b93 id=r30-gngd5y
2026-08-10T10:54:20.906+08:00 [ws] ⇄ res ✓ skills.status 174ms conn=650556fb…8b93 id=r31-89p3x1
2026-08-10T10:54:21.336+08:00 [ws] ⇄ res ✓ sessions.list 428ms conn=650556fb…8b93 id=r35-46f2zk
2026-08-10T10:54:21.350+08:00 [ws] ⇄ res ✓ config.get 442ms conn=650556fb…8b93 id=r32-4ngzy9
2026-08-10T10:54:21.360+08:00 [ws] ⇄ res ✓ config.get 452ms conn=650556fb…8b93 id=r33-q51zvj
2026-08-10T10:54:21.373+08:00 [ws] ⇄ res ✓ config.get 464ms conn=650556fb…8b93 id=r36-7vttsn
2026-08-10T10:54:31.623+08:00 [ws] ⇄ res ✓ config.get 282ms conn=650556fb…8b93 id=r41-s7r38e
2026-08-10T10:54:31.634+08:00 [ws] ⇄ res ✓ config.get 293ms conn=650556fb…8b93 id=r40-h2xoj6
2026-08-10T10:54:34.600+08:00 [diagnostic] lane task error: lane=main durationMs=512 error="ProviderAuthError: No API key found for provider "dashscope". Auth store: D:\project\LXUP\runtime\openclaw-home\agents\main\agent\openclaw-agent.sqlite (agentDir: D:\project\LXUP\runtime\openclaw-home\agents\main\agent). Configure auth for this agent (openclaw agents add <id>) or copy only portable static auth profiles from the main agentDir."
2026-08-10T10:54:34.602+08:00 [diagnostic] lane task error: lane=session:agent:main:main durationMs=517 error="ProviderAuthError: No API key found for provider "dashscope". Auth store: D:\project\LXUP\runtime\openclaw-home\agents\main\agent\openclaw-agent.sqlite (agentDir: D:\project\LXUP\runtime\openclaw-home\agents\main\agent). Configure auth for this agent (openclaw agents add <id>) or copy only portable static auth profiles from the main agentDir."
2026-08-10T10:54:34.618+08:00 [model-fallback/decision] model fallback decision: decision=candidate_failed requested=dashscope/qwen3.7-plus candidate=dashscope/qwen3.7-plus reason=auth next=none detail=No API key found for provider "dashscope". Auth store: D:\project\LXUP\runtime\openclaw-home\agents\main\agent\openclaw-agent.sqlite (agentDir: D:\project\LXUP\runtime\openclaw-home\agents\main\agent). Configure auth for this agent (openclaw agents add <id>) or copy only portable static auth profiles from the main agentDir.
2026-08-10T10:54:34.631+08:00 Embedded agent failed before reply: No API key found for provider "dashscope". Auth store: D:\project\LXUP\runtime\openclaw-home\agents\main\agent\openclaw-agent.sqlite (agentDir: D:\project\LXUP\runtime\openclaw-home\agents\main\agent). Configure auth for this agent (openclaw agents add <id>) or copy only portable static auth profiles from the main agentDir. | missing-provider-auth
2026-08-10T10:54:36.066+08:00 [ws] ⇄ res ✓ config.get 147ms conn=650556fb…8b93 id=r42-hko7f3
2026-08-10T10:54:41.069+08:00 [ws] ⇄ res ✓ config.get 150ms conn=650556fb…8b93 id=r43-c7mbh7
2026-08-10T10:54:46.050+08:00 [ws] ⇄ res ✓ config.get 146ms conn=650556fb…8b93 id=r44-0646cb
2026-08-10T10:54:51.067+08:00 [ws] ⇄ res ✓ config.get 149ms conn=650556fb…8b93 id=r45-b4d4p7
2026-08-10T10:54:56.063+08:00 [ws] ⇄ res ✓ config.get 147ms conn=650556fb…8b93 id=r46-bgz3sh
2026-08-10T10:55:01.068+08:00 [ws] ⇄ res ✓ config.get 150ms conn=650556fb…8b93 id=r47-51kz60
2026-08-10T10:55:06.054+08:00 [ws] ⇄ res ✓ config.get 148ms conn=650556fb…8b93 id=r48-m6ft3l
2026-08-10T10:55:11.054+08:00 [ws] ⇄ res ✓ config.get 149ms conn=650556fb…8b93 id=r49-8h7r9z
2026-08-10T10:55:16.051+08:00 [ws] ⇄ res ✓ config.get 146ms conn=650556fb…8b93 id=r50-mj57bp
2026-08-10T10:55:21.053+08:00 [ws] ⇄ res ✓ config.get 146ms conn=650556fb…8b93 id=r51-pp5m2p
2026-08-10T10:55:26.059+08:00 [ws] ⇄ res ✓ config.get 147ms conn=650556fb…8b93 id=r52-wlnt0d
2026-08-10T10:55:30.244+08:00 [ws] ⇄ res ✓ config.get 149ms conn=650556fb…8b93 id=r53-y96gg0
2026-08-10T10:56:25.218+08:00 [ws] ⇄ res ✓ config.get 149ms conn=650556fb…8b93 id=r54-zqfdti
2026-08-10T10:56:25.762+08:00 [gateway] config.patch write actor=openclaw-control-ui device=unknown-device ip=unknown-ip conn=650556fb-3e44-4ae8-82f0-a4d6fc6a8b93 changedPaths=models.providers.deepseek.models,models.providers.deepseek.api,models.providers.dashscope.models,models.providers.dashscope.api,models.providers.deepseek_2 restartReason=config.patch
2026-08-10T10:56:25.947+08:00 Config warnings:
- plugins.entries.deepseek: plugin deepseek: duplicate plugin id resolved by explicit config-selected plugin; global plugin will be overridden by config plugin (D:\project\LXUP\runtime\openclaw-home\plugins\deepseek\node_modules\@openclaw\deepseek-provider\dist\index.js)
- plugins.entries.openclaw-weixin: plugin openclaw-weixin: duplicate plugin id resolved by explicit config-selected plugin; global plugin will be overridden by config plugin (D:\project\LXUP\runtime\openclaw-home\plugins\weixin\node_modules\@tencent-weixin\openclaw-weixin\dist\index.js)
- plugins.entries.qqbot: plugin qqbot: duplicate plugin id resolved by explicit config-selected plugin; global plugin will be overridden by config plugin (D:\project\LXUP\runtime\openclaw-home\plugins\qqbot\node_modules\@openclaw\qqbot\dist\index.js)
- plugins.entries.wecom-openclaw-plugin: plugin wecom-openclaw-plugin: duplicate plugin id resolved by explicit config-selected plugin; global plugin will be overridden by config plugin (D:\project\LXUP\runtime\openclaw-home\plugins\wecom\node_modules\@wecom\wecom-openclaw-plugin\dist\index.js)
2026-08-10T10:56:26.090+08:00 Config observe anomaly: D:\project\LXUP\runtime\openclaw-home\openclaw.json (size-drop-vs-last-good:6760->3107)
2026-08-10T10:56:26.120+08:00 [reload] config change detected; evaluating reload (models.providers.deepseek.api, models.providers.dashscope.models, models.providers.dashscope.api, models.providers.deepseek_2, meta.lastTouchedAt)
2026-08-10T10:56:26.614+08:00 [reload] config hot reload applied (models.providers.deepseek.api, models.providers.dashscope.models, models.providers.dashscope.api, models.providers.deepseek_2)
2026-08-10T10:56:26.770+08:00 [ws] ⇄ res ✓ config.patch 1548ms conn=650556fb…8b93 id=r55-nel9zh
2026-08-10T10:56:27.074+08:00 [ws] ⇄ res ✓ config.get 301ms conn=650556fb…8b93 id=r56-7xor4u
2026-08-10T10:56:33.958+08:00 [ws] ⇄ res ✓ sessions.list 415ms conn=650556fb…8b93 id=r60-bs9y8y
2026-08-10T10:56:33.973+08:00 [ws] ⇄ res ✓ config.get 430ms conn=650556fb…8b93 id=r58-rgf6w1
2026-08-10T10:56:33.983+08:00 [ws] ⇄ res ✓ config.get 440ms conn=650556fb…8b93 id=r57-a9fbhm
2026-08-10T10:56:33.992+08:00 [ws] ⇄ res ✓ config.get 449ms conn=650556fb…8b93 id=r61-6zywy5
2026-08-10T10:56:34.917+08:00 [ws] ⇄ res ✓ config.get 156ms conn=650556fb…8b93 id=r64-4z38ia
2026-08-10T10:56:38.565+08:00 [diagnostic] lane task error: lane=main durationMs=369 error="ProviderAuthError: No API key found for provider "dashscope". Auth store: D:\project\LXUP\runtime\openclaw-home\agents\main\agent\openclaw-agent.sqlite (agentDir: D:\project\LXUP\runtime\openclaw-home\agents\main\agent). Configure auth for this agent (openclaw agents add <id>) or copy only portable static auth profiles from the main agentDir."
2026-08-10T10:56:38.567+08:00 [diagnostic] lane task error: lane=session:agent:main:main durationMs=371 error="ProviderAuthError: No API key found for provider "dashscope". Auth store: D:\project\LXUP\runtime\openclaw-home\agents\main\agent\openclaw-agent.sqlite (agentDir: D:\project\LXUP\runtime\openclaw-home\agents\main\agent). Configure auth for this agent (openclaw agents add <id>) or copy only portable static auth profiles from the main agentDir."
2026-08-10T10:56:38.576+08:00 [model-fallback/decision] model fallback decision: decision=candidate_failed requested=dashscope/qwen3.7-plus candidate=dashscope/qwen3.7-plus reason=auth next=none detail=No API key found for provider "dashscope". Auth store: D:\project\LXUP\runtime\openclaw-home\agents\main\agent\openclaw-agent.sqlite (agentDir: D:\project\LXUP\runtime\openclaw-home\agents\main\agent). Configure auth for this agent (openclaw agents add <id>) or copy only portable static auth profiles from the main agentDir.
2026-08-10T10:56:38.577+08:00 Embedded agent failed before reply: No API key found for provider "dashscope". Auth store: D:\project\LXUP\runtime\openclaw-home\agents\main\agent\openclaw-agent.sqlite (agentDir: D:\project\LXUP\runtime\openclaw-home\agents\main\agent). Configure auth for this agent (openclaw agents add <id>) or copy only portable static auth profiles from the main agentDir. | missing-provider-auth
2026-08-10T10:56:39.908+08:00 [ws] ⇄ res ✓ config.get 152ms conn=650556fb…8b93 id=r66-hcp2fb
2026-08-10T10:56:44.903+08:00 [ws] ⇄ res ✓ config.get 146ms conn=650556fb…8b93 id=r67-d5uhb0
2026-08-10T10:56:46.023+08:00 [ws] ⇄ res ✓ config.get 153ms conn=650556fb…8b93 id=r68-gglg40
2026-08-10T10:57:00.549+08:00 [ws] ⇄ res ✓ config.get 153ms conn=650556fb…8b93 id=r69-tl5666
2026-08-10T10:57:00.695+08:00 [gateway] config.patch noop actor=openclaw-control-ui device=unknown-device ip=unknown-ip conn=650556fb-3e44-4ae8-82f0-a4d6fc6a8b93 (no changed paths)
2026-08-10T10:57:00.699+08:00 [ws] ⇄ res ✓ config.patch 147ms conn=650556fb…8b93 id=r70-v1ylir
2026-08-10T10:57:00.849+08:00 [ws] ⇄ res ✓ config.get 148ms conn=650556fb…8b93 id=r71-ek0b7s
2026-08-10T11:00:29.650+08:00 [ws] ⇄ res ✓ sessions.list 300ms conn=650556fb…8b93 id=r75-1m6dpf
2026-08-10T11:00:29.665+08:00 [ws] ⇄ res ✓ config.get 468ms conn=650556fb…8b93 id=r72-iyd3by
2026-08-10T11:00:29.675+08:00 [ws] ⇄ res ✓ config.get 325ms conn=650556fb…8b93 id=r73-tfd7k2
2026-08-10T11:00:29.685+08:00 [ws] ⇄ res ✓ config.get 336ms conn=650556fb…8b93 id=r76-jntirm
2026-08-10T11:00:34.356+08:00 [ws] ⇄ res ✓ config.get 151ms conn=650556fb…8b93 id=r79-jzctnn
2026-08-10T11:00:39.358+08:00 [ws] ⇄ res ✓ config.get 154ms conn=650556fb…8b93 id=r80-7ez1m7
2026-08-10T11:00:44.353+08:00 [ws] ⇄ res ✓ config.get 149ms conn=650556fb…8b93 id=r81-cjeqvz
2026-08-10T11:00:49.362+08:00 [ws] ⇄ res ✓ config.get 154ms conn=650556fb…8b93 id=r82-igz4fc
2026-08-10T11:00:54.360+08:00 [ws] ⇄ res ✓ config.get 150ms conn=650556fb…8b93 id=r83-x1ojr5
2026-08-10T11:00:59.362+08:00 [ws] ⇄ res ✓ config.get 150ms conn=650556fb…8b93 id=r84-gle3aq
2026-08-10T11:01:04.349+08:00 [ws] ⇄ res ✓ config.get 151ms conn=650556fb…8b93 id=r85-cst8z6
2026-08-10T11:01:08.788+08:00 [ws] ⇄ res ✓ config.get 159ms conn=650556fb…8b93 id=r86-iuovn7
2026-08-10T11:01:16.978+08:00 [ws] ⇄ res ✓ config.get 149ms conn=650556fb…8b93 id=r87-78ml3d
2026-08-10T11:01:17.120+08:00 [gateway] config.patch noop actor=openclaw-control-ui device=unknown-device ip=unknown-ip conn=650556fb-3e44-4ae8-82f0-a4d6fc6a8b93 (no changed paths)
2026-08-10T11:01:17.124+08:00 [ws] ⇄ res ✓ config.patch 143ms conn=650556fb…8b93 id=r88-f30llf
2026-08-10T11:01:17.278+08:00 [ws] ⇄ res ✓ config.get 151ms conn=650556fb…8b93 id=r89-vbon6q
2026-08-10T11:01:28.491+08:00 [ws] ⇄ res ✓ config.get 150ms conn=650556fb…8b93 id=r90-pez888
2026-08-10T11:01:28.637+08:00 [gateway] config.patch noop actor=openclaw-control-ui device=unknown-device ip=unknown-ip conn=650556fb-3e44-4ae8-82f0-a4d6fc6a8b93 (no changed paths)
2026-08-10T11:01:28.641+08:00 [ws] ⇄ res ✓ config.patch 147ms conn=650556fb…8b93 id=r91-howxt0
2026-08-10T11:01:28.790+08:00 [ws] ⇄ res ✓ config.get 147ms conn=650556fb…8b93 id=r92-wqsou4
2026-08-10T11:01:29.094+08:00 [ws] ⇄ res ✓ config.get 152ms conn=650556fb…8b93 id=r93-mexhx3
2026-08-10T11:01:29.240+08:00 [gateway] config.patch noop actor=openclaw-control-ui device=unknown-device ip=unknown-ip conn=650556fb-3e44-4ae8-82f0-a4d6fc6a8b93 (no changed paths)
2026-08-10T11:01:29.244+08:00 [ws] ⇄ res ✓ config.patch 148ms conn=650556fb…8b93 id=r94-zm0byb
2026-08-10T11:01:29.399+08:00 [ws] ⇄ res ✓ config.get 152ms conn=650556fb…8b93 id=r95-ectoef
2026-08-10T11:01:30.370+08:00 [ws] ⇄ res ✓ config.get 150ms conn=650556fb…8b93 id=r96-grdbbv
2026-08-10T11:01:30.373+08:00 [gateway] control-plane write rate-limited method=config.patch actor=openclaw-control-ui device=unknown-device ip=unknown-ip conn=650556fb-3e44-4ae8-82f0-a4d6fc6a8b93 retryAfterMs=46607 key=unknown-device|unknown-ip|conn=650556fb-3e44-4ae8-82f0-a4d6fc6a8b93
2026-08-10T11:01:30.376+08:00 [ws] ⇄ res ✗ config.patch 2ms errorCode=UNAVAILABLE errorMessage=rate limit exceeded for config.patch; retry after 47s conn=650556fb…8b93 id=r97-j8snor
2026-08-10T11:01:31.556+08:00 [ws] ⇄ res ✓ config.get 151ms conn=650556fb…8b93 id=r98-a4s7cs
2026-08-10T11:01:31.558+08:00 [gateway] control-plane write rate-limited method=config.patch actor=openclaw-control-ui device=unknown-device ip=unknown-ip conn=650556fb-3e44-4ae8-82f0-a4d6fc6a8b93 retryAfterMs=45422 key=unknown-device|unknown-ip|conn=650556fb-3e44-4ae8-82f0-a4d6fc6a8b93
2026-08-10T11:01:31.561+08:00 [ws] ⇄ res ✗ config.patch 2ms errorCode=UNAVAILABLE errorMessage=rate limit exceeded for config.patch; retry after 46s conn=650556fb…8b93 id=r99-pd6tzf
2026-08-10T11:01:33.659+08:00 [ws] ⇄ res ✓ config.get 151ms conn=650556fb…8b93 id=r100-6m92oc
2026-08-10T11:01:33.661+08:00 [gateway] control-plane write rate-limited method=config.patch actor=openclaw-control-ui device=unknown-device ip=unknown-ip conn=650556fb-3e44-4ae8-82f0-a4d6fc6a8b93 retryAfterMs=43319 key=unknown-device|unknown-ip|conn=650556fb-3e44-4ae8-82f0-a4d6fc6a8b93
2026-08-10T11:01:33.664+08:00 [ws] ⇄ res ✗ config.patch 2ms errorCode=UNAVAILABLE errorMessage=rate limit exceeded for config.patch; retry after 44s conn=650556fb…8b93 id=r101-8qwps2
2026-08-10T11:14:50.510+08:00 [ws] webchat disconnected code=1001 reason=n/a conn=650556fb-3e44-4ae8-82f0-a4d6fc6a8b93
2026-08-10T11:14:50.893+08:00 [ws] webchat connected conn=af19df91-9a33-4c01-8746-5cc296c56aef remote=127.0.0.1 client=openclaw-control-ui webchat v1.0.0
2026-08-10T11:14:51.116+08:00 [ws] ⇄ res ✓ config.get 150ms conn=af19df91…6aef id=r2-adjkns
2026-08-10T11:15:30.223+08:00 [ws] webchat disconnected code=1001 reason=n/a conn=af19df91-9a33-4c01-8746-5cc296c56aef
2026-08-10T11:15:30.633+08:00 [ws] webchat connected conn=2afdb52b-cddf-40f1-bd50-9d0b5895cccd remote=127.0.0.1 client=openclaw-control-ui webchat v1.0.0
2026-08-10T11:15:30.859+08:00 [ws] ⇄ res ✓ config.get 152ms conn=2afdb52b…cccd id=r2-aa8lwn
2026-08-10T11:15:43.612+08:00 [ws] webchat disconnected code=1001 reason=n/a conn=2afdb52b-cddf-40f1-bd50-9d0b5895cccd
2026-08-10T11:15:43.971+08:00 [ws] webchat connected conn=15712c79-97a1-4643-94b1-8a351b5b2729 remote=127.0.0.1 client=openclaw-control-ui webchat v1.0.0
2026-08-10T11:15:44.196+08:00 [ws] ⇄ res ✓ config.get 150ms conn=15712c79…2729 id=r2-sq0s38
2026-08-10T11:15:54.074+08:00 [ws] ⇄ res ✓ skills.status 194ms conn=15712c79…2729 id=r8-q39o0k
2026-08-10T11:15:54.264+08:00 [ws] ⇄ res ✓ skills.status 186ms conn=15712c79…2729 id=r9-tkrhps
2026-08-10T11:15:55.332+08:00 [ws] ⇄ res ✓ sessions.list 285ms conn=15712c79…2729 id=r13-344qof
2026-08-10T11:15:55.347+08:00 [ws] ⇄ res ✓ config.get 440ms conn=15712c79…2729 id=r10-emktfs
2026-08-10T11:15:55.357+08:00 [ws] ⇄ res ✓ config.get 311ms conn=15712c79…2729 id=r11-z6qm1y
2026-08-10T11:15:55.366+08:00 [ws] ⇄ res ✓ config.get 319ms conn=15712c79…2729 id=r14-uidd8z
2026-08-10T11:15:58.950+08:00 [ws] ⇄ res ✓ skills.status 184ms conn=15712c79…2729 id=r22-emcv71
2026-08-10T11:15:59.133+08:00 [ws] ⇄ res ✓ skills.status 180ms conn=15712c79…2729 id=r23-oaa5w8
2026-08-10T11:18:01.093+08:00 [ws] ⇄ res ✓ config.get 154ms conn=15712c79…2729 id=r24-9ubcyr
2026-08-10T11:18:04.258+08:00 [ws] ⇄ res ✓ config.get 153ms conn=15712c79…2729 id=r25-0l6zwb
2026-08-10T11:18:04.811+08:00 [gateway] config.patch write actor=openclaw-control-ui device=unknown-device ip=unknown-ip conn=15712c79-97a1-4643-94b1-8a351b5b2729 changedPaths=models.providers.deepseek_2.models restartReason=config.patch
2026-08-10T11:18:05.164+08:00 [reload] config change detected; evaluating reload (models.providers.deepseek_2.models, meta.lastTouchedAt)
2026-08-10T11:18:05.652+08:00 [reload] config hot reload applied (models.providers.deepseek_2.models)
2026-08-10T11:18:05.815+08:00 [ws] ⇄ res ✓ config.patch 1554ms conn=15712c79…2729 id=r26-hkz44t
2026-08-10T11:18:06.154+08:00 [ws] ⇄ res ✓ config.get 334ms conn=15712c79…2729 id=r27-upnbrq
2026-08-10T11:18:13.153+08:00 [ws] ⇄ res ✓ sessions.list 412ms conn=15712c79…2729 id=r31-79q5mt
2026-08-10T11:18:13.168+08:00 [ws] ⇄ res ✓ config.get 427ms conn=15712c79…2729 id=r29-51egaq
2026-08-10T11:18:13.178+08:00 [ws] ⇄ res ✓ config.get 437ms conn=15712c79…2729 id=r28-upexgo
2026-08-10T11:18:13.187+08:00 [ws] ⇄ res ✓ config.get 447ms conn=15712c79…2729 id=r32-8vvxju
2026-08-10T11:18:15.001+08:00 [ws] ⇄ res ✓ config.get 142ms conn=15712c79…2729 id=r36-44bcvi
2026-08-10T11:18:15.452+08:00 [diagnostic] lane task error: lane=main durationMs=305 error="ProviderAuthError: No API key found for provider "dashscope". Auth store: D:\project\LXUP\runtime\openclaw-home\agents\main\agent\openclaw-agent.sqlite (agentDir: D:\project\LXUP\runtime\openclaw-home\agents\main\agent). Configure auth for this agent (openclaw agents add <id>) or copy only portable static auth profiles from the main agentDir."
2026-08-10T11:18:15.454+08:00 [diagnostic] lane task error: lane=session:agent:main:main durationMs=308 error="ProviderAuthError: No API key found for provider "dashscope". Auth store: D:\project\LXUP\runtime\openclaw-home\agents\main\agent\openclaw-agent.sqlite (agentDir: D:\project\LXUP\runtime\openclaw-home\agents\main\agent). Configure auth for this agent (openclaw agents add <id>) or copy only portable static auth profiles from the main agentDir."
2026-08-10T11:18:15.461+08:00 [model-fallback/decision] model fallback decision: decision=candidate_failed requested=dashscope/qwen3.7-plus candidate=dashscope/qwen3.7-plus reason=auth next=none detail=No API key found for provider "dashscope". Auth store: D:\project\LXUP\runtime\openclaw-home\agents\main\agent\openclaw-agent.sqlite (agentDir: D:\project\LXUP\runtime\openclaw-home\agents\main\agent). Configure auth for this agent (openclaw agents add <id>) or copy only portable static auth profiles from the main agentDir.
2026-08-10T11:18:15.463+08:00 Embedded agent failed before reply: No API key found for provider "dashscope". Auth store: D:\project\LXUP\runtime\openclaw-home\agents\main\agent\openclaw-agent.sqlite (agentDir: D:\project\LXUP\runtime\openclaw-home\agents\main\agent). Configure auth for this agent (openclaw agents add <id>) or copy only portable static auth profiles from the main agentDir. | missing-provider-auth
2026-08-10T11:18:19.925+08:00 [ws] ⇄ res ✓ config.get 172ms conn=15712c79…2729 id=r37-bbxqbo
2026-08-10T11:18:24.880+08:00 [ws] ⇄ res ✓ config.get 142ms conn=15712c79…2729 id=r38-xpaqju
2026-08-10T11:18:25.082+08:00 [ws] ⇄ res ✓ config.get 145ms conn=15712c79…2729 id=r39-u7y1ka
2026-08-10T11:18:42.165+08:00 [ws] ⇄ res ✓ config.get 148ms conn=15712c79…2729 id=r40-bzxqjh
2026-08-10T11:18:42.695+08:00 [gateway] config.patch write actor=openclaw-control-ui device=unknown-device ip=unknown-ip conn=15712c79-97a1-4643-94b1-8a351b5b2729 changedPaths=models.providers.deepseek_2.models restartReason=config.patch
2026-08-10T11:18:43.037+08:00 [reload] config change detected; evaluating reload (models.providers.deepseek_2.models, meta.lastTouchedAt)
2026-08-10T11:18:43.518+08:00 [reload] config hot reload applied (models.providers.deepseek_2.models)
2026-08-10T11:18:43.669+08:00 [ws] ⇄ res ✓ config.patch 1502ms conn=15712c79…2729 id=r41-5inw6s
2026-08-10T11:18:43.971+08:00 [ws] ⇄ res ✓ config.get 299ms conn=15712c79…2729 id=r42-slch32
2026-08-10T11:18:51.699+08:00 [ws] ⇄ res ✓ sessions.list 412ms conn=15712c79…2729 id=r52-3qecu9
2026-08-10T11:18:51.715+08:00 [ws] ⇄ res ✓ config.get 1251ms conn=15712c79…2729 id=r43-mh1dq8
2026-08-10T11:18:51.724+08:00 [ws] ⇄ res ✓ config.get 1261ms conn=15712c79…2729 id=r44-0ucf95
2026-08-10T11:18:51.734+08:00 [ws] ⇄ res ✓ config.get 1270ms conn=15712c79…2729 id=r45-3lvfvy
2026-08-10T11:18:51.743+08:00 [ws] ⇄ res ✓ config.get 1280ms conn=15712c79…2729 id=r46-kjvfsd
2026-08-10T11:18:51.753+08:00 [ws] ⇄ res ✓ config.get 1289ms conn=15712c79…2729 id=r47-7kp38z
2026-08-10T11:18:51.762+08:00 [ws] ⇄ res ✓ config.get 1299ms conn=15712c79…2729 id=r48-3qx6gu
2026-08-10T11:18:51.771+08:00 [ws] ⇄ res ✓ config.get 485ms conn=15712c79…2729 id=r49-q27fg0
2026-08-10T11:18:51.780+08:00 [ws] ⇄ res ✓ config.get 493ms conn=15712c79…2729 id=r50-uzh4u8
2026-08-10T11:18:51.789+08:00 [ws] ⇄ res ✓ config.get 502ms conn=15712c79…2729 id=r53-1gt99l
2026-08-10T11:18:51.792+08:00 [gateway] control-plane write rate-limited method=config.patch actor=openclaw-control-ui device=unknown-device ip=unknown-ip conn=15712c79-97a1-4643-94b1-8a351b5b2729 retryAfterMs=12469 key=unknown-device|unknown-ip|conn=15712c79-97a1-4643-94b1-8a351b5b2729
2026-08-10T11:18:51.795+08:00 [ws] ⇄ res ✗ config.patch 2ms errorCode=UNAVAILABLE errorMessage=rate limit exceeded for config.patch; retry after 13s conn=15712c79…2729 id=r57-0frjm7
2026-08-10T11:18:51.797+08:00 [gateway] control-plane write rate-limited method=config.patch actor=openclaw-control-ui device=unknown-device ip=unknown-ip conn=15712c79-97a1-4643-94b1-8a351b5b2729 retryAfterMs=12464 key=unknown-device|unknown-ip|conn=15712c79-97a1-4643-94b1-8a351b5b2729
2026-08-10T11:18:51.799+08:00 [ws] ⇄ res ✗ config.patch 7ms errorCode=UNAVAILABLE errorMessage=rate limit exceeded for config.patch; retry after 13s conn=15712c79…2729 id=r58-8m18ls
2026-08-10T11:18:51.802+08:00 [gateway] control-plane write rate-limited method=config.patch actor=openclaw-control-ui device=unknown-device ip=unknown-ip conn=15712c79-97a1-4643-94b1-8a351b5b2729 retryAfterMs=12459 key=unknown-device|unknown-ip|conn=15712c79-97a1-4643-94b1-8a351b5b2729
2026-08-10T11:18:51.804+08:00 [ws] ⇄ res ✗ config.patch 12ms errorCode=UNAVAILABLE errorMessage=rate limit exceeded for config.patch; retry after 13s conn=15712c79…2729 id=r59-debjzp
2026-08-10T11:18:51.806+08:00 [gateway] control-plane write rate-limited method=config.patch actor=openclaw-control-ui device=unknown-device ip=unknown-ip conn=15712c79-97a1-4643-94b1-8a351b5b2729 retryAfterMs=12455 key=unknown-device|unknown-ip|conn=15712c79-97a1-4643-94b1-8a351b5b2729
2026-08-10T11:18:51.809+08:00 [ws] ⇄ res ✗ config.patch 16ms errorCode=UNAVAILABLE errorMessage=rate limit exceeded for config.patch; retry after 13s conn=15712c79…2729 id=r60-a800rj
2026-08-10T11:18:51.811+08:00 [gateway] control-plane write rate-limited method=config.patch actor=openclaw-control-ui device=unknown-device ip=unknown-ip conn=15712c79-97a1-4643-94b1-8a351b5b2729 retryAfterMs=12450 key=unknown-device|unknown-ip|conn=15712c79-97a1-4643-94b1-8a351b5b2729
2026-08-10T11:18:51.813+08:00 [ws] ⇄ res ✗ config.patch 21ms errorCode=UNAVAILABLE errorMessage=rate limit exceeded for config.patch; retry after 13s conn=15712c79…2729 id=r61-zs8dvy
2026-08-10T11:18:52.335+08:00 [gateway] config.patch write actor=openclaw-control-ui device=unknown-device ip=unknown-ip conn=15712c79-97a1-4643-94b1-8a351b5b2729 changedPaths=agents.defaults.model restartReason=config.patch
2026-08-10T11:18:52.348+08:00 [ws] ⇄ res ✓ chat.history 645ms conn=15712c79…2729 id=r55-iaofn1
2026-08-10T11:18:52.955+08:00 [ws] ⇄ res ✓ config.patch 1163ms conn=15712c79…2729 id=r56-azo21n
2026-08-10T11:18:53.101+08:00 [ws] ⇄ res ✓ config.get 143ms conn=15712c79…2729 id=r62-hhw5am
2026-08-10T11:18:53.257+08:00 [reload] config change detected; evaluating reload (agents.defaults.model, meta.lastTouchedAt)
2026-08-10T11:18:53.282+08:00 [reload] config hot reload applied (agents.defaults.model)
2026-08-10T11:18:56.115+08:00 [ws] ⇄ res ✓ config.get 148ms conn=15712c79…2729 id=r63-bdi6wc
2026-08-10T11:18:58.113+08:00 [diagnostic] lane task error: lane=main durationMs=321 error="ProviderAuthError: No API key found for provider "deepseek". Auth store: D:\project\LXUP\runtime\openclaw-home\agents\main\agent\openclaw-agent.sqlite (agentDir: D:\project\LXUP\runtime\openclaw-home\agents\main\agent). Configure auth for this agent (openclaw agents add <id>) or copy only portable static auth profiles from the main agentDir."
2026-08-10T11:18:58.115+08:00 [diagnostic] lane task error: lane=session:agent:main:main durationMs=324 error="ProviderAuthError: No API key found for provider "deepseek". Auth store: D:\project\LXUP\runtime\openclaw-home\agents\main\agent\openclaw-agent.sqlite (agentDir: D:\project\LXUP\runtime\openclaw-home\agents\main\agent). Configure auth for this agent (openclaw agents add <id>) or copy only portable static auth profiles from the main agentDir."
2026-08-10T11:18:58.123+08:00 [model-fallback/decision] model fallback decision: decision=candidate_failed requested=deepseek/deepseek-v4-pro candidate=deepseek/deepseek-v4-pro reason=auth next=none detail=No API key found for provider "deepseek". Auth store: D:\project\LXUP\runtime\openclaw-home\agents\main\agent\openclaw-agent.sqlite (agentDir: D:\project\LXUP\runtime\openclaw-home\agents\main\agent). Configure auth for this agent (openclaw agents add <id>) or copy only portable static auth profiles from the main agentDir.
2026-08-10T11:18:58.124+08:00 Embedded agent failed before reply: No API key found for provider "deepseek". Auth store: D:\project\LXUP\runtime\openclaw-home\agents\main\agent\openclaw-agent.sqlite (agentDir: D:\project\LXUP\runtime\openclaw-home\agents\main\agent). Configure auth for this agent (openclaw agents add <id>) or copy only portable static auth profiles from the main agentDir. | missing-provider-auth
2026-08-10T11:18:59.682+08:00 [ws] ⇄ res ✓ config.get 145ms conn=15712c79…2729 id=r65-9l0tl3
2026-08-10T11:19:41.542+08:00 [ws] ⇄ res ✓ config.get 150ms conn=15712c79…2729 id=r66-jhk1jg
2026-08-10T11:19:42.065+08:00 [gateway] config.patch write actor=openclaw-control-ui device=unknown-device ip=unknown-ip conn=15712c79-97a1-4643-94b1-8a351b5b2729 changedPaths=models.providers.deepseek_2.apiKey restartReason=config.patch
2026-08-10T11:19:42.400+08:00 [reload] config change detected; evaluating reload (models.providers.deepseek_2.apiKey, meta.lastTouchedAt)
2026-08-10T11:19:42.876+08:00 [reload] config hot reload applied (models.providers.deepseek_2.apiKey)
2026-08-10T11:19:43.027+08:00 [ws] ⇄ res ✓ config.patch 1483ms conn=15712c79…2729 id=r67-235neb
2026-08-10T11:19:43.180+08:00 [ws] ⇄ res ✓ config.get 149ms conn=15712c79…2729 id=r68-ahc7p6
2026-08-10T11:19:50.263+08:00 [ws] ⇄ res ✓ sessions.list 407ms conn=15712c79…2729 id=r72-ycrr6z
2026-08-10T11:19:50.276+08:00 [ws] ⇄ res ✓ config.get 421ms conn=15712c79…2729 id=r69-1z67lv
2026-08-10T11:19:50.285+08:00 [ws] ⇄ res ✓ config.get 429ms conn=15712c79…2729 id=r73-07cfum
2026-08-10T11:19:50.294+08:00 [ws] ⇄ res ✓ config.get 439ms conn=15712c79…2729 id=r70-6l8crr
2026-08-10T11:19:50.704+08:00 [ws] ⇄ res ✓ chat.history 437ms conn=15712c79…2729 id=r75-regwfb
2026-08-10T11:19:52.050+08:00 [ws] ⇄ res ✓ config.get 144ms conn=15712c79…2729 id=r76-7xj79q
2026-08-10T11:19:53.271+08:00 [diagnostic] lane task error: lane=main durationMs=307 error="ProviderAuthError: No API key found for provider "deepseek". Auth store: D:\project\LXUP\runtime\openclaw-home\agents\main\agent\openclaw-agent.sqlite (agentDir: D:\project\LXUP\runtime\openclaw-home\agents\main\agent). Configure auth for this agent (openclaw agents add <id>) or copy only portable static auth profiles from the main agentDir."
2026-08-10T11:19:53.273+08:00 [diagnostic] lane task error: lane=session:agent:main:main durationMs=309 error="ProviderAuthError: No API key found for provider "deepseek". Auth store: D:\project\LXUP\runtime\openclaw-home\agents\main\agent\openclaw-agent.sqlite (agentDir: D:\project\LXUP\runtime\openclaw-home\agents\main\agent). Configure auth for this agent (openclaw agents add <id>) or copy only portable static auth profiles from the main agentDir."
2026-08-10T11:19:53.281+08:00 [model-fallback/decision] model fallback decision: decision=candidate_failed requested=deepseek/deepseek-v4-pro candidate=deepseek/deepseek-v4-pro reason=auth next=none detail=No API key found for provider "deepseek". Auth store: D:\project\LXUP\runtime\openclaw-home\agents\main\agent\openclaw-agent.sqlite (agentDir: D:\project\LXUP\runtime\openclaw-home\agents\main\agent). Configure auth for this agent (openclaw agents add <id>) or copy only portable static auth profiles from the main agentDir.
2026-08-10T11:19:53.283+08:00 Embedded agent failed before reply: No API key found for provider "deepseek". Auth store: D:\project\LXUP\runtime\openclaw-home\agents\main\agent\openclaw-agent.sqlite (agentDir: D:\project\LXUP\runtime\openclaw-home\agents\main\agent). Configure auth for this agent (openclaw agents add <id>) or copy only portable static auth profiles from the main agentDir. | missing-provider-auth
2026-08-10T11:19:57.046+08:00 [ws] ⇄ res ✓ config.get 146ms conn=15712c79…2729 id=r78-uopolv
2026-08-10T11:20:02.349+08:00 [ws] ⇄ res ✓ config.get 146ms conn=15712c79…2729 id=r79-wh5sl0
2026-08-10T11:20:07.347+08:00 [ws] ⇄ res ✓ config.get 142ms conn=15712c79…2729 id=r80-ww3thq
2026-08-10T11:20:12.344+08:00 [ws] ⇄ res ✓ config.get 140ms conn=15712c79…2729 id=r81-yauzuu
2026-08-10T11:20:17.332+08:00 [ws] ⇄ res ✓ config.get 143ms conn=15712c79…2729 id=r82-snceds
2026-08-10T11:20:22.337+08:00 [ws] ⇄ res ✓ config.get 145ms conn=15712c79…2729 id=r83-pw7awu
2026-08-10T11:20:27.339+08:00 [ws] ⇄ res ✓ config.get 143ms conn=15712c79…2729 id=r84-40faqt
2026-08-10T11:20:32.345+08:00 [ws] ⇄ res ✓ config.get 146ms conn=15712c79…2729 id=r85-z39mx3
2026-08-10T11:20:37.343+08:00 [ws] ⇄ res ✓ config.get 142ms conn=15712c79…2729 id=r86-o0s4qz
2026-08-10T11:20:42.334+08:00 [ws] ⇄ res ✓ config.get 143ms conn=15712c79…2729 id=r87-ipft27
2026-08-10T11:20:47.337+08:00 [ws] ⇄ res ✓ config.get 146ms conn=15712c79…2729 id=r88-ijs9tx
2026-08-10T11:20:52.338+08:00 [ws] ⇄ res ✓ config.get 143ms conn=15712c79…2729 id=r89-m53dx2
2026-08-10T11:20:57.344+08:00 [ws] ⇄ res ✓ config.get 144ms conn=15712c79…2729 id=r90-kedkdq
2026-08-10T11:21:46.354+08:00 [ws] ⇄ res ✓ config.get 157ms conn=15712c79…2729 id=r91-efjhwb
2026-08-10T11:22:46.345+08:00 [ws] ⇄ res ✓ config.get 154ms conn=15712c79…2729 id=r92-g9sir2
2026-08-10T11:23:46.355+08:00 [ws] ⇄ res ✓ config.get 158ms conn=15712c79…2729 id=r93-byo8qu
2026-08-10T11:24:46.350+08:00 [ws] ⇄ res ✓ config.get 156ms conn=15712c79…2729 id=r94-a9gv27
2026-08-10T11:25:46.354+08:00 [ws] ⇄ res ✓ config.get 153ms conn=15712c79…2729 id=r95-z8a25j
2026-08-10T11:26:46.353+08:00 [ws] ⇄ res ✓ config.get 153ms conn=15712c79…2729 id=r96-on0nu0
2026-08-10T11:27:46.342+08:00 [ws] ⇄ res ✓ config.get 149ms conn=15712c79…2729 id=r97-2q98hh
2026-08-10T11:28:46.346+08:00 [ws] ⇄ res ✓ config.get 149ms conn=15712c79…2729 id=r98-3fu3oc
2026-08-10T11:29:46.360+08:00 [ws] ⇄ res ✓ config.get 163ms conn=15712c79…2729 id=r99-gt7xdc
2026-08-10T11:30:46.349+08:00 [ws] ⇄ res ✓ config.get 151ms conn=15712c79…2729 id=r100-2i2j3z
2026-08-10T11:30:47.526+08:00 [ws] webchat disconnected code=1001 reason=n/a conn=15712c79-97a1-4643-94b1-8a351b5b2729
2026-08-10T11:30:47.932+08:00 [ws] webchat connected conn=e99a8a9c-b105-4366-9062-f944bbda09cd remote=127.0.0.1 client=openclaw-control-ui webchat v1.0.0
2026-08-10T11:30:48.148+08:00 [ws] ⇄ res ✓ sessions.list 141ms conn=e99a8a9c…09cd id=r4-sl1k7g
2026-08-10T11:30:48.161+08:00 [ws] ⇄ res ✓ config.get 154ms conn=e99a8a9c…09cd id=r2-ku101k
2026-08-10T11:30:53.347+08:00 [ws] ⇄ res ✓ config.get 148ms conn=e99a8a9c…09cd id=r6-w1wq8q
2026-08-10T11:30:58.345+08:00 [ws] ⇄ res ✓ config.get 150ms conn=e99a8a9c…09cd id=r7-gx5r7o
2026-08-10T11:30:59.214+08:00 [ws] webchat disconnected code=1001 reason=n/a conn=e99a8a9c-b105-4366-9062-f944bbda09cd
2026-08-10T11:30:59.587+08:00 [ws] webchat connected conn=b0d8a967-c96d-43ef-b0d6-09cf96b416fc remote=127.0.0.1 client=openclaw-control-ui webchat v1.0.0
2026-08-10T11:30:59.807+08:00 [ws] ⇄ res ✓ sessions.list 146ms conn=b0d8a967…16fc id=r4-hzm07q
2026-08-10T11:30:59.821+08:00 [ws] ⇄ res ✓ config.get 160ms conn=b0d8a967…16fc id=r2-vub4lc
2026-08-10T11:31:05.336+08:00 [ws] ⇄ res ✓ config.get 148ms conn=b0d8a967…16fc id=r6-pkqqip
2026-08-10T11:31:10.340+08:00 [ws] ⇄ res ✓ config.get 150ms conn=b0d8a967…16fc id=r7-5y6dpu
2026-08-10T11:31:15.344+08:00 [ws] ⇄ res ✓ config.get 151ms conn=b0d8a967…16fc id=r8-qg7hkg
2026-08-10T11:31:20.338+08:00 [ws] ⇄ res ✓ config.get 145ms conn=b0d8a967…16fc id=r9-slikxm
2026-08-10T11:31:25.347+08:00 [ws] ⇄ res ✓ config.get 149ms conn=b0d8a967…16fc id=r10-jbcm7n
2026-08-10T11:31:30.341+08:00 [ws] ⇄ res ✓ config.get 146ms conn=b0d8a967…16fc id=r11-joxrks
2026-08-10T11:31:35.348+08:00 [ws] ⇄ res ✓ config.get 150ms conn=b0d8a967…16fc id=r12-zisdps
2026-08-10T11:31:40.350+08:00 [ws] ⇄ res ✓ config.get 147ms conn=b0d8a967…16fc id=r13-w1pnau
2026-08-10T11:31:45.347+08:00 [ws] ⇄ res ✓ config.get 147ms conn=b0d8a967…16fc id=r14-a2h2hk
2026-08-10T11:31:50.352+08:00 [ws] ⇄ res ✓ config.get 149ms conn=b0d8a967…16fc id=r15-0owcew
2026-08-10T11:31:55.337+08:00 [ws] ⇄ res ✓ config.get 147ms conn=b0d8a967…16fc id=r16-hjlv0v
2026-08-10T11:32:23.598+08:00 [ws] ⇄ res ✓ config.get 161ms conn=b0d8a967…16fc id=r17-chv75b
2026-08-10T11:32:24.423+08:00 [ws] ⇄ res ✓ config.get 147ms conn=b0d8a967…16fc id=r18-wvybqz
2026-08-10T11:32:29.430+08:00 [ws] ⇄ res ✓ config.get 150ms conn=b0d8a967…16fc id=r19-dqb5kt
|
o  Config warnings -----------------------------------------------------------------------------------------------------+
|                                                                                                                       |
|  - plugins.entries.deepseek: plugin deepseek: duplicate plugin id                                                     |
|    resolved by explicit config-selected plugin; global plugin will be                                                 |
|    overridden by config plugin                                                                                        |
|    (D:\project\LXUP\runtime\openclaw-home\plugins\deepseek\node_modules\@openclaw\deepseek-provider\dist\index.js)    |
|  - plugins.entries.openclaw-weixin: plugin openclaw-weixin: duplicate                                                 |
|    plugin id resolved by explicit config-selected plugin; global plugin                                               |
|    will be overridden by config plugin                                                                                |
|    (D:\project\LXUP\runtime\openclaw-home\plugins\weixin\node_modules\@tencent-weixin\openclaw-weixin\dist\index.js)  |
|  - plugins.entries.qqbot: plugin qqbot: duplicate plugin id resolved by                                               |
|    explicit config-selected plugin; global plugin will be overridden by                                               |
|    config plugin                                                                                                      |
|    (D:\project\LXUP\runtime\openclaw-home\plugins\qqbot\node_modules\@openclaw\qqbot\dist\index.js)                   |
|  - plugins.entries.wecom-openclaw-plugin: plugin wecom-openclaw-plugin:                                               |
|    duplicate plugin id resolved by explicit config-selected plugin;                                                   |
|    global plugin will be overridden by config plugin                                                                  |
|    (D:\project\LXUP\runtime\openclaw-home\plugins\wecom\node_modules\@wecom\wecom-openclaw-plugin\dist\index.js)      |
|                                                                                                                       |
+-----------------------------------------------------------------------------------------------------------------------+
2026-08-10T11:32:48.264+08:00 [gateway] loading configuration…
2026-08-10T11:32:48.429+08:00 [gateway] force: no listeners on port 18789
2026-08-10T11:32:48.434+08:00 [gateway] resolving authentication…
2026-08-10T11:32:48.445+08:00 [gateway] starting...
2026-08-10T11:32:49.418+08:00 [gateway] starting HTTP server...
2026-08-10T11:32:49.421+08:00 [gateway] ⚠️  Gateway is binding to a non-loopback address. Ensure authentication is configured before exposing to public networks.
2026-08-10T11:32:49.695+08:00 [health-monitor] started (interval: 300s, startup-grace: 60s, channel-connect-grace: 120s)
2026-08-10T11:32:51.224+08:00 [gateway] [plugins] duplicate plugin id resolved by explicit config-selected plugin; global plugin will be overridden by config plugin (D:\project\LXUP\runtime\openclaw-home\plugins\deepseek\node_modules\@openclaw\deepseek-provider\dist\index.js) (plugin=deepseek, source=D:\project\LXUP\runtime\openclaw-home\npm\projects\openclaw-deepseek-provider-2481ed984b\node_modules\@openclaw\deepseek-provider\dist\index.js)
2026-08-10T11:32:51.226+08:00 [gateway] [plugins] duplicate plugin id resolved by explicit config-selected plugin; global plugin will be overridden by config plugin (D:\project\LXUP\runtime\openclaw-home\plugins\weixin\node_modules\@tencent-weixin\openclaw-weixin\dist\index.js) (plugin=openclaw-weixin, source=D:\project\LXUP\runtime\openclaw-home\npm\projects\tencent-weixin-openclaw-weixin-7783ac86ba\node_modules\@tencent-weixin\openclaw-weixin\dist\index.js)
2026-08-10T11:32:51.229+08:00 [gateway] [plugins] duplicate plugin id resolved by explicit config-selected plugin; global plugin will be overridden by config plugin (D:\project\LXUP\runtime\openclaw-home\plugins\qqbot\node_modules\@openclaw\qqbot\dist\index.js) (plugin=qqbot, source=D:\project\LXUP\runtime\openclaw-home\npm\projects\openclaw-qqbot-d3553f72f8\node_modules\@openclaw\qqbot\dist\index.js)
2026-08-10T11:32:51.231+08:00 [gateway] [plugins] duplicate plugin id resolved by explicit config-selected plugin; global plugin will be overridden by config plugin (D:\project\LXUP\runtime\openclaw-home\plugins\wecom\node_modules\@wecom\wecom-openclaw-plugin\dist\index.js) (plugin=wecom-openclaw-plugin, source=D:\project\LXUP\runtime\openclaw-home\npm\projects\wecom-wecom-openclaw-plugin-18f843d908\node_modules\@wecom\wecom-openclaw-plugin\dist\index.js)
2026-08-10T11:32:51.244+08:00 [gateway] agent model: deepseek/deepseek-v4-pro (thinking=medium, fast=off)
2026-08-10T11:32:51.246+08:00 [gateway] http server listening (11 plugins: browser, canvas, device-pair, file-transfer, memory-core, ollama, openclaw-weixin, phone-control, qqbot, talk-voice, wecom-openclaw-plugin; 2.5s)
2026-08-10T11:32:51.248+08:00 [gateway] log file: C:\Users\Administrator\AppData\Local\Temp\openclaw\openclaw-2026-08-10.log
2026-08-10T11:32:51.460+08:00 [gateway] security warning: dangerous config flags enabled: gateway.controlUi.dangerouslyDisableDeviceAuth=true. Run `openclaw security audit`.
2026-08-10T11:32:51.463+08:00 [gateway] starting channels and sidecars...
2026-08-10T11:32:51.762+08:00 [gateway] ready
2026-08-10T11:32:51.779+08:00 [heartbeat] started
2026-08-10T11:32:53.965+08:00 [ws] webchat connected conn=3dfa303e-5d18-458d-a9bc-9527ea5c886e remote=127.0.0.1 client=openclaw-control-ui webchat v1.0.0
2026-08-10T11:32:54.506+08:00 [ws] ⇄ res ✓ config.get 464ms conn=3dfa303e…886e id=r21-9xorkz
2026-08-10T11:32:54.661+08:00 [ws] ⇄ res ✓ config.get 145ms conn=3dfa303e…886e id=r23-2cps2b
2026-08-10T11:32:54.667+08:00 [ws] ⇄ res ✓ agents.list 625ms conn=3dfa303e…886e id=r22-mwj0fx
2026-08-10T11:32:55.551+08:00 [ws] webchat disconnected code=1001 reason=n/a conn=3dfa303e-5d18-458d-a9bc-9527ea5c886e
2026-08-10T11:32:56.092+08:00 [ws] webchat connected conn=f0b78986-ed0f-4196-b928-6b6265b2535e remote=127.0.0.1 client=openclaw-control-ui webchat v1.0.0
2026-08-10T11:32:56.276+08:00 [ws] ⇄ res ✓ agents.list 111ms conn=f0b78986…535e id=r3-n6dy9k
2026-08-10T11:32:56.443+08:00 [ws] ⇄ res ✓ sessions.list 278ms conn=f0b78986…535e id=r4-x73wc0
2026-08-10T11:32:56.463+08:00 [ws] ⇄ res ✓ config.get 299ms conn=f0b78986…535e id=r2-awk52t
2026-08-10T11:32:56.932+08:00 [ws] webchat connected conn=451671e0-ad1e-4cde-8104-31a789a3616b remote=127.0.0.1 client=openclaw-control-ui webchat v1.0.0
2026-08-10T11:32:58.880+08:00 [ws] ⇄ res ✓ sessions.list 277ms conn=451671e0…616b id=r5-nvkl3m
2026-08-10T11:32:58.894+08:00 [ws] ⇄ res ✓ config.get 436ms conn=451671e0…616b id=r2-ucrr44
2026-08-10T11:32:58.914+08:00 [ws] ⇄ res ✓ config.get 313ms conn=451671e0…616b id=r3-l8g9ld
2026-08-10T11:32:58.924+08:00 [ws] ⇄ res ✓ config.get 322ms conn=451671e0…616b id=r6-ptwx3a
2026-08-10T11:33:01.356+08:00 [ws] ⇄ res ✓ config.get 160ms conn=f0b78986…535e id=r6-39s8n9
2026-08-10T11:33:02.136+08:00 [gateway] agent runtime plugins pre-warmed in 368ms
2026-08-10T11:33:03.616+08:00 [ws] ⇄ res ✓ config.get 152ms conn=451671e0…616b id=r9-fvb257
2026-08-10T11:33:06.357+08:00 [ws] ⇄ res ✓ config.get 154ms conn=f0b78986…535e id=r7-vitywd
2026-08-10T11:33:08.621+08:00 [ws] ⇄ res ✓ config.get 157ms conn=451671e0…616b id=r10-ineryy
2026-08-10T11:33:11.351+08:00 [ws] ⇄ res ✓ config.get 149ms conn=f0b78986…535e id=r8-5dvfx8
2026-08-10T11:33:13.617+08:00 [ws] ⇄ res ✓ config.get 151ms conn=451671e0…616b id=r11-u3dl81
2026-08-10T11:33:16.350+08:00 [ws] ⇄ res ✓ config.get 146ms conn=f0b78986…535e id=r9-sow2jn
2026-08-10T11:33:18.615+08:00 [ws] ⇄ res ✓ config.get 148ms conn=451671e0…616b id=r12-2s5lai
2026-08-10T11:33:21.343+08:00 [ws] ⇄ res ✓ config.get 150ms conn=f0b78986…535e id=r10-cef386
2026-08-10T11:33:23.622+08:00 [ws] ⇄ res ✓ config.get 149ms conn=451671e0…616b id=r13-62uirl
2026-08-10T11:33:26.347+08:00 [ws] ⇄ res ✓ config.get 151ms conn=f0b78986…535e id=r11-vd2m22
2026-08-10T11:33:28.619+08:00 [ws] ⇄ res ✓ config.get 147ms conn=451671e0…616b id=r14-ki79xr
2026-08-10T11:33:31.345+08:00 [ws] ⇄ res ✓ config.get 147ms conn=f0b78986…535e id=r12-3lf2ph
2026-08-10T11:33:33.610+08:00 [ws] ⇄ res ✓ config.get 149ms conn=451671e0…616b id=r15-s9fo2f
2026-08-10T11:33:36.347+08:00 [ws] ⇄ res ✓ config.get 146ms conn=f0b78986…535e id=r13-rzesjs
2026-08-10T11:33:38.611+08:00 [ws] ⇄ res ✓ config.get 147ms conn=451671e0…616b id=r16-nekp76
2026-08-10T11:33:41.340+08:00 [ws] ⇄ res ✓ config.get 147ms conn=f0b78986…535e id=r14-2q9yv3
2026-08-10T11:33:43.618+08:00 [ws] ⇄ res ✓ config.get 145ms conn=451671e0…616b id=r17-3mnd97
2026-08-10T11:33:46.346+08:00 [ws] ⇄ res ✓ config.get 146ms conn=f0b78986…535e id=r15-8enkdc
2026-08-10T11:33:48.608+08:00 [ws] ⇄ res ✓ config.get 146ms conn=451671e0…616b id=r18-b0v03c
2026-08-10T11:33:51.347+08:00 [ws] ⇄ res ✓ config.get 146ms conn=f0b78986…535e id=r16-2sdt5o
2026-08-10T11:33:53.612+08:00 [ws] ⇄ res ✓ config.get 148ms conn=451671e0…616b id=r19-ryqi83
2026-08-10T11:33:56.362+08:00 [ws] ⇄ res ✓ config.get 172ms conn=f0b78986…535e id=r17-p7k8du
2026-08-10T11:33:58.613+08:00 [ws] ⇄ res ✓ config.get 145ms conn=451671e0…616b id=r20-n2iddh
2026-08-10T11:34:03.617+08:00 [ws] ⇄ res ✓ config.get 145ms conn=451671e0…616b id=r21-m461h6
2026-08-10T11:34:08.612+08:00 [ws] ⇄ res ✓ config.get 144ms conn=451671e0…616b id=r22-05g5ta
2026-08-10T11:34:13.615+08:00 [ws] ⇄ res ✓ config.get 147ms conn=451671e0…616b id=r23-wgy52i
2026-08-10T11:34:18.613+08:00 [ws] ⇄ res ✓ config.get 146ms conn=451671e0…616b id=r24-n6qzqo
2026-08-10T11:34:23.611+08:00 [ws] ⇄ res ✓ config.get 143ms conn=451671e0…616b id=r25-p6mibb
2026-08-10T11:34:28.608+08:00 [ws] ⇄ res ✓ config.get 144ms conn=451671e0…616b id=r26-uxng29
2026-08-10T11:34:33.612+08:00 [ws] ⇄ res ✓ config.get 148ms conn=451671e0…616b id=r27-98su39
2026-08-10T11:34:38.608+08:00 [ws] ⇄ res ✓ config.get 145ms conn=451671e0…616b id=r28-czo19g
2026-08-10T11:34:43.608+08:00 [ws] ⇄ res ✓ config.get 146ms conn=451671e0…616b id=r29-ycs1js
2026-08-10T11:34:46.346+08:00 [ws] ⇄ res ✓ config.get 145ms conn=f0b78986…535e id=r18-yxwvds
2026-08-10T11:34:48.612+08:00 [ws] ⇄ res ✓ config.get 149ms conn=451671e0…616b id=r30-w4a2zy
2026-08-10T11:34:53.610+08:00 [ws] ⇄ res ✓ config.get 148ms conn=451671e0…616b id=r31-3osyi3
2026-08-10T11:34:58.607+08:00 [ws] ⇄ res ✓ config.get 146ms conn=451671e0…616b id=r32-jvzvjj
2026-08-10T11:35:03.606+08:00 [ws] ⇄ res ✓ config.get 145ms conn=451671e0…616b id=r33-ehdyfc
2026-08-10T11:35:08.610+08:00 [ws] ⇄ res ✓ config.get 146ms conn=451671e0…616b id=r34-lhhhod
2026-08-10T11:35:13.616+08:00 [ws] ⇄ res ✓ config.get 146ms conn=451671e0…616b id=r35-pgg3zt
2026-08-10T11:35:18.613+08:00 [ws] ⇄ res ✓ config.get 142ms conn=451671e0…616b id=r36-d42qv7
2026-08-10T11:35:23.622+08:00 [ws] ⇄ res ✓ config.get 149ms conn=451671e0…616b id=r37-0n5700
2026-08-10T11:35:28.615+08:00 [ws] ⇄ res ✓ config.get 143ms conn=451671e0…616b id=r38-kf4ebt
2026-08-10T11:35:33.617+08:00 [ws] ⇄ res ✓ config.get 147ms conn=451671e0…616b id=r39-u0npbq
2026-08-10T11:35:38.616+08:00 [ws] ⇄ res ✓ config.get 143ms conn=451671e0…616b id=r40-5q7k7b
2026-08-10T11:35:43.606+08:00 [ws] ⇄ res ✓ config.get 143ms conn=451671e0…616b id=r41-s1gnrd
2026-08-10T11:35:46.333+08:00 [ws] ⇄ res ✓ config.get 145ms conn=f0b78986…535e id=r19-e7rmkr
2026-08-10T11:35:48.617+08:00 [ws] ⇄ res ✓ config.get 148ms conn=451671e0…616b id=r42-s3e02o
2026-08-10T11:35:53.613+08:00 [ws] ⇄ res ✓ config.get 144ms conn=451671e0…616b id=r43-04qlsz
2026-08-10T11:35:58.604+08:00 [ws] ⇄ res ✓ config.get 145ms conn=451671e0…616b id=r44-qb6ehm
2026-08-10T11:36:03.608+08:00 [ws] ⇄ res ✓ config.get 145ms conn=451671e0…616b id=r45-ebklzw
2026-08-10T11:36:08.611+08:00 [ws] ⇄ res ✓ config.get 146ms conn=451671e0…616b id=r46-j8uy60
2026-08-10T11:36:13.616+08:00 [ws] ⇄ res ✓ config.get 146ms conn=451671e0…616b id=r47-8lnh9d
2026-08-10T11:36:18.603+08:00 [ws] ⇄ res ✓ config.get 144ms conn=451671e0…616b id=r48-qes7hq
2026-08-10T11:36:23.609+08:00 [ws] ⇄ res ✓ config.get 145ms conn=451671e0…616b id=r49-ssbigj
2026-08-10T11:36:28.611+08:00 [ws] ⇄ res ✓ config.get 144ms conn=451671e0…616b id=r50-wn0hmj
2026-08-10T11:36:33.618+08:00 [ws] ⇄ res ✓ config.get 145ms conn=451671e0…616b id=r51-ecftft
2026-08-10T11:36:38.611+08:00 [ws] ⇄ res ✓ config.get 141ms conn=451671e0…616b id=r52-v4l2m4
2026-08-10T11:36:43.607+08:00 [ws] ⇄ res ✓ config.get 145ms conn=451671e0…616b id=r53-8uth0r
2026-08-10T11:36:46.347+08:00 [ws] ⇄ res ✓ config.get 144ms conn=f0b78986…535e id=r20-to02c8
2026-08-10T11:36:48.610+08:00 [ws] ⇄ res ✓ config.get 144ms conn=451671e0…616b id=r54-rwm22l
2026-08-10T11:36:53.615+08:00 [ws] ⇄ res ✓ config.get 148ms conn=451671e0…616b id=r55-i800yp
2026-08-10T11:36:58.620+08:00 [ws] ⇄ res ✓ config.get 147ms conn=451671e0…616b id=r56-pxo3s4
2026-08-10T11:37:03.607+08:00 [ws] ⇄ res ✓ config.get 143ms conn=451671e0…616b id=r57-fgon40
2026-08-10T11:37:08.611+08:00 [ws] ⇄ res ✓ config.get 144ms conn=451671e0…616b id=r58-rprmif
2026-08-10T11:37:13.616+08:00 [ws] ⇄ res ✓ config.get 145ms conn=451671e0…616b id=r59-alzmzf
2026-08-10T11:37:18.609+08:00 [ws] ⇄ res ✓ config.get 139ms conn=451671e0…616b id=r60-renrtl
2026-08-10T11:37:23.640+08:00 [ws] ⇄ res ✓ config.get 169ms conn=451671e0…616b id=r61-k028mc
2026-08-10T11:37:28.602+08:00 [ws] ⇄ res ✓ config.get 140ms conn=451671e0…616b id=r62-y1nlgq
2026-08-10T11:37:33.599+08:00 [ws] ⇄ res ✓ config.get 139ms conn=451671e0…616b id=r63-bljf01
2026-08-10T11:37:38.620+08:00 [ws] ⇄ res ✓ config.get 145ms conn=451671e0…616b id=r64-kzql5i
2026-08-10T11:37:43.618+08:00 [ws] ⇄ res ✓ config.get 144ms conn=451671e0…616b id=r65-23zxec
2026-08-10T11:37:46.344+08:00 [ws] ⇄ res ✓ config.get 145ms conn=f0b78986…535e id=r21-8kqp82
2026-08-10T11:37:48.602+08:00 [ws] ⇄ res ✓ config.get 143ms conn=451671e0…616b id=r66-bnhwo6
2026-08-10T11:37:53.606+08:00 [ws] ⇄ res ✓ config.get 145ms conn=451671e0…616b id=r67-uhm7fh
2026-08-10T11:37:58.609+08:00 [ws] ⇄ res ✓ config.get 144ms conn=451671e0…616b id=r68-6o82yi
2026-08-10T11:38:03.613+08:00 [ws] ⇄ res ✓ config.get 145ms conn=451671e0…616b id=r69-eg25hl
2026-08-10T11:38:08.616+08:00 [ws] ⇄ res ✓ config.get 143ms conn=451671e0…616b id=r70-bqm4yv
2026-08-10T11:38:13.605+08:00 [ws] ⇄ res ✓ config.get 143ms conn=451671e0…616b id=r71-dqz7uy
2026-08-10T11:38:18.633+08:00 [ws] ⇄ res ✓ config.get 168ms conn=451671e0…616b id=r72-6uqi5n
2026-08-10T11:38:23.612+08:00 [ws] ⇄ res ✓ config.get 145ms conn=451671e0…616b id=r73-938i2d
2026-08-10T11:38:28.615+08:00 [ws] ⇄ res ✓ config.get 151ms conn=451671e0…616b id=r74-32lo3k
2026-08-10T11:38:33.605+08:00 [ws] ⇄ res ✓ config.get 142ms conn=451671e0…616b id=r75-e23hwb
2026-08-10T11:38:38.621+08:00 [ws] ⇄ res ✓ config.get 156ms conn=451671e0…616b id=r76-6w0us6
2026-08-10T11:38:43.608+08:00 [ws] ⇄ res ✓ config.get 142ms conn=451671e0…616b id=r77-5jugbm
2026-08-10T11:38:46.337+08:00 [ws] ⇄ res ✓ config.get 147ms conn=f0b78986…535e id=r22-ue8iph
2026-08-10T11:38:48.608+08:00 [ws] ⇄ res ✓ config.get 141ms conn=451671e0…616b id=r78-5112u6
2026-08-10T11:38:53.615+08:00 [ws] ⇄ res ✓ config.get 146ms conn=451671e0…616b id=r79-z2qjgp
2026-08-10T11:38:58.599+08:00 [ws] ⇄ res ✓ config.get 140ms conn=451671e0…616b id=r80-or1sce
2026-08-10T11:39:03.604+08:00 [ws] ⇄ res ✓ config.get 141ms conn=451671e0…616b id=r81-5vbr2j
2026-08-10T11:39:08.610+08:00 [ws] ⇄ res ✓ config.get 145ms conn=451671e0…616b id=r82-46be1x
2026-08-10T11:39:13.600+08:00 [ws] ⇄ res ✓ config.get 141ms conn=451671e0…616b id=r83-smw6ah
2026-08-10T11:39:18.614+08:00 [ws] ⇄ res ✓ config.get 141ms conn=451671e0…616b id=r84-cynjz8
2026-08-10T11:39:23.611+08:00 [ws] ⇄ res ✓ config.get 137ms conn=451671e0…616b id=r85-q73ynh
2026-08-10T11:39:28.610+08:00 [ws] ⇄ res ✓ config.get 142ms conn=451671e0…616b id=r86-iqxsyx
2026-08-10T11:39:33.606+08:00 [ws] ⇄ res ✓ config.get 139ms conn=451671e0…616b id=r87-779v9p
2026-08-10T11:39:38.612+08:00 [ws] ⇄ res ✓ config.get 145ms conn=451671e0…616b id=r88-n7v06s
2026-08-10T11:39:43.615+08:00 [ws] ⇄ res ✓ config.get 145ms conn=451671e0…616b id=r89-lmty9v
2026-08-10T11:39:46.346+08:00 [ws] ⇄ res ✓ config.get 141ms conn=f0b78986…535e id=r23-em16o6
2026-08-10T11:39:48.611+08:00 [ws] ⇄ res ✓ config.get 144ms conn=451671e0…616b id=r90-rgbg13
2026-08-10T11:39:53.618+08:00 [ws] ⇄ res ✓ config.get 145ms conn=451671e0…616b id=r91-0n4gan
2026-08-10T11:39:58.610+08:00 [ws] ⇄ res ✓ config.get 141ms conn=451671e0…616b id=r92-e6t3bs
2026-08-10T11:40:03.616+08:00 [ws] ⇄ res ✓ config.get 144ms conn=451671e0…616b id=r93-wylx6y
2026-08-10T11:40:08.618+08:00 [ws] ⇄ res ✓ config.get 145ms conn=451671e0…616b id=r94-yx504h
2026-08-10T11:40:13.615+08:00 [ws] ⇄ res ✓ config.get 143ms conn=451671e0…616b id=r95-irqdhp
2026-08-10T11:40:18.613+08:00 [ws] ⇄ res ✓ config.get 143ms conn=451671e0…616b id=r96-yuffzl
2026-08-10T11:40:23.604+08:00 [ws] ⇄ res ✓ config.get 142ms conn=451671e0…616b id=r97-qdy0ib
2026-08-10T11:40:28.605+08:00 [ws] ⇄ res ✓ config.get 141ms conn=451671e0…616b id=r98-iqf8lb
2026-08-10T11:40:33.611+08:00 [ws] ⇄ res ✓ config.get 144ms conn=451671e0…616b id=r99-1rit32
2026-08-10T11:40:38.614+08:00 [ws] ⇄ res ✓ config.get 142ms conn=451671e0…616b id=r100-ogtbhb
2026-08-10T11:40:43.616+08:00 [ws] ⇄ res ✓ config.get 144ms conn=451671e0…616b id=r101-cchytz
2026-08-10T11:40:46.343+08:00 [ws] ⇄ res ✓ config.get 142ms conn=f0b78986…535e id=r24-pv88z9
2026-08-10T11:40:48.610+08:00 [ws] ⇄ res ✓ config.get 143ms conn=451671e0…616b id=r102-r52s31
2026-08-10T11:40:53.615+08:00 [ws] ⇄ res ✓ config.get 146ms conn=451671e0…616b id=r103-x6s5y7
2026-08-10T11:40:58.610+08:00 [ws] ⇄ res ✓ config.get 142ms conn=451671e0…616b id=r104-z8s3z1
2026-08-10T11:41:03.611+08:00 [ws] ⇄ res ✓ config.get 143ms conn=451671e0…616b id=r105-icpyn7
2026-08-10T11:41:08.609+08:00 [ws] ⇄ res ✓ config.get 142ms conn=451671e0…616b id=r106-ky96ev
2026-08-10T11:41:13.616+08:00 [ws] ⇄ res ✓ config.get 143ms conn=451671e0…616b id=r107-auatpy
2026-08-10T11:41:18.619+08:00 [ws] ⇄ res ✓ config.get 145ms conn=451671e0…616b id=r108-7araqp
2026-08-10T11:41:23.604+08:00 [ws] ⇄ res ✓ config.get 143ms conn=451671e0…616b id=r109-pl3o3j
2026-08-10T11:41:28.608+08:00 [ws] ⇄ res ✓ config.get 143ms conn=451671e0…616b id=r110-kd1k2w
2026-08-10T11:41:33.605+08:00 [ws] ⇄ res ✓ config.get 142ms conn=451671e0…616b id=r111-cvfc01
2026-08-10T11:41:38.607+08:00 [ws] ⇄ res ✓ config.get 142ms conn=451671e0…616b id=r112-nm7szr
2026-08-10T11:41:43.606+08:00 [ws] ⇄ res ✓ config.get 141ms conn=451671e0…616b id=r113-b0l636
2026-08-10T11:41:46.337+08:00 [ws] ⇄ res ✓ config.get 143ms conn=f0b78986…535e id=r25-1ggsyj
2026-08-10T11:41:48.614+08:00 [ws] ⇄ res ✓ config.get 142ms conn=451671e0…616b id=r114-mhceae
2026-08-10T11:41:53.616+08:00 [ws] ⇄ res ✓ config.get 143ms conn=451671e0…616b id=r115-5c6l1d
2026-08-10T11:41:58.615+08:00 [ws] ⇄ res ✓ config.get 141ms conn=451671e0…616b id=r116-061nzb
2026-08-10T11:42:03.612+08:00 [ws] ⇄ res ✓ config.get 144ms conn=451671e0…616b id=r117-9gsyfn
2026-08-10T11:42:08.609+08:00 [ws] ⇄ res ✓ config.get 140ms conn=451671e0…616b id=r118-js03jb
2026-08-10T11:42:13.611+08:00 [ws] ⇄ res ✓ config.get 143ms conn=451671e0…616b id=r119-nea74v
2026-08-10T11:42:18.617+08:00 [ws] ⇄ res ✓ config.get 146ms conn=451671e0…616b id=r120-xuojlz
2026-08-10T11:42:23.615+08:00 [ws] ⇄ res ✓ config.get 143ms conn=451671e0…616b id=r121-gjw0ff
2026-08-10T11:42:28.609+08:00 [ws] ⇄ res ✓ config.get 140ms conn=451671e0…616b id=r122-f1d9ol
2026-08-10T11:42:33.613+08:00 [ws] ⇄ res ✓ config.get 142ms conn=451671e0…616b id=r123-yl3kgu
2026-08-10T11:42:38.642+08:00 [ws] ⇄ res ✓ config.get 170ms conn=451671e0…616b id=r124-sp2uj6
2026-08-10T11:42:43.613+08:00 [ws] ⇄ res ✓ config.get 140ms conn=451671e0…616b id=r125-y5vo4t
2026-08-10T11:42:46.336+08:00 [ws] ⇄ res ✓ config.get 144ms conn=f0b78986…535e id=r26-6xj43s
2026-08-10T11:42:48.613+08:00 [ws] ⇄ res ✓ config.get 141ms conn=451671e0…616b id=r126-wocyg3
2026-08-10T11:42:53.606+08:00 [ws] ⇄ res ✓ config.get 144ms conn=451671e0…616b id=r127-uyrsi4
2026-08-10T11:42:58.610+08:00 [ws] ⇄ res ✓ config.get 146ms conn=451671e0…616b id=r128-3bwbf9
2026-08-10T11:43:03.606+08:00 [ws] ⇄ res ✓ config.get 142ms conn=451671e0…616b id=r129-8upeh1
2026-08-10T11:43:08.612+08:00 [ws] ⇄ res ✓ config.get 143ms conn=451671e0…616b id=r130-tvivyq
2026-08-10T11:43:13.635+08:00 [ws] ⇄ res ✓ config.get 167ms conn=451671e0…616b id=r131-ir4hol
2026-08-10T11:43:18.608+08:00 [ws] ⇄ res ✓ config.get 141ms conn=451671e0…616b id=r132-dzljed
2026-08-10T11:43:23.612+08:00 [ws] ⇄ res ✓ config.get 145ms conn=451671e0…616b id=r133-jfup90
2026-08-10T11:43:28.605+08:00 [ws] ⇄ res ✓ config.get 141ms conn=451671e0…616b id=r134-j0b7pu
2026-08-10T11:43:33.631+08:00 [ws] ⇄ res ✓ config.get 169ms conn=451671e0…616b id=r135-nbkkvk
2026-08-10T11:43:38.606+08:00 [ws] ⇄ res ✓ config.get 146ms conn=451671e0…616b id=r136-vv6y7o
2026-08-10T11:43:43.604+08:00 [ws] ⇄ res ✓ config.get 145ms conn=451671e0…616b id=r137-hq4k4w
2026-08-10T11:43:46.346+08:00 [ws] ⇄ res ✓ config.get 144ms conn=f0b78986…535e id=r27-8ihstk
2026-08-10T11:43:48.612+08:00 [ws] ⇄ res ✓ config.get 143ms conn=451671e0…616b id=r138-zuia5s
2026-08-10T11:43:53.613+08:00 [ws] ⇄ res ✓ config.get 143ms conn=451671e0…616b id=r139-o5u821
2026-08-10T11:43:58.618+08:00 [ws] ⇄ res ✓ config.get 145ms conn=451671e0…616b id=r140-hd8x1q
2026-08-10T11:44:03.602+08:00 [ws] ⇄ res ✓ config.get 142ms conn=451671e0…616b id=r141-zx70pm
2026-08-10T11:44:08.610+08:00 [ws] ⇄ res ✓ config.get 141ms conn=451671e0…616b id=r142-zcxfmh
2026-08-10T11:44:13.612+08:00 [ws] ⇄ res ✓ config.get 143ms conn=451671e0…616b id=r143-x8hgnk
2026-08-10T11:44:18.614+08:00 [ws] ⇄ res ✓ config.get 143ms conn=451671e0…616b id=r144-720f1o
2026-08-10T11:44:23.610+08:00 [ws] ⇄ res ✓ config.get 141ms conn=451671e0…616b id=r145-nzptf8
2026-08-10T11:44:28.613+08:00 [ws] ⇄ res ✓ config.get 142ms conn=451671e0…616b id=r146-83c9df
2026-08-10T11:44:33.601+08:00 [ws] ⇄ res ✓ config.get 141ms conn=451671e0…616b id=r147-2nrz1t
2026-08-10T11:44:38.607+08:00 [ws] ⇄ res ✓ config.get 143ms conn=451671e0…616b id=r148-elz7n9
2026-08-10T11:44:43.610+08:00 [ws] ⇄ res ✓ config.get 143ms conn=451671e0…616b id=r149-kyi0gx
2026-08-10T11:44:46.331+08:00 [ws] ⇄ res ✓ config.get 141ms conn=f0b78986…535e id=r28-qtmdl3
2026-08-10T11:44:48.610+08:00 [ws] ⇄ res ✓ config.get 142ms conn=451671e0…616b id=r150-cdlo62
2026-08-10T11:44:53.615+08:00 [ws] ⇄ res ✓ config.get 144ms conn=451671e0…616b id=r151-pzzx70
2026-08-10T11:44:58.614+08:00 [ws] ⇄ res ✓ config.get 142ms conn=451671e0…616b id=r152-pkzjug
2026-08-10T11:45:03.604+08:00 [ws] ⇄ res ✓ config.get 142ms conn=451671e0…616b id=r153-cbaqyp
2026-08-10T11:45:08.609+08:00 [ws] ⇄ res ✓ config.get 145ms conn=451671e0…616b id=r154-kkvij9
2026-08-10T11:45:13.610+08:00 [ws] ⇄ res ✓ config.get 143ms conn=451671e0…616b id=r155-khszc1
2026-08-10T11:45:18.609+08:00 [ws] ⇄ res ✓ config.get 141ms conn=451671e0…616b id=r156-dqym8h
2026-08-10T11:45:23.611+08:00 [ws] ⇄ res ✓ config.get 141ms conn=451671e0…616b id=r157-0bosbe
2026-08-10T11:45:28.604+08:00 [ws] ⇄ res ✓ config.get 142ms conn=451671e0…616b id=r158-xgo24d
2026-08-10T11:45:33.609+08:00 [ws] ⇄ res ✓ config.get 141ms conn=451671e0…616b id=r159-w1zj78
2026-08-10T11:45:38.610+08:00 [ws] ⇄ res ✓ config.get 143ms conn=451671e0…616b id=r160-2as6qu
2026-08-10T11:45:43.640+08:00 [ws] ⇄ res ✓ config.get 169ms conn=451671e0…616b id=r161-4dhz95
2026-08-10T11:45:46.339+08:00 [ws] ⇄ res ✓ config.get 141ms conn=f0b78986…535e id=r29-gk1kvs
2026-08-10T11:45:48.614+08:00 [ws] ⇄ res ✓ config.get 140ms conn=451671e0…616b id=r162-v05pz0
2026-08-10T11:45:53.617+08:00 [ws] ⇄ res ✓ config.get 145ms conn=451671e0…616b id=r163-cfagpb
2026-08-10T11:45:58.598+08:00 [ws] ⇄ res ✓ config.get 138ms conn=451671e0…616b id=r164-8579nu
2026-08-10T11:46:03.602+08:00 [ws] ⇄ res ✓ config.get 142ms conn=451671e0…616b id=r165-g7jmdc
2026-08-10T11:46:08.620+08:00 [ws] ⇄ res ✓ config.get 144ms conn=451671e0…616b id=r166-kiyovl
2026-08-10T11:46:13.607+08:00 [ws] ⇄ res ✓ config.get 141ms conn=451671e0…616b id=r167-ba5xro
2026-08-10T11:46:18.607+08:00 [ws] ⇄ res ✓ config.get 141ms conn=451671e0…616b id=r168-o4tgho
2026-08-10T11:46:23.605+08:00 [ws] ⇄ res ✓ config.get 142ms conn=451671e0…616b id=r169-ohjm84
2026-08-10T11:46:28.606+08:00 [ws] ⇄ res ✓ config.get 143ms conn=451671e0…616b id=r170-kdtng9
2026-08-10T11:46:33.609+08:00 [ws] ⇄ res ✓ config.get 145ms conn=451671e0…616b id=r171-zjze5b
2026-08-10T11:46:38.607+08:00 [ws] ⇄ res ✓ config.get 142ms conn=451671e0…616b id=r172-e45qq3
2026-08-10T11:46:43.602+08:00 [ws] ⇄ res ✓ config.get 142ms conn=451671e0…616b id=r173-ao4djc
2026-08-10T11:46:46.338+08:00 [ws] ⇄ res ✓ config.get 139ms conn=f0b78986…535e id=r30-9b0hov
2026-08-10T11:46:48.601+08:00 [ws] ⇄ res ✓ config.get 140ms conn=451671e0…616b id=r174-m0i86p
2026-08-10T11:46:53.606+08:00 [ws] ⇄ res ✓ config.get 146ms conn=451671e0…616b id=r175-s0slgr
2026-08-10T11:46:58.604+08:00 [ws] ⇄ res ✓ config.get 142ms conn=451671e0…616b id=r176-tgs1v1
2026-08-10T11:47:03.613+08:00 [ws] ⇄ res ✓ config.get 146ms conn=451671e0…616b id=r177-hlgt3m
2026-08-10T11:47:08.616+08:00 [ws] ⇄ res ✓ config.get 148ms conn=451671e0…616b id=r178-8wbhif
2026-08-10T11:47:13.614+08:00 [ws] ⇄ res ✓ config.get 142ms conn=451671e0…616b id=r179-jeobm3
2026-08-10T11:47:18.622+08:00 [ws] ⇄ res ✓ config.get 150ms conn=451671e0…616b id=r180-rm9xnl
2026-08-10T11:47:23.600+08:00 [ws] ⇄ res ✓ config.get 141ms conn=451671e0…616b id=r181-1yo9yn
2026-08-10T11:47:28.615+08:00 [ws] ⇄ res ✓ config.get 142ms conn=451671e0…616b id=r182-r844ba
2026-08-10T11:47:33.617+08:00 [ws] ⇄ res ✓ config.get 143ms conn=451671e0…616b id=r183-x69v4m
2026-08-10T11:47:38.601+08:00 [ws] ⇄ res ✓ config.get 143ms conn=451671e0…616b id=r184-xen4lv
2026-08-10T11:47:39.628+08:00 [ws] webchat disconnected code=1001 reason=n/a conn=f0b78986-ed0f-4196-b928-6b6265b2535e
2026-08-10T11:47:41.743+08:00 [ws] ⇄ res ✓ skills.status 778ms conn=451671e0…616b id=r187-hih2nt
2026-08-10T11:47:41.892+08:00 [ws] ⇄ res ✓ config.get 145ms conn=451671e0…616b id=r188-qexsux
2026-08-10T11:47:46.587+08:00 [ws] ⇄ res ✓ sessions.list 274ms conn=451671e0…616b id=r192-1lbiny
2026-08-10T11:47:46.600+08:00 [ws] ⇄ res ✓ config.get 427ms conn=451671e0…616b id=r189-tdwwdu
2026-08-10T11:47:46.608+08:00 [ws] ⇄ res ✓ config.get 297ms conn=451671e0…616b id=r190-6haq7a
2026-08-10T11:47:46.617+08:00 [ws] ⇄ res ✓ config.get 305ms conn=451671e0…616b id=r193-5qrvrc
2026-08-10T11:47:51.332+08:00 [ws] ⇄ res ✓ config.get 146ms conn=451671e0…616b id=r196-n69n19
2026-08-10T11:47:54.382+08:00 [diagnostic] lane task error: lane=main durationMs=367 error="ProviderAuthError: No API key found for provider "deepseek". Auth store: D:\project\LXUP\runtime\openclaw-home\agents\main\agent\openclaw-agent.sqlite (agentDir: D:\project\LXUP\runtime\openclaw-home\agents\main\agent). Configure auth for this agent (openclaw agents add <id>) or copy only portable static auth profiles from the main agentDir."
2026-08-10T11:47:54.384+08:00 [diagnostic] lane task error: lane=session:agent:main:main durationMs=372 error="ProviderAuthError: No API key found for provider "deepseek". Auth store: D:\project\LXUP\runtime\openclaw-home\agents\main\agent\openclaw-agent.sqlite (agentDir: D:\project\LXUP\runtime\openclaw-home\agents\main\agent). Configure auth for this agent (openclaw agents add <id>) or copy only portable static auth profiles from the main agentDir."
2026-08-10T11:47:54.400+08:00 [model-fallback/decision] model fallback decision: decision=candidate_failed requested=deepseek/deepseek-v4-pro candidate=deepseek/deepseek-v4-pro reason=auth next=none detail=No API key found for provider "deepseek". Auth store: D:\project\LXUP\runtime\openclaw-home\agents\main\agent\openclaw-agent.sqlite (agentDir: D:\project\LXUP\runtime\openclaw-home\agents\main\agent). Configure auth for this agent (openclaw agents add <id>) or copy only portable static auth profiles from the main agentDir.
2026-08-10T11:47:54.412+08:00 Embedded agent failed before reply: No API key found for provider "deepseek". Auth store: D:\project\LXUP\runtime\openclaw-home\agents\main\agent\openclaw-agent.sqlite (agentDir: D:\project\LXUP\runtime\openclaw-home\agents\main\agent). Configure auth for this agent (openclaw agents add <id>) or copy only portable static auth profiles from the main agentDir. | missing-provider-auth
2026-08-10T11:47:55.962+08:00 [ws] ⇄ res ✓ config.get 150ms conn=451671e0…616b id=r198-1i4ok5
2026-08-10T11:47:59.543+08:00 [ws] ⇄ res ✓ config.get 147ms conn=451671e0…616b id=r199-yyyw2v
2026-08-10T11:47:59.690+08:00 [gateway] config.patch noop actor=openclaw-control-ui device=unknown-device ip=unknown-ip conn=451671e0-ad1e-4cde-8104-31a789a3616b (no changed paths)
2026-08-10T11:47:59.694+08:00 [ws] ⇄ res ✓ config.patch 148ms conn=451671e0…616b id=r200-vn8vo7
2026-08-10T11:47:59.838+08:00 [ws] ⇄ res ✓ config.get 141ms conn=451671e0…616b id=r201-vdh30x
2026-08-10T11:48:04.804+08:00 [ws] ⇄ res ✓ config.get 209ms conn=451671e0…616b id=r202-01v6nx
2026-08-10T11:48:05.055+08:00 [gateway] config.patch noop actor=openclaw-control-ui device=unknown-device ip=unknown-ip conn=451671e0-ad1e-4cde-8104-31a789a3616b (no changed paths)
2026-08-10T11:48:05.059+08:00 [ws] ⇄ res ✓ config.patch 252ms conn=451671e0…616b id=r203-xw25g5
2026-08-10T11:48:05.278+08:00 [ws] ⇄ res ✓ config.get 215ms conn=451671e0…616b id=r204-4yqopk
2026-08-10T11:48:07.788+08:00 [ws] ⇄ res ✓ config.get 252ms conn=451671e0…616b id=r205-fakzyw
2026-08-10T11:48:08.049+08:00 [gateway] config.patch noop actor=openclaw-control-ui device=unknown-device ip=unknown-ip conn=451671e0-ad1e-4cde-8104-31a789a3616b (no changed paths)
2026-08-10T11:48:08.056+08:00 [ws] ⇄ res ✓ config.patch 264ms conn=451671e0…616b id=r206-8a4b54
2026-08-10T11:48:08.465+08:00 [ws] ⇄ res ✓ config.get 402ms conn=451671e0…616b id=r207-g6ptp6
2026-08-10T11:48:09.759+08:00 [ws] ⇄ res ✓ sessions.list 581ms conn=451671e0…616b id=r211-tfx8qh
2026-08-10T11:48:09.797+08:00 [ws] ⇄ res ✓ config.get 887ms conn=451671e0…616b id=r208-kv2nof
2026-08-10T11:48:09.839+08:00 [ws] ⇄ res ✓ config.get 666ms conn=451671e0…616b id=r209-i6kmkp
2026-08-10T11:48:09.857+08:00 [ws] ⇄ res ✓ config.get 682ms conn=451671e0…616b id=r212-w1unc5
2026-08-10T11:48:09.871+08:00 [ws] ⇄ res ✓ chat.history 104ms conn=451671e0…616b id=r214-d2jg1y
2026-08-10T11:48:11.284+08:00 [reload] config change detected; evaluating reload (meta.lastTouchedAt, auth)
2026-08-10T11:48:11.324+08:00 [reload] config change requires gateway restart (auth)
2026-08-10T11:48:11.327+08:00 [gateway] signal SIGUSR1 received
2026-08-10T11:48:11.331+08:00 [gateway] received SIGUSR1; restarting
2026-08-10T11:48:11.387+08:00 [shutdown] started: gateway restarting
2026-08-10T11:48:11.564+08:00 [gmail-watcher] gmail watcher stopped
2026-08-10T11:48:12.288+08:00 Config warnings:
- plugins.entries.deepseek: plugin deepseek: duplicate plugin id resolved by explicit config-selected plugin; global plugin will be overridden by config plugin (D:\project\LXUP\runtime\openclaw-home\plugins\deepseek\node_modules\@openclaw\deepseek-provider\dist\index.js)
- plugins.entries.openclaw-weixin: plugin openclaw-weixin: duplicate plugin id resolved by explicit config-selected plugin; global plugin will be overridden by config plugin (D:\project\LXUP\runtime\openclaw-home\plugins\weixin\node_modules\@tencent-weixin\openclaw-weixin\dist\index.js)
- plugins.entries.qqbot: plugin qqbot: duplicate plugin id resolved by explicit config-selected plugin; global plugin will be overridden by config plugin (D:\project\LXUP\runtime\openclaw-home\plugins\qqbot\node_modules\@openclaw\qqbot\dist\index.js)
- plugins.entries.wecom-openclaw-plugin: plugin wecom-openclaw-plugin: duplicate plugin id resolved by explicit config-selected plugin; global plugin will be overridden by config plugin (D:\project\LXUP\runtime\openclaw-home\plugins\wecom\node_modules\@wecom\wecom-openclaw-plugin\dist\index.js)
2026-08-10T11:48:14.906+08:00 [shutdown] websocket server close exceeded 1000ms; forcing shutdown continuation with 1 tracked client(s)
2026-08-10T11:48:14.924+08:00 [ws] webchat disconnected code=1012 reason=service restart conn=451671e0-ad1e-4cde-8104-31a789a3616b
2026-08-10T11:48:14.932+08:00 [shutdown] completed in 3544ms with warnings: websocket-server
2026-08-10T11:48:14.968+08:00 [gateway] restart mode: in-process restart (win32: detached respawn unsupported without Scheduled Task markers)
2026-08-10T11:48:15.404+08:00 [ws] ⇄ res ✓ models.authStatus 1996ms conn=c8397fff…4559 id=b7fd68a9…9987
2026-08-10T11:48:15.805+08:00 [gateway] starting HTTP server...
2026-08-10T11:48:15.809+08:00 [gateway] ⚠️  Gateway is binding to a non-loopback address. Ensure authentication is configured before exposing to public networks.
2026-08-10T11:48:15.826+08:00 [health-monitor] started (interval: 300s, startup-grace: 60s, channel-connect-grace: 120s)
2026-08-10T11:48:15.855+08:00 [gateway] [plugins] duplicate plugin id resolved by explicit config-selected plugin; global plugin will be overridden by config plugin (D:\project\LXUP\runtime\openclaw-home\plugins\deepseek\node_modules\@openclaw\deepseek-provider\dist\index.js) (plugin=deepseek, source=D:\project\LXUP\runtime\openclaw-home\npm\projects\openclaw-deepseek-provider-2481ed984b\node_modules\@openclaw\deepseek-provider\dist\index.js)
2026-08-10T11:48:15.858+08:00 [gateway] [plugins] duplicate plugin id resolved by explicit config-selected plugin; global plugin will be overridden by config plugin (D:\project\LXUP\runtime\openclaw-home\plugins\weixin\node_modules\@tencent-weixin\openclaw-weixin\dist\index.js) (plugin=openclaw-weixin, source=D:\project\LXUP\runtime\openclaw-home\npm\projects\tencent-weixin-openclaw-weixin-7783ac86ba\node_modules\@tencent-weixin\openclaw-weixin\dist\index.js)
2026-08-10T11:48:15.862+08:00 [gateway] [plugins] duplicate plugin id resolved by explicit config-selected plugin; global plugin will be overridden by config plugin (D:\project\LXUP\runtime\openclaw-home\plugins\qqbot\node_modules\@openclaw\qqbot\dist\index.js) (plugin=qqbot, source=D:\project\LXUP\runtime\openclaw-home\npm\projects\openclaw-qqbot-d3553f72f8\node_modules\@openclaw\qqbot\dist\index.js)
2026-08-10T11:48:15.866+08:00 [gateway] [plugins] duplicate plugin id resolved by explicit config-selected plugin; global plugin will be overridden by config plugin (D:\project\LXUP\runtime\openclaw-home\plugins\wecom\node_modules\@wecom\wecom-openclaw-plugin\dist\index.js) (plugin=wecom-openclaw-plugin, source=D:\project\LXUP\runtime\openclaw-home\npm\projects\wecom-wecom-openclaw-plugin-18f843d908\node_modules\@wecom\wecom-openclaw-plugin\dist\index.js)
2026-08-10T11:48:15.875+08:00 [gateway] agent model: deepseek/deepseek-v4-pro (thinking=medium, fast=off)
2026-08-10T11:48:15.878+08:00 [gateway] http server listening (11 plugins: browser, canvas, device-pair, file-transfer, memory-core, ollama, openclaw-weixin, phone-control, qqbot, talk-voice, wecom-openclaw-plugin; 0.9s)
2026-08-10T11:48:15.882+08:00 [gateway] log file: C:\Users\Administrator\AppData\Local\Temp\openclaw\openclaw-2026-08-10.log
2026-08-10T11:48:16.211+08:00 [gateway] security warning: dangerous config flags enabled: gateway.controlUi.dangerouslyDisableDeviceAuth=true. Run `openclaw security audit`.
2026-08-10T11:48:16.216+08:00 [gateway] starting channels and sidecars...
2026-08-10T11:48:16.694+08:00 [gateway] ready
2026-08-10T11:48:16.705+08:00 [heartbeat] started
2026-08-10T11:48:18.652+08:00 [ws] ⇄ res ✓ models.authStatus 276ms conn=ba1b63dc…b7fa id=599206e5…4455
2026-08-10T11:48:19.094+08:00 [reload] config change detected; evaluating reload (meta.lastTouchedAt)
2026-08-10T11:48:19.356+08:00 [ws] webchat connected conn=2f523bd7-af75-4426-bae9-0d7ed50deb89 remote=127.0.0.1 client=openclaw-control-ui webchat v1.0.0
2026-08-10T11:48:19.653+08:00 [ws] ⇄ res ✓ config.get 197ms conn=2f523bd7…eb89 id=r217-zu8qan
2026-08-10T11:48:20.538+08:00 [ws] ⇄ res ✓ skills.status 299ms conn=2f523bd7…eb89 id=r224-ai1jyr
2026-08-10T11:48:20.766+08:00 [ws] ⇄ res ✓ skills.status 226ms conn=2f523bd7…eb89 id=r225-wvhgeu
2026-08-10T11:48:22.229+08:00 [ws] ⇄ res ✓ sessions.list 333ms conn=2f523bd7…eb89 id=r229-haen7q
2026-08-10T11:48:22.242+08:00 [ws] ⇄ res ✓ config.get 526ms conn=2f523bd7…eb89 id=r226-umdimx
2026-08-10T11:48:22.251+08:00 [ws] ⇄ res ✓ config.get 356ms conn=2f523bd7…eb89 id=r227-c62xcg
2026-08-10T11:48:22.261+08:00 [ws] ⇄ res ✓ config.get 365ms conn=2f523bd7…eb89 id=r230-jo9pk6
2026-08-10T11:48:23.324+08:00 [reload] config change detected; evaluating reload (meta.lastTouchedAt)
2026-08-10T11:48:23.875+08:00 [ws] ⇄ res ✓ models.authStatus 430ms conn=fd17bffc…6b2a id=e7c56a28…43dd
2026-08-10T11:48:25.286+08:00 [reload] config change detected; evaluating reload (meta.lastTouchedAt, auth.profiles.deepseek_2:manual)
2026-08-10T11:48:25.295+08:00 [reload] config change requires gateway restart (auth.profiles.deepseek_2:manual)
2026-08-10T11:48:25.297+08:00 [gateway] signal SIGUSR1 received
2026-08-10T11:48:25.299+08:00 [gateway] received SIGUSR1; restarting
2026-08-10T11:48:25.301+08:00 [shutdown] started: gateway restarting
2026-08-10T11:48:25.306+08:00 [gmail-watcher] gmail watcher stopped
2026-08-10T11:48:27.334+08:00 [ws] ⇄ res ✓ chat.send 133ms runId=c12f5aba-4a02-47ba-9b51-9d27be96b054 conn=2f523bd7…eb89 id=r234-424aj8
2026-08-10T11:48:27.490+08:00 [plugins] plugins.allow is empty; discovered non-bundled plugins may auto-load: qwen (D:\project\LXUP\runtime\openclaw-home\npm\projects\openclaw-qwen-provider-ff9f55ade7\node_modules\@openclaw\qwen-provider\dist\index.js). To trust them explicitly, set plugins.allow in openclaw.json (e.g. "plugins": { "allow": ["qwen"] }). Run 'openclaw plugins list --enabled --verbose' or 'openclaw plugins inspect qwen' to confirm plugin ids.
2026-08-10T11:48:29.324+08:00 [ws] webchat disconnected code=1012 reason=service restart conn=2f523bd7-af75-4426-bae9-0d7ed50deb89
2026-08-10T11:48:29.326+08:00 [shutdown] websocket server close exceeded 1000ms; forcing shutdown continuation with 1 tracked client(s)
2026-08-10T11:48:29.337+08:00 [ws] ⇄ res ✓ config.get 2137ms conn=2f523bd7…eb89 id=r233-zu87sr
2026-08-10T11:48:29.350+08:00 [shutdown] completed in 4047ms with warnings: websocket-server
2026-08-10T11:48:29.356+08:00 [gateway] restart mode: in-process restart (win32: detached respawn unsupported without Scheduled Task markers)
2026-08-10T11:48:29.810+08:00 [gateway] starting HTTP server...
2026-08-10T11:48:29.812+08:00 [gateway] ⚠️  Gateway is binding to a non-loopback address. Ensure authentication is configured before exposing to public networks.
2026-08-10T11:48:29.817+08:00 [health-monitor] started (interval: 300s, startup-grace: 60s, channel-connect-grace: 120s)
2026-08-10T11:48:29.838+08:00 [gateway] [plugins] duplicate plugin id resolved by explicit config-selected plugin; global plugin will be overridden by config plugin (D:\project\LXUP\runtime\openclaw-home\plugins\deepseek\node_modules\@openclaw\deepseek-provider\dist\index.js) (plugin=deepseek, source=D:\project\LXUP\runtime\openclaw-home\npm\projects\openclaw-deepseek-provider-2481ed984b\node_modules\@openclaw\deepseek-provider\dist\index.js)
2026-08-10T11:48:29.840+08:00 [gateway] [plugins] duplicate plugin id resolved by explicit config-selected plugin; global plugin will be overridden by config plugin (D:\project\LXUP\runtime\openclaw-home\plugins\weixin\node_modules\@tencent-weixin\openclaw-weixin\dist\index.js) (plugin=openclaw-weixin, source=D:\project\LXUP\runtime\openclaw-home\npm\projects\tencent-weixin-openclaw-weixin-7783ac86ba\node_modules\@tencent-weixin\openclaw-weixin\dist\index.js)
2026-08-10T11:48:29.842+08:00 [gateway] [plugins] duplicate plugin id resolved by explicit config-selected plugin; global plugin will be overridden by config plugin (D:\project\LXUP\runtime\openclaw-home\plugins\qqbot\node_modules\@openclaw\qqbot\dist\index.js) (plugin=qqbot, source=D:\project\LXUP\runtime\openclaw-home\npm\projects\openclaw-qqbot-d3553f72f8\node_modules\@openclaw\qqbot\dist\index.js)
2026-08-10T11:48:29.844+08:00 [gateway] [plugins] duplicate plugin id resolved by explicit config-selected plugin; global plugin will be overridden by config plugin (D:\project\LXUP\runtime\openclaw-home\plugins\wecom\node_modules\@wecom\wecom-openclaw-plugin\dist\index.js) (plugin=wecom-openclaw-plugin, source=D:\project\LXUP\runtime\openclaw-home\npm\projects\wecom-wecom-openclaw-plugin-18f843d908\node_modules\@wecom\wecom-openclaw-plugin\dist\index.js)
2026-08-10T11:48:29.847+08:00 [gateway] agent model: deepseek/deepseek-v4-pro (thinking=medium, fast=off)
2026-08-10T11:48:29.849+08:00 [gateway] http server listening (11 plugins: browser, canvas, device-pair, file-transfer, memory-core, ollama, openclaw-weixin, phone-control, qqbot, talk-voice, wecom-openclaw-plugin; 0.5s)
2026-08-10T11:48:29.851+08:00 [gateway] log file: C:\Users\Administrator\AppData\Local\Temp\openclaw\openclaw-2026-08-10.log
2026-08-10T11:48:30.044+08:00 [gateway] security warning: dangerous config flags enabled: gateway.controlUi.dangerouslyDisableDeviceAuth=true. Run `openclaw security audit`.
2026-08-10T11:48:30.046+08:00 [gateway] starting channels and sidecars...
2026-08-10T11:48:30.049+08:00 [ws] ⇄ res ✓ models.authStatus 3668ms conn=c8028b96…3d7c id=01dcfe65…a3c8
2026-08-10T11:48:30.290+08:00 [gateway] ready
2026-08-10T11:48:30.294+08:00 [heartbeat] started
2026-08-10T11:48:31.431+08:00 [ws] webchat connected conn=50009f88-d7f7-4670-b0f7-5694f7e9928e remote=127.0.0.1 client=openclaw-control-ui webchat v1.0.0
2026-08-10T11:48:31.645+08:00 [ws] ⇄ res ✓ config.get 143ms conn=50009f88…928e id=r236-fgj64z
2026-08-10T11:48:32.026+08:00 [ws] ⇄ res ✓ config.get 139ms conn=50009f88…928e id=r238-ighj2n
2026-08-10T11:48:32.081+08:00 [diagnostic] lane task error: lane=main durationMs=0 error="AbortError: Agent run belongs to a stale gateway lifecycle"
2026-08-10T11:48:32.083+08:00 [diagnostic] lane task error: lane=session:agent:main:main durationMs=2 error="AbortError: Agent run belongs to a stale gateway lifecycle"
2026-08-10T11:48:32.085+08:00 Embedded agent failed before reply: Agent run belongs to a stale gateway lifecycle
2026-08-10T11:48:36.866+08:00 [ws] ⇄ res ✓ config.get 147ms conn=50009f88…928e id=r239-o2sg7b
2026-08-10T11:48:40.309+08:00 [gateway] agent runtime plugins pre-warmed in 4ms
2026-08-10T11:48:41.881+08:00 [ws] ⇄ res ✓ config.get 160ms conn=50009f88…928e id=r240-a1kgvm
2026-08-10T11:48:43.607+08:00 [ws] webchat disconnected code=1001 reason=n/a conn=50009f88-d7f7-4670-b0f7-5694f7e9928e
|
o  Config warnings -----------------------------------------------------------------------------------------------------+
|                                                                                                                       |
|  - plugins.entries.deepseek: plugin deepseek: duplicate plugin id                                                     |
|    resolved by explicit config-selected plugin; global plugin will be                                                 |
|    overridden by config plugin                                                                                        |
|    (D:\project\LXUP\runtime\openclaw-home\plugins\deepseek\node_modules\@openclaw\deepseek-provider\dist\index.js)    |
|  - plugins.entries.openclaw-weixin: plugin openclaw-weixin: duplicate                                                 |
|    plugin id resolved by explicit config-selected plugin; global plugin                                               |
|    will be overridden by config plugin                                                                                |
|    (D:\project\LXUP\runtime\openclaw-home\plugins\weixin\node_modules\@tencent-weixin\openclaw-weixin\dist\index.js)  |
|  - plugins.entries.qqbot: plugin qqbot: duplicate plugin id resolved by                                               |
|    explicit config-selected plugin; global plugin will be overridden by                                               |
|    config plugin                                                                                                      |
|    (D:\project\LXUP\runtime\openclaw-home\plugins\qqbot\node_modules\@openclaw\qqbot\dist\index.js)                   |
|  - plugins.entries.wecom-openclaw-plugin: plugin wecom-openclaw-plugin:                                               |
|    duplicate plugin id resolved by explicit config-selected plugin;                                                   |
|    global plugin will be overridden by config plugin                                                                  |
|    (D:\project\LXUP\runtime\openclaw-home\plugins\wecom\node_modules\@wecom\wecom-openclaw-plugin\dist\index.js)      |
|                                                                                                                       |
+-----------------------------------------------------------------------------------------------------------------------+
2026-08-10T11:49:08.059+08:00 [gateway] loading configuration…
2026-08-10T11:49:08.225+08:00 [gateway] force: no listeners on port 18789
2026-08-10T11:49:08.229+08:00 [gateway] resolving authentication…
2026-08-10T11:49:08.240+08:00 [gateway] starting...
2026-08-10T11:49:09.228+08:00 [gateway] starting HTTP server...
2026-08-10T11:49:09.232+08:00 [gateway] ⚠️  Gateway is binding to a non-loopback address. Ensure authentication is configured before exposing to public networks.
2026-08-10T11:49:09.503+08:00 [health-monitor] started (interval: 300s, startup-grace: 60s, channel-connect-grace: 120s)
2026-08-10T11:49:11.015+08:00 [gateway] [plugins] duplicate plugin id resolved by explicit config-selected plugin; global plugin will be overridden by config plugin (D:\project\LXUP\runtime\openclaw-home\plugins\deepseek\node_modules\@openclaw\deepseek-provider\dist\index.js) (plugin=deepseek, source=D:\project\LXUP\runtime\openclaw-home\npm\projects\openclaw-deepseek-provider-2481ed984b\node_modules\@openclaw\deepseek-provider\dist\index.js)
2026-08-10T11:49:11.018+08:00 [gateway] [plugins] duplicate plugin id resolved by explicit config-selected plugin; global plugin will be overridden by config plugin (D:\project\LXUP\runtime\openclaw-home\plugins\weixin\node_modules\@tencent-weixin\openclaw-weixin\dist\index.js) (plugin=openclaw-weixin, source=D:\project\LXUP\runtime\openclaw-home\npm\projects\tencent-weixin-openclaw-weixin-7783ac86ba\node_modules\@tencent-weixin\openclaw-weixin\dist\index.js)
2026-08-10T11:49:11.020+08:00 [gateway] [plugins] duplicate plugin id resolved by explicit config-selected plugin; global plugin will be overridden by config plugin (D:\project\LXUP\runtime\openclaw-home\plugins\qqbot\node_modules\@openclaw\qqbot\dist\index.js) (plugin=qqbot, source=D:\project\LXUP\runtime\openclaw-home\npm\projects\openclaw-qqbot-d3553f72f8\node_modules\@openclaw\qqbot\dist\index.js)
2026-08-10T11:49:11.022+08:00 [gateway] [plugins] duplicate plugin id resolved by explicit config-selected plugin; global plugin will be overridden by config plugin (D:\project\LXUP\runtime\openclaw-home\plugins\wecom\node_modules\@wecom\wecom-openclaw-plugin\dist\index.js) (plugin=wecom-openclaw-plugin, source=D:\project\LXUP\runtime\openclaw-home\npm\projects\wecom-wecom-openclaw-plugin-18f843d908\node_modules\@wecom\wecom-openclaw-plugin\dist\index.js)
2026-08-10T11:49:11.045+08:00 [gateway] agent model: deepseek/deepseek-v4-pro (thinking=medium, fast=off)
2026-08-10T11:49:11.047+08:00 [gateway] http server listening (11 plugins: browser, canvas, device-pair, file-transfer, memory-core, ollama, openclaw-weixin, phone-control, qqbot, talk-voice, wecom-openclaw-plugin; 2.5s)
2026-08-10T11:49:11.049+08:00 [gateway] log file: C:\Users\Administrator\AppData\Local\Temp\openclaw\openclaw-2026-08-10.log
2026-08-10T11:49:11.253+08:00 [gateway] security warning: dangerous config flags enabled: gateway.controlUi.dangerouslyDisableDeviceAuth=true. Run `openclaw security audit`.
2026-08-10T11:49:11.256+08:00 [gateway] starting channels and sidecars...
2026-08-10T11:49:11.550+08:00 [gateway] ready
2026-08-10T11:49:11.571+08:00 [heartbeat] started
2026-08-10T11:49:17.268+08:00 [ws] webchat connected conn=a40c8471-212f-43b0-9f0e-a1dc6737d3d9 remote=127.0.0.1 client=openclaw-control-ui webchat v1.0.0
2026-08-10T11:49:19.660+08:00 [ws] ⇄ res ✓ config.get 901ms conn=a40c8471…d3d9 id=r2-j5mcr6
2026-08-10T11:49:19.672+08:00 [ws] ⇄ res ✓ config.get 670ms conn=a40c8471…d3d9 id=r3-rd38c9
2026-08-10T11:49:19.683+08:00 [ws] ⇄ res ✓ config.get 681ms conn=a40c8471…d3d9 id=r6-yt3lpz
2026-08-10T11:49:19.690+08:00 [ws] ⇄ res ✓ agents.list 689ms conn=a40c8471…d3d9 id=r4-mfozhe
2026-08-10T11:49:19.695+08:00 [ws] ⇄ res ✓ agents.list 693ms conn=a40c8471…d3d9 id=r7-r6f887
2026-08-10T11:49:19.704+08:00 [ws] ⇄ res ✓ sessions.list 703ms conn=a40c8471…d3d9 id=r5-tucw3g
2026-08-10T11:49:21.898+08:00 [gateway] agent runtime plugins pre-warmed in 337ms
2026-08-10T11:49:23.920+08:00 [ws] ⇄ res ✓ config.get 145ms conn=a40c8471…d3d9 id=r9-xbhjhf
2026-08-10T11:49:28.955+08:00 [ws] ⇄ res ✓ config.get 182ms conn=a40c8471…d3d9 id=r10-zhcnn2
2026-08-10T11:49:33.913+08:00 [ws] ⇄ res ✓ config.get 151ms conn=a40c8471…d3d9 id=r11-8bqwd4
2026-08-10T11:49:36.133+08:00 [ws] ⇄ res ✓ config.get 153ms conn=a40c8471…d3d9 id=r12-q6esf9
2026-08-10T11:50:17.213+08:00 [ws] ⇄ res ✓ config.get 162ms conn=a40c8471…d3d9 id=r13-dw6bun
2026-08-10T11:50:17.651+08:00 [gateway] config.patch write actor=openclaw-control-ui device=unknown-device ip=unknown-ip conn=a40c8471-212f-43b0-9f0e-a1dc6737d3d9 changedPaths=models.providers.deepseek_2 restartReason=config.patch
2026-08-10T11:50:17.838+08:00 Config warnings:
- plugins.entries.deepseek: plugin deepseek: duplicate plugin id resolved by explicit config-selected plugin; global plugin will be overridden by config plugin (D:\project\LXUP\runtime\openclaw-home\plugins\deepseek\node_modules\@openclaw\deepseek-provider\dist\index.js)
- plugins.entries.openclaw-weixin: plugin openclaw-weixin: duplicate plugin id resolved by explicit config-selected plugin; global plugin will be overridden by config plugin (D:\project\LXUP\runtime\openclaw-home\plugins\weixin\node_modules\@tencent-weixin\openclaw-weixin\dist\index.js)
- plugins.entries.qqbot: plugin qqbot: duplicate plugin id resolved by explicit config-selected plugin; global plugin will be overridden by config plugin (D:\project\LXUP\runtime\openclaw-home\plugins\qqbot\node_modules\@openclaw\qqbot\dist\index.js)
- plugins.entries.wecom-openclaw-plugin: plugin wecom-openclaw-plugin: duplicate plugin id resolved by explicit config-selected plugin; global plugin will be overridden by config plugin (D:\project\LXUP\runtime\openclaw-home\plugins\wecom\node_modules\@wecom\wecom-openclaw-plugin\dist\index.js)
2026-08-10T11:50:18.019+08:00 [reload] config change detected; evaluating reload (models.providers.deepseek_2, meta.lastTouchedAt)
2026-08-10T11:50:18.533+08:00 [reload] config hot reload applied (models.providers.deepseek_2)
2026-08-10T11:50:18.715+08:00 [ws] ⇄ res ✓ config.patch 1498ms conn=a40c8471…d3d9 id=r14-j7jibt
2026-08-10T11:50:18.881+08:00 [ws] ⇄ res ✓ config.get 161ms conn=a40c8471…d3d9 id=r15-i1yyiu
2026-08-10T11:50:27.217+08:00 [reload] config change detected; evaluating reload (meta.lastTouchedAt)
2026-08-10T11:50:30.267+08:00 [ws] ⇄ res ✓ models.authStatus 967ms conn=aed8fec9…a5db id=cc7004ae…498e
2026-08-10T11:50:57.950+08:00 [ws] ⇄ res ✓ config.get 170ms conn=a40c8471…d3d9 id=r16-k3lvo3
2026-08-10T11:50:58.388+08:00 [gateway] config.patch write actor=openclaw-control-ui device=unknown-device ip=unknown-ip conn=a40c8471-212f-43b0-9f0e-a1dc6737d3d9 changedPaths=models.providers.deepseek.apiKey,models.providers.deepseek.models restartReason=config.patch
2026-08-10T11:50:58.742+08:00 [reload] config change detected; evaluating reload (models.providers.deepseek.apiKey, models.providers.deepseek.models, meta.lastTouchedAt)
2026-08-10T11:50:59.245+08:00 [ws] ⇄ res ✓ config.patch 1292ms conn=a40c8471…d3d9 id=r17-8kbwic
2026-08-10T11:50:59.404+08:00 [ws] ⇄ res ✓ config.get 156ms conn=a40c8471…d3d9 id=r18-fcvr7s
2026-08-10T11:50:59.412+08:00 [reload] config hot reload applied (models.providers.deepseek.apiKey, models.providers.deepseek.models)
2026-08-10T11:51:07.506+08:00 [ws] ⇄ res ✓ sessions.list 793ms conn=a40c8471…d3d9 id=r24-ww2ri8
2026-08-10T11:51:07.524+08:00 [ws] ⇄ res ✓ config.get 811ms conn=a40c8471…d3d9 id=r19-9jxpp0
2026-08-10T11:51:07.535+08:00 [ws] ⇄ res ✓ config.get 821ms conn=a40c8471…d3d9 id=r20-3tp313
2026-08-10T11:51:07.544+08:00 [ws] ⇄ res ✓ config.get 831ms conn=a40c8471…d3d9 id=r21-lsz7k1
2026-08-10T11:51:07.555+08:00 [ws] ⇄ res ✓ config.get 841ms conn=a40c8471…d3d9 id=r22-a00f7m
2026-08-10T11:51:07.564+08:00 [ws] ⇄ res ✓ config.get 851ms conn=a40c8471…d3d9 id=r25-8tmw72
2026-08-10T11:51:07.568+08:00 [gateway] control-plane write rate-limited method=config.patch actor=openclaw-control-ui device=unknown-device ip=unknown-ip conn=a40c8471-212f-43b0-9f0e-a1dc6737d3d9 retryAfterMs=9649 key=unknown-device|unknown-ip|conn=a40c8471-212f-43b0-9f0e-a1dc6737d3d9
2026-08-10T11:51:07.571+08:00 [ws] ⇄ res ✗ config.patch 3ms errorCode=UNAVAILABLE errorMessage=rate limit exceeded for config.patch; retry after 10s conn=a40c8471…d3d9 id=r29-kz716c
2026-08-10T11:51:07.746+08:00 [ws] ⇄ res ✗ config.patch 178ms errorCode=INVALID_REQUEST errorMessage=config changed since last load; re-run config.get and retry conn=a40c8471…d3d9 id=r28-oyjn6v
2026-08-10T11:51:07.757+08:00 [ws] ⇄ res ✓ chat.history 247ms conn=a40c8471…d3d9 id=r27-4p1ho4
2026-08-10T11:51:07.913+08:00 [ws] ⇄ res ✓ config.get 153ms conn=a40c8471…d3d9 id=r30-styyx6
2026-08-10T11:51:08.409+08:00 [reload] config change detected; evaluating reload (meta.lastTouchedAt)
2026-08-10T11:51:08.932+08:00 [ws] ⇄ res ✓ models.authStatus 413ms conn=2bb3bb3b…e3b2 id=ce0f110d…f386
2026-08-10T11:51:13.059+08:00 [ws] ⇄ res ✓ config.get 152ms conn=a40c8471…d3d9 id=r32-aiafyd
2026-08-10T11:51:13.234+08:00 [mcp] registerTool ctx: sessionKey="agent:main:main", messageChannel="webchat", requesterSenderId="undefined", agentAccountId="undefined", sessionChat=undefined
2026-08-10T11:51:13.699+08:00 [provider-transport-fetch] [model-fetch] start provider=deepseek api=openai-completions model=deepseek-v4-pro method=POST url=https://api.deepseek.com/chat/completions timeoutMs=undefined proxy=none policy=custom
2026-08-10T11:51:14.020+08:00 [provider-transport-fetch] [model-fetch] response provider=deepseek api=openai-completions model=deepseek-v4-pro status=401 elapsedMs=322 contentType=application/json
2026-08-10T11:51:14.052+08:00 [agent/embedded] embedded run agent end: runId=155584f6-c4d7-40f2-8e4b-4444f7e00f2b isError=true model=deepseek-v4-pro provider=deepseek error=LLM request failed. rawError=401 Authentication Fails, Your api key: ****ED__ is invalid
2026-08-10T11:51:14.100+08:00 [agent/embedded] auth profile failure state updated: runId=155584f6-c4d7-40f2-8e4b-4444f7e00f2b profile=sha256:bdd3cb1746ae provider=deepseek reason=auth window=cooldown reused=false
2026-08-10T11:51:14.105+08:00 [agent/embedded] embedded run failover decision: runId=155584f6-c4d7-40f2-8e4b-4444f7e00f2b stage=assistant decision=surface_error reason=auth from=deepseek/deepseek-v4-pro profile=sha256:bdd3cb1746ae rawError=401 Authentication Fails, Your api key: ****ED__ is invalid
2026-08-10T11:51:14.108+08:00 [diagnostic] lane task error: lane=main durationMs=1550 error="FailoverError: HTTP 401: Authentication Fails, Your api key: ****ED__ is invalid"
2026-08-10T11:51:14.110+08:00 [diagnostic] lane task error: lane=session:agent:main:main durationMs=1554 error="FailoverError: HTTP 401: Authentication Fails, Your api key: ****ED__ is invalid"
2026-08-10T11:51:14.118+08:00 [model-fallback/decision] model fallback decision: decision=candidate_failed requested=deepseek/deepseek-v4-pro candidate=deepseek/deepseek-v4-pro reason=auth next=none detail=401 Authentication Fails, Your api key: ****ED__ is invalid
2026-08-10T11:51:14.132+08:00 Embedded agent failed before reply: HTTP 401: Authentication Fails, Your api key: ****ED__ is invalid
2026-08-10T11:51:17.917+08:00 [ws] ⇄ res ✓ config.get 156ms conn=a40c8471…d3d9 id=r33-665pof
2026-08-10T11:51:18.353+08:00 [gateway] provider auth state re-warmed (auth-profile-failure) in 3232ms eventLoopMax=160.6ms
2026-08-10T11:51:22.093+08:00 [ws] ⇄ res ✓ config.get 153ms conn=a40c8471…d3d9 id=r34-uy3ykz
2026-08-10T11:52:17.067+08:00 [ws] ⇄ res ✓ config.get 161ms conn=a40c8471…d3d9 id=r35-7rxtt7
2026-08-10T11:52:17.484+08:00 [gateway] config.patch write actor=openclaw-control-ui device=unknown-device ip=unknown-ip conn=a40c8471-212f-43b0-9f0e-a1dc6737d3d9 changedPaths=models.providers.deepseek.baseUrl restartReason=config.patch
2026-08-10T11:52:17.849+08:00 [reload] config change detected; evaluating reload (models.providers.deepseek.baseUrl, meta.lastTouchedAt)
2026-08-10T11:52:18.755+08:00 [ws] ⇄ res ✓ sessions.list 418ms conn=a40c8471…d3d9 id=r40-jzobm0
2026-08-10T11:52:18.770+08:00 [ws] ⇄ res ✓ config.get 433ms conn=a40c8471…d3d9 id=r37-1zvi5r
2026-08-10T11:52:18.780+08:00 [ws] ⇄ res ✓ config.get 444ms conn=a40c8471…d3d9 id=r38-e4khzk
2026-08-10T11:52:18.789+08:00 [ws] ⇄ res ✓ config.get 452ms conn=a40c8471…d3d9 id=r41-1zar77
2026-08-10T11:52:18.805+08:00 [ws] ⇄ res ✓ config.patch 1735ms conn=a40c8471…d3d9 id=r36-msx5da
2026-08-10T11:52:18.813+08:00 [reload] config hot reload applied (models.providers.deepseek.baseUrl)
2026-08-10T11:52:19.110+08:00 [ws] ⇄ res ✓ config.get 153ms conn=a40c8471…d3d9 id=r44-ds75pw
2026-08-10T11:52:26.363+08:00 [ws] ⇄ res ✓ chat.send 186ms runId=70dbbac4-ac34-4d9d-a115-226ebaedc4f5 conn=a40c8471…d3d9 id=r46-kmrvtr
2026-08-10T11:52:26.740+08:00 [ws] ⇄ res ✓ config.get 564ms conn=a40c8471…d3d9 id=r45-x2baah
2026-08-10T11:52:28.447+08:00 [ws] ⇄ res ✓ config.get 151ms conn=a40c8471…d3d9 id=r47-romj98
2026-08-10T11:52:28.980+08:00 [mcp] registerTool ctx: sessionKey="agent:main:main", messageChannel="webchat", requesterSenderId="undefined", agentAccountId="undefined", sessionChat=undefined
2026-08-10T11:52:29.124+08:00 [reload] config change detected; evaluating reload (meta.lastTouchedAt)
2026-08-10T11:52:29.357+08:00 [provider-transport-fetch] [model-fetch] start provider=deepseek api=openai-completions model=deepseek-v4-pro method=POST url=https://api.deepseek.com/v1/chat/completions timeoutMs=undefined proxy=none policy=custom
2026-08-10T11:52:29.434+08:00 [ws] ⇄ res ✓ models.authStatus 896ms conn=49d22ea0…5cd0 id=cdaaec24…84a2
2026-08-10T11:52:29.491+08:00 [provider-transport-fetch] [model-fetch] response provider=deepseek api=openai-completions model=deepseek-v4-pro status=401 elapsedMs=134 contentType=application/json
2026-08-10T11:52:29.502+08:00 [agent/embedded] embedded run agent end: runId=70dbbac4-ac34-4d9d-a115-226ebaedc4f5 isError=true model=deepseek-v4-pro provider=deepseek error=LLM request failed. rawError=401 Authentication Fails, Your api key: ****ED__ is invalid
2026-08-10T11:52:29.534+08:00 [agent/embedded] auth profile failure state updated: runId=70dbbac4-ac34-4d9d-a115-226ebaedc4f5 profile=sha256:bdd3cb1746ae provider=deepseek reason=auth window=cooldown reused=false
2026-08-10T11:52:29.539+08:00 [agent/embedded] embedded run failover decision: runId=70dbbac4-ac34-4d9d-a115-226ebaedc4f5 stage=assistant decision=surface_error reason=auth from=deepseek/deepseek-v4-pro profile=sha256:bdd3cb1746ae rawError=401 Authentication Fails, Your api key: ****ED__ is invalid
2026-08-10T11:52:29.541+08:00 [diagnostic] lane task error: lane=main durationMs=1844 error="FailoverError: HTTP 401: Authentication Fails, Your api key: ****ED__ is invalid"
2026-08-10T11:52:29.543+08:00 [diagnostic] lane task error: lane=session:agent:main:main durationMs=1846 error="FailoverError: HTTP 401: Authentication Fails, Your api key: ****ED__ is invalid"
2026-08-10T11:52:29.549+08:00 [model-fallback/decision] model fallback decision: decision=candidate_failed requested=deepseek/deepseek-v4-pro candidate=deepseek/deepseek-v4-pro reason=auth next=none detail=401 Authentication Fails, Your api key: ****ED__ is invalid
2026-08-10T11:52:29.694+08:00 Embedded agent failed before reply: HTTP 401: Authentication Fails, Your api key: ****ED__ is invalid
2026-08-10T11:52:33.282+08:00 [ws] ⇄ res ✓ config.get 150ms conn=a40c8471…d3d9 id=r48-r0mlum
2026-08-10T11:52:33.619+08:00 [gateway] provider auth state re-warmed (auth-profile-failure) in 3076ms eventLoopMax=140.6ms
2026-08-10T11:52:38.335+08:00 [ws] ⇄ res ✓ config.get 147ms conn=a40c8471…d3d9 id=r49-6kebh4
2026-08-10T11:52:43.338+08:00 [ws] ⇄ res ✓ config.get 146ms conn=a40c8471…d3d9 id=r50-5nhar4
2026-08-10T11:52:48.409+08:00 [ws] ⇄ res ✓ config.get 283ms conn=a40c8471…d3d9 id=r51-ldvhji
2026-08-10T11:52:48.419+08:00 [ws] ⇄ res ✓ config.get 155ms conn=a40c8471…d3d9 id=r52-0tkuph
2026-08-10T11:52:55.864+08:00 [ws] ⇄ res ✓ config.get 150ms conn=a40c8471…d3d9 id=r53-ixrt7z
2026-08-10T11:52:56.008+08:00 [gateway] config.patch noop actor=openclaw-control-ui device=unknown-device ip=unknown-ip conn=a40c8471-212f-43b0-9f0e-a1dc6737d3d9 (no changed paths)
2026-08-10T11:52:56.012+08:00 [ws] ⇄ res ✓ config.patch 145ms conn=a40c8471…d3d9 id=r54-85pycp
2026-08-10T11:52:56.159+08:00 [ws] ⇄ res ✓ config.get 144ms conn=a40c8471…d3d9 id=r55-xu98eo
2026-08-10T11:52:57.384+08:00 [ws] ⇄ res ✓ sessions.list 308ms conn=a40c8471…d3d9 id=r59-v60023
2026-08-10T11:52:57.398+08:00 [ws] ⇄ res ✓ config.get 474ms conn=a40c8471…d3d9 id=r56-iyveo1
2026-08-10T11:52:57.409+08:00 [ws] ⇄ res ✓ config.get 334ms conn=a40c8471…d3d9 id=r57-u6rz5v
2026-08-10T11:52:57.419+08:00 [ws] ⇄ res ✓ config.get 344ms conn=a40c8471…d3d9 id=r60-xjozfu
2026-08-10T11:53:02.090+08:00 [ws] ⇄ res ✓ config.get 162ms conn=a40c8471…d3d9 id=r63-knm9cf
2026-08-10T11:53:03.277+08:00 [mcp] registerTool ctx: sessionKey="agent:main:main", messageChannel="webchat", requesterSenderId="undefined", agentAccountId="undefined", sessionChat=undefined
2026-08-10T11:53:03.558+08:00 [provider-transport-fetch] [model-fetch] start provider=deepseek api=openai-completions model=deepseek-v4-pro method=POST url=https://api.deepseek.com/v1/chat/completions timeoutMs=undefined proxy=none policy=custom
2026-08-10T11:53:03.710+08:00 [provider-transport-fetch] [model-fetch] response provider=deepseek api=openai-completions model=deepseek-v4-pro status=401 elapsedMs=152 contentType=application/json
2026-08-10T11:53:03.721+08:00 [agent/embedded] embedded run agent end: runId=a965e1b1-4dc3-4c0f-ad05-add93fcfd476 isError=true model=deepseek-v4-pro provider=deepseek error=LLM request failed. rawError=401 Authentication Fails, Your api key: ****ED__ is invalid
2026-08-10T11:53:03.753+08:00 [agent/embedded] auth profile failure state updated: runId=a965e1b1-4dc3-4c0f-ad05-add93fcfd476 profile=sha256:bdd3cb1746ae provider=deepseek reason=auth window=cooldown reused=false
2026-08-10T11:53:03.758+08:00 [agent/embedded] embedded run failover decision: runId=a965e1b1-4dc3-4c0f-ad05-add93fcfd476 stage=assistant decision=surface_error reason=auth from=deepseek/deepseek-v4-pro profile=sha256:bdd3cb1746ae rawError=401 Authentication Fails, Your api key: ****ED__ is invalid
2026-08-10T11:53:03.762+08:00 [diagnostic] lane task error: lane=main durationMs=892 error="FailoverError: HTTP 401: Authentication Fails, Your api key: ****ED__ is invalid"
2026-08-10T11:53:03.764+08:00 [diagnostic] lane task error: lane=session:agent:main:main durationMs=895 error="FailoverError: HTTP 401: Authentication Fails, Your api key: ****ED__ is invalid"
2026-08-10T11:53:03.771+08:00 [model-fallback/decision] model fallback decision: decision=candidate_failed requested=deepseek/deepseek-v4-pro candidate=deepseek/deepseek-v4-pro reason=auth next=none detail=401 Authentication Fails, Your api key: ****ED__ is invalid
2026-08-10T11:53:03.785+08:00 Embedded agent failed before reply: HTTP 401: Authentication Fails, Your api key: ****ED__ is invalid
2026-08-10T11:53:04.247+08:00 [reload] config change detected; evaluating reload (meta.lastTouchedAt)
2026-08-10T11:53:04.851+08:00 [ws] ⇄ res ✓ models.authStatus 494ms conn=d6f85f4a…f5ab id=9ca6ab07…78bf
2026-08-10T11:53:07.081+08:00 [ws] ⇄ res ✓ config.get 158ms conn=a40c8471…d3d9 id=r65-9p92nb
2026-08-10T11:53:07.980+08:00 [gateway] provider auth state re-warmed (auth-profile-failure) in 3224ms eventLoopMax=162.9ms
2026-08-10T11:53:12.337+08:00 [ws] ⇄ res ✓ config.get 140ms conn=a40c8471…d3d9 id=r66-up67ki
2026-08-10T11:53:16.169+08:00 [ws] ⇄ res ✓ config.get 146ms conn=a40c8471…d3d9 id=r67-9guky1
2026-08-10T11:53:26.795+08:00 [ws] ⇄ res ✓ config.get 146ms conn=a40c8471…d3d9 id=r68-vycl00
2026-08-10T11:53:27.199+08:00 [gateway] config.patch write actor=openclaw-control-ui device=unknown-device ip=unknown-ip conn=a40c8471-212f-43b0-9f0e-a1dc6737d3d9 changedPaths=models.providers.deepseek.baseUrl restartReason=config.patch
2026-08-10T11:53:27.543+08:00 [reload] config change detected; evaluating reload (models.providers.deepseek.baseUrl, meta.lastTouchedAt)
2026-08-10T11:53:28.021+08:00 [ws] ⇄ res ✓ config.patch 1224ms conn=a40c8471…d3d9 id=r69-btioze
2026-08-10T11:53:28.028+08:00 [reload] config hot reload applied (models.providers.deepseek.baseUrl)
2026-08-10T11:53:28.329+08:00 [ws] ⇄ res ✓ config.get 156ms conn=a40c8471…d3d9 id=r70-xmvqe9
2026-08-10T11:53:36.891+08:00 [reload] config change detected; evaluating reload (meta.lastTouchedAt)
2026-08-10T11:53:37.551+08:00 [ws] ⇄ res ✓ models.authStatus 551ms conn=d640c826…1e23 id=0b7c524f…0a8e
2026-08-10T13:59:50.031+08:00 [ws] webchat disconnected code=1001 reason=n/a conn=a40c8471-212f-43b0-9f0e-a1dc6737d3d9
2026-08-10T13:59:51.042+08:00 [ws] webchat connected conn=547c99dd-9199-42bd-a5fd-09e3b9ed0e61 remote=127.0.0.1 client=openclaw-control-ui webchat v1.0.0
2026-08-10T13:59:51.267+08:00 [ws] ⇄ res ✓ config.get 151ms conn=547c99dd…0e61 id=r2-gqlvxm
2026-08-10T14:00:01.381+08:00 [ws] ⇄ res ✓ sessions.list 282ms conn=547c99dd…0e61 id=r6-79x1x0
2026-08-10T14:00:01.397+08:00 [ws] ⇄ res ✓ config.get 441ms conn=547c99dd…0e61 id=r3-ucx9ka
2026-08-10T14:00:01.406+08:00 [ws] ⇄ res ✓ config.get 307ms conn=547c99dd…0e61 id=r4-n1ru4r
2026-08-10T14:00:01.417+08:00 [ws] ⇄ res ✓ config.get 317ms conn=547c99dd…0e61 id=r7-fw6fk5
2026-08-10T14:00:05.307+08:00 [ws] ⇄ res ✓ skills.status 408ms conn=547c99dd…0e61 id=r15-ec38ut
2026-08-10T14:00:05.493+08:00 [ws] ⇄ res ✓ skills.status 183ms conn=547c99dd…0e61 id=r16-mag1pl
2026-08-10T14:00:06.574+08:00 [ws] ⇄ res ✓ sessions.list 144ms conn=547c99dd…0e61 id=r20-xgs5s3
2026-08-10T14:00:06.589+08:00 [ws] ⇄ res ✓ config.get 435ms conn=547c99dd…0e61 id=r17-prbenu
2026-08-10T14:00:06.598+08:00 [ws] ⇄ res ✓ config.get 444ms conn=547c99dd…0e61 id=r18-v88nqe
2026-08-10T14:00:06.608+08:00 [ws] ⇄ res ✓ config.get 177ms conn=547c99dd…0e61 id=r21-7r1n2h
2026-08-10T14:00:07.163+08:00 [ws] ⇄ res ✓ skills.status 180ms conn=547c99dd…0e61 id=r29-ij66n6
2026-08-10T14:00:07.340+08:00 [ws] ⇄ res ✓ skills.status 174ms conn=547c99dd…0e61 id=r30-rutf0n
2026-08-10T14:00:08.061+08:00 [ws] ⇄ res ✓ sessions.list 141ms conn=547c99dd…0e61 id=r34-qw8w9c
2026-08-10T14:00:08.074+08:00 [ws] ⇄ res ✓ config.get 423ms conn=547c99dd…0e61 id=r31-qhbws4
2026-08-10T14:00:08.084+08:00 [ws] ⇄ res ✓ config.get 433ms conn=547c99dd…0e61 id=r32-tkobes
2026-08-10T14:00:08.093+08:00 [ws] ⇄ res ✓ config.get 173ms conn=547c99dd…0e61 id=r35-s74z47
2026-08-10T14:00:12.797+08:00 [ws] ⇄ res ✓ config.get 145ms conn=547c99dd…0e61 id=r38-2hkq1t
2026-08-10T14:00:15.475+08:00 [provider-transport-fetch] [model-fetch] start provider=deepseek api=openai-completions model=deepseek-v4-pro method=POST url=https://api.deepseek.com/chat/completions timeoutMs=undefined proxy=none policy=custom
2026-08-10T14:00:15.725+08:00 [provider-transport-fetch] [model-fetch] response provider=deepseek api=openai-completions model=deepseek-v4-pro status=401 elapsedMs=249 contentType=application/json
2026-08-10T14:00:15.736+08:00 [agent/embedded] embedded run agent end: runId=6323cc92-366a-44ad-a5d9-3fd6513e7cc5 isError=true model=deepseek-v4-pro provider=deepseek error=LLM request failed. rawError=401 Authentication Fails, Your api key: ****ED__ is invalid
2026-08-10T14:00:15.770+08:00 [agent/embedded] auth profile failure state updated: runId=6323cc92-366a-44ad-a5d9-3fd6513e7cc5 profile=sha256:bdd3cb1746ae provider=deepseek reason=auth window=cooldown reused=false
2026-08-10T14:00:15.774+08:00 [agent/embedded] embedded run failover decision: runId=6323cc92-366a-44ad-a5d9-3fd6513e7cc5 stage=assistant decision=surface_error reason=auth from=deepseek/deepseek-v4-pro profile=sha256:bdd3cb1746ae rawError=401 Authentication Fails, Your api key: ****ED__ is invalid
2026-08-10T14:00:15.777+08:00 [diagnostic] lane task error: lane=main durationMs=945 error="FailoverError: HTTP 401: Authentication Fails, Your api key: ****ED__ is invalid"
2026-08-10T14:00:15.779+08:00 [diagnostic] lane task error: lane=session:agent:main:main durationMs=947 error="FailoverError: HTTP 401: Authentication Fails, Your api key: ****ED__ is invalid"
2026-08-10T14:00:15.785+08:00 [model-fallback/decision] model fallback decision: decision=candidate_failed requested=deepseek/deepseek-v4-pro candidate=deepseek/deepseek-v4-pro reason=auth next=none detail=401 Authentication Fails, Your api key: ****ED__ is invalid
2026-08-10T14:00:15.799+08:00 Embedded agent failed before reply: HTTP 401: Authentication Fails, Your api key: ****ED__ is invalid
2026-08-10T14:00:17.807+08:00 [ws] ⇄ res ✓ config.get 154ms conn=547c99dd…0e61 id=r40-yqntk1
2026-08-10T14:00:20.136+08:00 [gateway] provider auth state re-warmed (auth-profile-failure) in 3353ms eventLoopMax=142.9ms
2026-08-10T14:00:20.889+08:00 [ws] ⇄ res ✓ config.get 150ms conn=547c99dd…0e61 id=r41-zdvop9
2026-08-10T14:00:27.789+08:00 [ws] ⇄ res ✓ config.get 146ms conn=547c99dd…0e61 id=r42-6xi8jz
2026-08-10T14:00:28.192+08:00 [gateway] config.patch write actor=openclaw-control-ui device=unknown-device ip=unknown-ip conn=547c99dd-9199-42bd-a5fd-09e3b9ed0e61 changedPaths=agents.defaults.model restartReason=config.patch
2026-08-10T14:00:28.727+08:00 [ws] ⇄ res ✓ config.get 171ms conn=547c99dd…0e61 id=r44-fz33xl
2026-08-10T14:00:29.137+08:00 [gateway] config.patch write actor=openclaw-control-ui device=unknown-device ip=unknown-ip conn=547c99dd-9199-42bd-a5fd-09e3b9ed0e61 changedPaths=agents.defaults.model restartReason=config.patch
2026-08-10T14:00:29.145+08:00 [reload] config change detected; evaluating reload (agents.defaults.model, meta.lastTouchedAt)
2026-08-10T14:00:29.172+08:00 [reload] config hot reload applied (agents.defaults.model)
2026-08-10T14:00:29.467+08:00 [ws] ⇄ res ✓ config.get 151ms conn=547c99dd…0e61 id=r46-za3t2e
2026-08-10T14:00:29.765+08:00 [ws] ⇄ res ✓ config.patch 1974ms conn=547c99dd…0e61 id=r43-f1vgu7
2026-08-10T14:00:29.772+08:00 [gateway] config.patch noop actor=openclaw-control-ui device=unknown-device ip=unknown-ip conn=547c99dd-9199-42bd-a5fd-09e3b9ed0e61 (no changed paths)
2026-08-10T14:00:29.775+08:00 [ws] ⇄ res ✓ config.patch 300ms conn=547c99dd…0e61 id=r47-2pnlhk
2026-08-10T14:00:29.785+08:00 [ws] ⇄ res ✓ config.get 167ms conn=547c99dd…0e61 id=r48-i01lng
2026-08-10T14:00:29.789+08:00 [gateway] control-plane write rate-limited method=config.patch actor=openclaw-control-ui device=unknown-device ip=unknown-ip conn=547c99dd-9199-42bd-a5fd-09e3b9ed0e61 retryAfterMs=58003 key=unknown-device|unknown-ip|conn=547c99dd-9199-42bd-a5fd-09e3b9ed0e61
2026-08-10T14:00:29.791+08:00 [ws] ⇄ res ✗ config.patch 3ms errorCode=UNAVAILABLE errorMessage=rate limit exceeded for config.patch; retry after 59s conn=547c99dd…0e61 id=r51-xtmsec
2026-08-10T14:00:30.085+08:00 [ws] ⇄ res ✓ config.get 297ms conn=547c99dd…0e61 id=r49-pna41a
2026-08-10T14:00:30.097+08:00 [ws] ⇄ res ✓ config.get 308ms conn=547c99dd…0e61 id=r50-ek6ib2
2026-08-10T14:00:30.588+08:00 [reload] config change detected; evaluating reload (agents.defaults.model, meta.lastTouchedAt)
2026-08-10T14:00:30.635+08:00 [reload] config hot reload applied (agents.defaults.model)
2026-08-10T14:00:30.842+08:00 [ws] ⇄ res ✓ config.patch 2111ms conn=547c99dd…0e61 id=r45-usw5s9
2026-08-10T14:00:31.051+08:00 [ws] ⇄ res ✓ config.get 204ms conn=547c99dd…0e61 id=r52-1nsrkc
2026-08-10T14:00:32.886+08:00 [ws] ⇄ res ✓ skills.status 361ms conn=547c99dd…0e61 id=r58-kkt28w
2026-08-10T14:00:33.240+08:00 [ws] ⇄ res ✓ skills.status 348ms conn=547c99dd…0e61 id=r59-68h7ra
2026-08-10T14:00:42.932+08:00 [reload] config change detected; evaluating reload (meta.lastTouchedAt)
|
o  Config warnings -----------------------------------------------------------------------------------------------------+
|                                                                                                                       |
|  - plugins.entries.deepseek: plugin deepseek: duplicate plugin id                                                     |
|    resolved by explicit config-selected plugin; global plugin will be                                                 |
|    overridden by config plugin                                                                                        |
|    (D:\proje2026-08-10T14:00:48.328+08:00 [ws] webchat disconnected code=1012 reason=service restart conn=547c99dd-9199-42bd-a5fd-09e3b9ed0e61
2026-08-10T14:00:48.332+08:00 [shutdown] completed cleanly in 2209ms
2026-08-10T14:00:48.340+08:00 [gateway] restart mode: in-process restart (win32: detached respawn unsupported without Scheduled Task markers)
2026-08-10T14:00:48.847+08:00 [gateway] starting HTTP server...
2026-08-10T14:00:48.850+08:00 [gateway] ⚠️  Gateway is binding to a non-loopback address. Ensure authentication is configured before exposing to public networks.
2026-08-10T14:00:48.858+08:00 [health-monitor] started (interval: 300s, startup-grace: 60s, channel-connect-grace: 120s)
2026-08-10T14:00:48.880+08:00 [gateway] [plugins] duplicate plugin id resolved by explicit config-selected plugin; global plugin will be overridden by config plugin (D:\project\LXUP\runtime\openclaw-home\plugins\deepseek\node_modules\@openclaw\deepseek-provider\dist\index.js) (plugin=deepseek, source=D:\project\LXUP\runtime\openclaw-home\npm\projects\openclaw-deepseek-provider-2481ed984b\node_modules\@openclaw\deepseek-provider\dist\index.js)
2026-08-10T14:00:48.882+08:00 [gateway] [plugins] duplicate plugin id resolved by explicit config-selected plugin; global plugin will be overridden by config plugin (D:\project\LXUP\runtime\openclaw-home\plugins\weixin\node_modules\@tencent-weixin\openclaw-weixin\dist\index.js) (plugin=openclaw-weixin, source=D:\project\LXUP\runtime\openclaw-home\npm\projects\tencent-weixin-openclaw-weixin-7783ac86ba\node_modules\@tencent-weixin\openclaw-weixin\dist\index.js)
2026-08-10T14:00:48.884+08:00 [gateway] [plugins] duplicate plugin id resolved by explicit config-selected plugin; global plugin will be overridden by config plugin (D:\project\LXUP\runtime\openclaw-home\plugins\2026-08-10T14:00:51.139+08:00 [gateway] loading configuration…
2026-08-10T14:00:51.410+08:00 [gateway] force: killed pid 9984 on port 18789
2026-08-10T14:00:51.415+08:00 [gateway] resolving authentication…
2026-08-10T14:00:51.428+08:00 [gateway] starting...
2026-08-10T14:00:52.452+08:00 [gateway] starting HTTP server...
2026-08-10T14:00:52.455+08:00 [gateway] ⚠️  Gateway is binding to a non-loopback address. Ensure authentication is configured before exposing to public networks.
2026-08-10T14:00:52.737+08:00 [health-monitor] started (interval: 300s, startup-grace: 60s, channel-connect-grace: 120s)
2026-08-10T14:00:54.282+08:00 [gateway] [plugins] duplicate plugin id resolved by explicit config-selected plugin; global plugin will be overridden by config plugin (D:\project\LXUP\runtime\openclaw-home\plugins\deepseek\node_modules\@openclaw\deepseek-provider\dist\index.js) (plugin=deepseek, source=D:\project\LXUP\runtime\openclaw-home\npm\projects\openclaw-deepseek-provider-2481ed984b\node_modules\@openclaw\deepseek-provider\dist\index.js)
2026-08-10T14:00:54.285+08:00 [gateway] [plugins] duplicate plugin id resolved by explicit config-selected plugin; global plugin will be overridden by config plugin (D:\project\LXUP\runtime\openclaw-home\plugins\weixin\node_modules\@tencent-weixin\openclaw-weixin\dist\index.js) (plugin=openclaw-weixin, source=D:\project\LXUP\runtime\openclaw-home\npm\projects\tencent-weixin-openclaw-weixin-7783ac86ba\node_modules\@tencent-weixin\openclaw-weixin\dist\index.js)
2026-08-10T14:00:54.287+08:00 [gateway] [plugins] duplicate plugin id resolved by explicit config-selected plugin; global plugin will be overridden by config plugin (D:\project\LXUP\runtime\openclaw-home\plugins\qqbot\node_modules\@openclaw\qqbot\dist\index.js) (plugin=qqbot, source=D:\project\LXUP\runtime\openclaw-home\npm\projects\openclaw-qqbot-d3553f72f8\node_modules\@openclaw\qqbot\dist\index.js)
2026-08-10T14:00:54.289+08:00 [gateway] [plugins] duplicate plugin id resolved by explicit config-selected plugin; global plugin will be overridden by config plugin (D:\project\LXUP\runtime\openclaw-home\plugins\wecom\node_modules\@wecom\wecom-openclaw-plugin\dist\index.js) (plugin=wecom-openclaw-plugin, source=D:\project\LXUP\runtime\openclaw-home\npm\projects\wecom-wecom-openclaw-plugin-18f843d908\node_modules\@wecom\wecom-openclaw-plugin\dist\index.js)
2026-08-10T14:00:54.302+08:00 [gateway] agent model: deepseek/deepseek-v4-pro (thinking=medium, fast=off)
2026-08-10T14:00:54.304+08:00 [gateway] http server listening (11 plugins: browser, canvas, device-pair, file-transfer, memory-core, ollama, openclaw-weixin, phone-control, qqbot, talk-voice, wecom-openclaw-plugin; 2.6s)
2026-08-10T14:00:54.306+08:00 [gateway] log file: C:\Users\Administrator\AppData\Local\Temp\openclaw\openclaw-2026-08-10.log
2026-08-10T14:00:54.507+08:00 [gateway] security warning: dangerous config flags enabled: gateway.controlUi.dangerouslyDisableDeviceAuth=true. Run `openclaw security audit`.
2026-08-10T14:00:54.517+08:00 [gateway] starting channels and sidecars...
2026-08-10T14:00:54.854+08:00 [gateway] ready
2026-08-10T14:00:54.870+08:00 [heartbeat] started
2026-08-10T14:00:54.916+08:00 [ws] closed before connect conn=5e55d261-0747-481d-b502-11169b96cd4c peer=127.0.0.1:61411->127.0.0.1:18789 remote=127.0.0.1 fwd=n/a origin=http://localhost:5173 host=localhost:18789 ua=Mozilla/5.0 (Windows NT 10.0; Win64; x64) AppleWebKit/537.36 (KHTML, like Gecko) Chrome/151.0.0.0 Safari/537.36 Edg/151.0.0.0 code=4008 reason=connect failed phase=ws_upgrade_started
2026-08-10T14:00:57.491+08:00 [ws] webchat connected conn=d33f6e9f-22d7-4e49-9c4f-04f6b4e69036 remote=127.0.0.1 client=openclaw-control-ui webchat v1.0.0
2026-08-10T14:00:58.150+08:00 [ws] ⇄ res ✓ config.get 585ms conn=d33f6e9f…9036 id=r67-2ghied
2026-08-10T14:00:58.157+08:00 [ws] ⇄ res ✓ agents.list 592ms conn=d33f6e9f…9036 id=r68-tbidds
2026-08-10T14:00:58.167+08:00 [ws] ⇄ res ✓ sessions.list 601ms conn=d33f6e9f…9036 id=r69-395x1n
2026-08-10T14:01:02.342+08:00 [ws] ⇄ res ✓ config.get 161ms conn=d33f6e9f…9036 id=r71-n9utax
2026-08-10T14:01:06.402+08:00 [gateway] agent runtime plugins pre-warmed in 3ms
2026-08-10T14:01:07.175+08:00 [mcp] registerTool ctx: sessionKey="agent:main:main", messageChannel="webchat", requesterSenderId="undefined", agentAccountId="undefined", sessionChat=undefined
2026-08-10T14:01:07.344+08:00 [ws] ⇄ res ✓ config.get 150ms conn=d33f6e9f…9036 id=r73-5t9uf6
2026-08-10T14:01:07.721+08:00 [provider-transport-fetch] [model-fetch] start provider=deepseek api=openai-completions model=deepseek-v4-pro method=POST url=https://api.deepseek.com/chat/completions timeoutMs=undefined proxy=none policy=custom
2026-08-10T14:01:07.959+08:00 [provider-transport-fetch] [model-fetch] response provider=deepseek api=openai-completions model=deepseek-v4-pro status=401 elapsedMs=238 contentType=application/json
2026-08-10T14:01:07.994+08:00 [agent/embedded] embedded run agent end: runId=efcdb6fc-3efe-4ce8-9d16-a08be1229169 isError=true model=deepseek-v4-pro provider=deepseek error=LLM request failed. rawError=401 Authentication Fails, Your api key: ****ED__ is invalid
2026-08-10T14:01:08.054+08:00 [agent/embedded] auth profile failure state updated: runId=efcdb6fc-3efe-4ce8-9d16-a08be1229169 profile=sha256:bdd3cb1746ae provider=deepseek reason=auth window=cooldown reused=false
2026-08-10T14:01:08.060+08:00 [agent/embedded] embedded run failover decision: runId=efcdb6fc-3efe-4ce8-9d16-a08be1229169 stage=assistant decision=surface_error reason=auth from=deepseek/deepseek-v4-pro profile=sha256:bdd3cb1746ae rawError=401 Authentication Fails, Your api key: ****ED__ is invalid
2026-08-10T14:01:08.063+08:00 [diagnostic] lane task error: lane=main durationMs=1380 error="FailoverError: HTTP 401: Authentication Fails, Your api key: ****ED__ is invalid"
2026-08-10T14:01:08.065+08:00 [diagnostic] lane task error: lane=session:agent:main:main durationMs=1386 error="FailoverError: HTTP 401: Authentication Fails, Your api key: ****ED__ is invalid"
2026-08-10T14:01:08.073+08:00 [model-fallback/decision] model fallback decision: decision=candidate_failed requested=deepseek/deepseek-v4-pro candidate=deepseek/deepseek-v4-pro reason=auth next=none detail=401 Authentication Fails, Your api key: ****ED__ is invalid
2026-08-10T14:01:08.088+08:00 Embedded agent failed before reply: HTTP 401: Authentication Fails, Your api key: ****ED__ is invalid
2026-08-10T14:01:10.805+08:00 [ws] ⇄ res ✓ skills.status 389ms conn=d33f6e9f…9036 id=r79-0ev4cj
2026-08-10T14:01:10.995+08:00 [ws] ⇄ res ✓ skills.status 579ms conn=d33f6e9f…9036 id=r80-iryez4
2026-08-10T14:01:11.006+08:00 [ws] ⇄ res ✓ logs.tail 616ms conn=d33f6e9f…9036 id=r75-ehs4y3
2026-08-10T14:01:12.260+08:00 [gateway] provider auth state re-warmed (auth-profile-failure) in 3198ms eventLoopMax=620.8ms
2026-08-10T14:01:25.243+08:00 [ws] ⇄ res ✓ skills.status 199ms conn=d33f6e9f…9036 id=r86-hafkrm
2026-08-10T14:01:25.431+08:00 [ws] ⇄ res ✓ skills.status 186ms conn=d33f6e9f…9036 id=r87-is8tru
2026-08-10T14:01:25.438+08:00 [ws] ⇄ res ✓ logs.tail 410ms conn=d33f6e9f…9036 id=r82-k1aqs0
2026-08-10T14:01:27.313+08:00 [ws] ⇄ res ✓ config.get 165ms conn=d33f6e9f…9036 id=r88-d7pua4
2026-08-10T14:01:35.777+08:00 [browser/extension-relay] extension relay for profile "chrome" listening on 127.0.0.1:18799
2026-08-10T14:01:35.779+08:00 [browser/service] Browser control service ready (profiles=3)
2026-08-10T14:01:35.806+08:00 [ws] ⇄ res ✓ browser.request 330ms conn=e9b445a1…ea7b id=15311e01…cef7
2026-08-10T14:01:36.402+08:00 [ws] ⇄ res ✓ browser.request 480ms conn=ff71728b…75f2 id=f9903c3e…a882
2026-08-10T14:01:43.515+08:00 [browser/chrome] 🦞 openclaw browser profile decorated (#FF4500)
2026-08-10T14:01:43.950+08:00 [browser/chrome] 🦞 openclaw browser started (chrome) profile "openclaw" on 127.0.0.1:18800 (pid 11968)
2026-08-10T14:01:43.964+08:00 [ws] ⇄ res ✓ browser.request 5445ms conn=dc892639…58a2 id=1b8a24df…65c8
2026-08-10T14:01:53.228+08:00 [ws] ⇄ res ✓ skills.status 190ms conn=d33f6e9f…9036 id=r94-n4vw1b
2026-08-10T14:01:53.412+08:00 [ws] ⇄ res ✓ skills.status 182ms conn=d33f6e9f…9036 id=r95-ctk8af
2026-08-10T14:01:53.505+08:00 [ws] ⇄ res ✓ browser.request 714ms conn=24de1bf5…3864 id=a830eb0d…1084
2026-08-10T14:02:01.144+08:00 [ws] ⇄ res ✓ sessions.list 146ms conn=d33f6e9f…9036 id=r99-floia5
2026-08-10T14:02:01.159+08:00 [ws] ⇄ res ✓ config.get 444ms conn=d33f6e9f…9036 id=r96-rjzxul
2026-08-10T14:02:01.168+08:00 [ws] ⇄ res ✓ config.get 454ms conn=d33f6e9f…9036 id=r97-p0dzw8
2026-08-10T14:02:01.178+08:00 [ws] ⇄ res ✓ config.get 181ms conn=d33f6e9f…9036 id=r100-4qn8w0
2026-08-10T14:02:05.872+08:00 [ws] ⇄ res ✓ config.get 149ms conn=d33f6e9f…9036 id=r103-wp0enw
2026-08-10T14:02:10.873+08:00 [ws] ⇄ res ✓ config.get 150ms conn=d33f6e9f…9036 id=r104-jw5fex
2026-08-10T14:02:15.868+08:00 [ws] ⇄ res ✓ config.get 147ms conn=d33f6e9f…9036 id=r105-srr68k
2026-08-10T14:02:20.872+08:00 [ws] ⇄ res ✓ config.get 149ms conn=d33f6e9f…9036 id=r106-89z1z0
2026-08-10T14:02:25.870+08:00 [ws] ⇄ res ✓ config.get 149ms conn=d33f6e9f…9036 id=r107-pv7g5n
2026-08-10T14:02:30.874+08:00 [ws] ⇄ res ✓ config.get 152ms conn=d33f6e9f…9036 id=r108-j9k5c3
2026-08-10T14:02:35.902+08:00 [ws] ⇄ res ✓ config.get 177ms conn=d33f6e9f…9036 id=r109-yl0pr9
2026-08-10T14:02:40.874+08:00 [ws] ⇄ res ✓ config.get 145ms conn=d33f6e9f…9036 id=r110-moeqr7
2026-08-10T14:02:45.880+08:00 [ws] ⇄ res ✓ config.get 151ms conn=d33f6e9f…9036 id=r111-1dme80
2026-08-10T14:02:50.866+08:00 [ws] ⇄ res ✓ config.get 147ms conn=d33f6e9f…9036 id=r112-cuyfcv
2026-08-10T14:02:55.876+08:00 [ws] ⇄ res ✓ config.get 149ms conn=d33f6e9f…9036 id=r113-mwfd10
2026-08-10T14:03:00.864+08:00 [ws] ⇄ res ✓ config.get 147ms conn=d33f6e9f…9036 id=r114-by2vrv
2026-08-10T14:03:05.867+08:00 [ws] ⇄ res ✓ config.get 149ms conn=d33f6e9f…9036 id=r115-wcgmdz
2026-08-10T14:03:10.865+08:00 [ws] ⇄ res ✓ config.get 148ms conn=d33f6e9f…9036 id=r116-0et6su
2026-08-10T14:03:15.866+08:00 [ws] ⇄ res ✓ config.get 146ms conn=d33f6e9f…9036 id=r117-s3jw5w
2026-08-10T14:03:20.874+08:00 [ws] ⇄ res ✓ config.get 149ms conn=d33f6e9f…9036 id=r118-ic6lni
2026-08-10T14:03:25.873+08:00 [ws] ⇄ res ✓ config.get 146ms conn=d33f6e9f…9036 id=r119-z0zkg6
2026-08-10T14:03:30.878+08:00 [ws] ⇄ res ✓ config.get 149ms conn=d33f6e9f…9036 id=r120-6jxzjx
2026-08-10T14:03:35.876+08:00 [ws] ⇄ res ✓ config.get 147ms conn=d33f6e9f…9036 id=r121-cr14fx
2026-08-10T14:03:40.873+08:00 [ws] ⇄ res ✓ config.get 146ms conn=d33f6e9f…9036 id=r122-ji0yge
2026-08-10T14:03:45.861+08:00 [ws] ⇄ res ✓ config.get 144ms conn=d33f6e9f…9036 id=r123-i2eq6f
2026-08-10T14:03:50.869+08:00 [ws] ⇄ res ✓ config.get 149ms conn=d33f6e9f…9036 id=r124-jjn4s0
2026-08-10T14:03:52.198+08:00 [ws] ⇄ res ✓ config.get 170ms conn=d33f6e9f…9036 id=r126-otstr6
2026-08-10T14:13:36.196+08:00 [ws] ⇄ res ✓ skills.status 193ms conn=d33f6e9f…9036 id=r135-88038e
2026-08-10T14:13:36.376+08:00 [ws] ⇄ res ✓ skills.status 178ms conn=d33f6e9f…9036 id=r136-v3f46s
2026-08-10T14:13:37.581+08:00 [ws] ⇄ res ✓ config.get 156ms conn=d33f6e9f…9036 id=r137-lggp2s
2026-08-10T14:13:48.088+08:00 [ws] ⇄ res ✓ config.get 151ms conn=d33f6e9f…9036 id=r138-85mryf
2026-08-10T14:13:48.234+08:00 [gateway] config.patch noop actor=openclaw-control-ui device=unknown-device ip=unknown-ip conn=d33f6e9f-22d7-4e49-9c4f-04f6b4e69036 (no changed paths)
2026-08-10T14:13:48.238+08:00 [ws] ⇄ res ✓ config.patch 147ms conn=d33f6e9f…9036 id=r139-dd9d2j
2026-08-10T14:13:48.386+08:00 [ws] ⇄ res ✓ config.get 145ms conn=d33f6e9f…9036 id=r140-ejgy0j
2026-08-10T14:13:51.132+08:00 [ws] ⇄ res ✓ config.get 172ms conn=d33f6e9f…9036 id=r141-0xi1za
2026-08-10T14:13:51.301+08:00 [gateway] config.patch noop actor=openclaw-control-ui device=unknown-device ip=unknown-ip conn=d33f6e9f-22d7-4e49-9c4f-04f6b4e69036 (no changed paths)
2026-08-10T14:13:51.313+08:00 [ws] ⇄ res ✓ config.patch 176ms conn=d33f6e9f…9036 id=r142-c8fxgk
2026-08-10T14:13:51.506+08:00 [ws] ⇄ res ✓ config.get 188ms conn=d33f6e9f…9036 id=r143-9sl0wi
2026-08-10T14:13:52.244+08:00 [ws] ⇄ res ✓ config.get 180ms conn=d33f6e9f…9036 id=r144-4s1pkh
2026-08-10T14:13:52.425+08:00 [gateway] config.patch noop actor=openclaw-control-ui device=unknown-device ip=unknown-ip conn=d33f6e9f-22d7-4e49-9c4f-04f6b4e69036 (no changed paths)
2026-08-10T14:13:52.430+08:00 [ws] ⇄ res ✓ config.patch 183ms conn=d33f6e9f…9036 id=r145-i8m52r
2026-08-10T14:13:52.634+08:00 [ws] ⇄ res ✓ config.get 195ms conn=d33f6e9f…9036 id=r146-z8hzn0
2026-08-10T14:13:53.019+08:00 [ws] ⇄ res ✓ config.get 249ms conn=d33f6e9f…9036 id=r147-4qmf2d
2026-08-10T14:13:53.023+08:00 [gateway] control-plane write rate-limited method=config.patch actor=openclaw-control-ui device=unknown-device ip=unknown-ip conn=d33f6e9f-22d7-4e49-9c4f-04f6b4e69036 retryAfterMs=55068 key=unknown-device|unknown-ip|conn=d33f6e9f-22d7-4e49-9c4f-04f6b4e69036
2026-08-10T14:13:53.027+08:00 [ws] ⇄ res ✗ config.patch 3ms errorCode=UNAVAILABLE errorMessage=rate limit exceeded for config.patch; retry after 56s conn=d33f6e9f…9036 id=r148-8s2px6
2026-08-10T14:13:55.300+08:00 [ws] ⇄ res ✓ config.get 305ms conn=d33f6e9f…9036 id=r149-an50vd
2026-08-10T14:13:55.313+08:00 [gateway] control-plane write rate-limited method=config.patch actor=openclaw-control-ui device=unknown-device ip=unknown-ip conn=d33f6e9f-22d7-4e49-9c4f-04f6b4e69036 retryAfterMs=52785 key=unknown-device|unknown-ip|conn=d33f6e9f-22d7-4e49-9c4f-04f6b4e69036
2026-08-10T14:13:55.328+08:00 [ws] ⇄ res ✗ config.patch 12ms errorCode=UNAVAILABLE errorMessage=rate limit exceeded for config.patch; retry after 53s conn=d33f6e9f…9036 id=r150-lu6fvp
2026-08-10T14:13:58.948+08:00 [reload] config change detected; evaluating reload (meta.lastTouchedAt)
2026-08-10T14:13:59.323+08:00 [ws] ⇄ res ✓ config.get 238ms conn=d33f6e9f…9036 id=r151-fxnf3r
2026-08-10T14:13:59.482+08:00 [gateway] control-plane write rate-limited method=config.patch actor=openclaw-control-ui device=unknown-device ip=unknown-ip conn=d33f6e9f-22d7-4e49-9c4f-04f6b4e69036 retryAfterMs=48608 key=unknown-device|unknown-ip|conn=d33f6e9f-22d7-4e49-9c4f-04f6b4e69036
2026-08-10T14:13:59.488+08:00 [ws] ⇄ res ✗ config.patch 4ms errorCode=UNAVAILABLE errorMessage=rate limit exceeded for config.patch; retry after 49s conn=d33f6e9f…9036 id=r152-c98qbd
2026-08-10T14:14:00.334+08:00 [ws] ⇄ res ✓ models.authStatus 840ms conn=ab9a770e…3ace id=1d6ad99c…5496
2026-08-10T14:14:02.500+08:00 [ws] ⇄ res ✓ config.get 188ms conn=d33f6e9f…9036 id=r153-277t1x
2026-08-10T14:14:02.503+08:00 [gateway] control-plane write rate-limited method=config.patch actor=openclaw-control-ui device=unknown-device ip=unknown-ip conn=d33f6e9f-22d7-4e49-9c4f-04f6b4e69036 retryAfterMs=45588 key=unknown-device|unknown-ip|conn=d33f6e9f-22d7-4e49-9c4f-04f6b4e69036
2026-08-10T14:14:02.506+08:00 [ws] ⇄ res ✗ config.patch 3ms errorCode=UNAVAILABLE errorMessage=rate limit exceeded for config.patch; retry after 46s conn=d33f6e9f…9036 id=r154-5girwr
2026-08-10T14:14:03.622+08:00 [reload] config change detected; evaluating reload (meta.lastTouchedAt)
2026-08-10T14:14:04.228+08:00 [ws] ⇄ res ✓ config.get 166ms conn=d33f6e9f…9036 id=r155-x7w985
2026-08-10T14:14:04.231+08:00 [gateway] control-plane write rate-limited method=config.patch actor=openclaw-control-ui device=unknown-device ip=unknown-ip conn=d33f6e9f-22d7-4e49-9c4f-04f6b4e69036 retryAfterMs=43859 key=unknown-device|unknown-ip|conn=d33f6e9f-22d7-4e49-9c4f-04f6b4e69036
2026-08-10T14:14:04.234+08:00 [ws] ⇄ res ✗ config.patch 2ms errorCode=UNAVAILABLE errorMessage=rate limit exceeded for config.patch; retry after 44s conn=d33f6e9f…9036 id=r156-102sjw
2026-08-10T14:14:04.298+08:00 [ws] ⇄ res ✓ models.authStatus 558ms conn=0e2d1282…f3c9 id=f9bb2cc9…ccee
2026-08-10T14:14:05.244+08:00 [reload] config change detected; evaluating reload (meta.lastTouchedAt)
2026-08-10T14:14:05.760+08:00 [ws] ⇄ res ✓ models.authStatus 403ms conn=12c7eda3…c456 id=fde6b5c3…d362
2026-08-10T14:14:06.020+08:00 [ws] webchat disconnected code=1001 reason=n/a conn=d33f6e9f-22d7-4e49-9c4f-04f6b4e69036
2026-08-10T14:14:06.398+08:00 [ws] webchat connected conn=ac72fa88-9913-4c73-91f6-1fa8ca423af1 remote=127.0.0.1 client=openclaw-control-ui webchat v1.0.0
2026-08-10T14:14:06.634+08:00 [ws] ⇄ res ✓ config.get 149ms conn=ac72fa88…3af1 id=r2-s3ju1c
2026-08-10T14:14:13.084+08:00 [ws] ⇄ res ✓ sessions.list 276ms conn=ac72fa88…3af1 id=r6-fo4tqr
2026-08-10T14:14:13.098+08:00 [ws] ⇄ res ✓ config.get 433ms conn=ac72fa88…3af1 id=r3-abfovm
2026-08-10T14:14:13.108+08:00 [ws] ⇄ res ✓ config.get 301ms conn=ac72fa88…3af1 id=r4-23z6f2
2026-08-10T14:14:13.119+08:00 [ws] ⇄ res ✓ config.get 311ms conn=ac72fa88…3af1 id=r7-0qu4ac
2026-08-10T14:14:17.817+08:00 [ws] ⇄ res ✓ config.get 143ms conn=ac72fa88…3af1 id=r10-6olwq2
2026-08-10T14:14:20.766+08:00 [provider-transport-fetch] [model-fetch] start provider=deepseek api=openai-completions model=deepseek-v4-pro method=POST url=https://api.deepseek.com/chat/completions timeoutMs=undefined proxy=none policy=custom
2026-08-10T14:14:20.905+08:00 [provider-transport-fetch] [model-fetch] response provider=deepseek api=openai-completions model=deepseek-v4-pro status=401 elapsedMs=136 contentType=application/json
2026-08-10T14:14:20.916+08:00 [agent/embedded] embedded run agent end: runId=78cce47d-6487-4e69-a816-5492e6f8c5d8 isError=true model=deepseek-v4-pro provider=deepseek error=LLM request failed. rawError=401 Authentication Fails, Your api key: ****ED__ is invalid
2026-08-10T14:14:20.954+08:00 [agent/embedded] auth profile failure state updated: runId=78cce47d-6487-4e69-a816-5492e6f8c5d8 profile=sha256:bdd3cb1746ae provider=deepseek reason=auth window=cooldown reused=false
2026-08-10T14:14:20.959+08:00 [agent/embedded] embedded run failover decision: runId=78cce47d-6487-4e69-a816-5492e6f8c5d8 stage=assistant decision=surface_error reason=auth from=deepseek/deepseek-v4-pro profile=sha256:bdd3cb1746ae rawError=401 Authentication Fails, Your api key: ****ED__ is invalid
2026-08-10T14:14:20.961+08:00 [diagnostic] lane task error: lane=main durationMs=856 error="FailoverError: HTTP 401: Authentication Fails, Your api key: ****ED__ is invalid"
2026-08-10T14:14:20.963+08:00 [diagnostic] lane task error: lane=session:agent:main:main durationMs=858 error="FailoverError: HTTP 401: Authentication Fails, Your api key: ****ED__ is invalid"
2026-08-10T14:14:20.969+08:00 [model-fallback/decision] model fallback decision: decision=candidate_failed requested=deepseek/deepseek-v4-pro candidate=deepseek/deepseek-v4-pro reason=auth next=none detail=401 Authentication Fails, Your api key: ****ED__ is invalid
2026-08-10T14:14:20.983+08:00 Embedded agent failed before reply: HTTP 401: Authentication Fails, Your api key: ****ED__ is invalid
2026-08-10T14:14:22.819+08:00 [ws] ⇄ res ✓ config.get 145ms conn=ac72fa88…3af1 id=r12-xd7air
2026-08-10T14:14:25.098+08:00 [gateway] provider auth state re-warmed (auth-profile-failure) in 3137ms eventLoopMax=136.8ms
2026-08-10T14:14:27.823+08:00 [ws] ⇄ res ✓ config.get 152ms conn=ac72fa88…3af1 id=r13-dx0lr3
2026-08-10T14:14:33.355+08:00 [ws] ⇄ res ✓ config.get 151ms conn=ac72fa88…3af1 id=r14-zy0iax
2026-08-10T14:14:38.332+08:00 [ws] ⇄ res ✓ config.get 142ms conn=ac72fa88…3af1 id=r15-lnuhdy
2026-08-10T14:14:43.343+08:00 [ws] ⇄ res ✓ config.get 147ms conn=ac72fa88…3af1 id=r16-duom78
2026-08-10T14:14:48.345+08:00 [ws] ⇄ res ✓ config.get 148ms conn=ac72fa88…3af1 id=r17-7sqs6x
2026-08-10T14:14:53.347+08:00 [ws] ⇄ res ✓ config.get 146ms conn=ac72fa88…3af1 id=r18-jg8j2k
2026-08-10T14:14:58.340+08:00 [ws] ⇄ res ✓ config.get 144ms conn=ac72fa88…3af1 id=r19-7gtgko
2026-08-10T14:15:01.770+08:00 [ws] ⇄ res ✓ skills.status 176ms conn=ac72fa88…3af1 id=r22-kzbt9n
2026-08-10T14:15:01.773+08:00 [ws] ⇄ res ✓ channels.status 179ms conn=ac72fa88…3af1 id=r21-6r7uzs
2026-08-10T14:15:04.235+08:00 [ws] ⇄ res ✓ config.get 147ms conn=ac72fa88…3af1 id=r23-0pvmkq
2026-08-10T14:15:08.360+08:00 [ws] ⇄ res ✓ config.get 145ms conn=ac72fa88…3af1 id=r24-jrmkns
2026-08-10T14:15:08.505+08:00 [gateway] config.patch write actor=openclaw-control-ui device=unknown-device ip=unknown-ip conn=ac72fa88-9913-4c73-91f6-1fa8ca423af1 changedPaths=models.providers.deepseek,models.providers.dashscope,agents.defaults.model restartReason=config.patch
2026-08-10T14:15:08.693+08:00 Config warnings:
- plugins.entries.deepseek: plugin deepseek: duplicate plugin id resolved by explicit config-selected plugin; global plugin will be overridden by config plugin (D:\project\LXUP\runtime\openclaw-home\plugins\deepseek\node_modules\@openclaw\deepseek-provider\dist\index.js)
- plugins.entries.openclaw-weixin: plugin openclaw-weixin: duplicate plugin id resolved by explicit config-selected plugin; global plugin will be overridden by config plugin (D:\project\LXUP\runtime\openclaw-home\plugins\weixin\node_modules\@tencent-weixin\openclaw-weixin\dist\index.js)
- plugins.entries.qqbot: plugin qqbot: duplicate plugin id resolved by explicit config-selected plugin; global plugin will be overridden by config plugin (D:\project\LXUP\runtime\openclaw-home\plugins\qqbot\node_modules\@openclaw\qqbot\dist\index.js)
- plugins.entries.wecom-openclaw-plugin: plugin wecom-openclaw-plugin: duplicate plugin id resolved by explicit config-selected plugin; global plugin will be overridden by config plugin (D:\project\LXUP\runtime\openclaw-home\plugins\wecom\node_modules\@wecom\wecom-openclaw-plugin\dist\index.js)
2026-08-10T14:15:08.861+08:00 [reload] config change detected; evaluating reload (agents.defaults.model, models.providers.deepseek, models.providers.dashscope, meta.lastTouchedAt)
2026-08-10T14:15:09.358+08:00 [reload] config hot reload applied (agents.defaults.model, models.providers.deepseek, models.providers.dashscope)
2026-08-10T14:15:09.531+08:00 [ws] ⇄ res ✓ config.patch 1169ms conn=ac72fa88…3af1 id=r25-rurqfq
2026-08-10T14:15:09.691+08:00 [ws] ⇄ res ✓ config.get 153ms conn=ac72fa88…3af1 id=r26-i40dsx
2026-08-10T14:15:30.908+08:00 [ws] ⇄ res ✓ config.get 148ms conn=ac72fa88…3af1 id=r27-iwbvn4
2026-08-10T14:15:31.184+08:00 [gateway] config.patch write actor=openclaw-control-ui device=unknown-device ip=unknown-ip conn=ac72fa88-9913-4c73-91f6-1fa8ca423af1 changedPaths=models.providers.deepseek,agents.defaults.model restartReason=config.patch
2026-08-10T14:15:31.547+08:00 [reload] config change detected; evaluating reload (agents.defaults.model, models.providers.deepseek, meta.lastTouchedAt)
2026-08-10T14:15:32.047+08:00 [reload] config hot reload applied (agents.defaults.model, models.providers.deepseek)
2026-08-10T14:15:32.194+08:00 [ws] ⇄ res ✓ config.patch 1284ms conn=ac72fa88…3af1 id=r28-bj2q1e
2026-08-10T14:15:32.349+08:00 [ws] ⇄ res ✓ config.get 151ms conn=ac72fa88…3af1 id=r29-qv6zna
2026-08-10T14:15:38.926+08:00 [ws] ⇄ res ✓ sessions.list 430ms conn=ac72fa88…3af1 id=r36-pjxzbe
2026-08-10T14:15:38.938+08:00 [ws] ⇄ res ✓ config.get 441ms conn=ac72fa88…3af1 id=r33-rj6hld
2026-08-10T14:15:38.949+08:00 [ws] ⇄ res ✓ config.get 452ms conn=ac72fa88…3af1 id=r34-v7jsxe
2026-08-10T14:15:38.958+08:00 [ws] ⇄ res ✓ config.get 461ms conn=ac72fa88…3af1 id=r37-vswr30
2026-08-10T14:15:39.151+08:00 [ws] ⇄ res ✓ skills.status 182ms conn=ac72fa88…3af1 id=r42-z5d5xi
2026-08-10T14:15:39.350+08:00 [ws] ⇄ res ✓ skills.status 381ms conn=ac72fa88…3af1 id=r43-ocgt9x
2026-08-10T14:15:39.819+08:00 [ws] ⇄ res ✓ config.get 467ms conn=ac72fa88…3af1 id=r44-ib05ls
2026-08-10T14:15:39.829+08:00 [ws] ⇄ res ✓ chat.history 869ms conn=ac72fa88…3af1 id=r41-p5qu17
2026-08-10T14:15:39.834+08:00 [ws] ⇄ res ✓ logs.tail 1338ms conn=ac72fa88…3af1 id=r31-0xc9se
2026-08-10T14:15:41.444+08:00 [reload] config change detected; evaluating reload (meta.lastTouchedAt)
2026-08-10T14:15:42.092+08:00 [mcp] registerTool ctx: sessionKey="agent:main:main", messageChannel="webchat", requesterSenderId="undefined", agentAccountId="undefined", sessionChat=undefined
2026-08-10T14:15:42.318+08:00 [provider-transport-fetch] [model-fetch] start provider=deepseek api=openai-completions model=deepseek-v4-pro method=POST url=https://api.deepseek.com/v1/chat/completions timeoutMs=undefined proxy=none policy=custom
2026-08-10T14:15:42.417+08:00 [ws] ⇄ res ✓ models.authStatus 862ms conn=4ebbc7e7…5437 id=b512ccf1…c36f
2026-08-10T14:15:43.060+08:00 [provider-transport-fetch] [model-fetch] response provider=deepseek api=openai-completions model=deepseek-v4-pro status=401 elapsedMs=739 contentType=application/json
2026-08-10T14:15:43.072+08:00 [agent/embedded] embedded run agent end: runId=8a613e27-7e18-4850-b807-5b07ff695387 isError=true model=deepseek-v4-pro provider=deepseek error=LLM request failed. rawError=401 Authentication Fails, Your api key: ****ED__ is invalid
2026-08-10T14:15:43.111+08:00 [agent/embedded] auth profile failure state updated: runId=8a613e27-7e18-4850-b807-5b07ff695387 profile=sha256:bdd3cb1746ae provider=deepseek reason=auth window=cooldown reused=false
2026-08-10T14:15:43.116+08:00 [agent/embedded] embedded run failover decision: runId=8a613e27-7e18-4850-b807-5b07ff695387 stage=assistant decision=surface_error reason=auth from=deepseek/deepseek-v4-pro profile=sha256:bdd3cb1746ae rawError=401 Authentication Fails, Your api key: ****ED__ is invalid
2026-08-10T14:15:43.118+08:00 [diagnostic] lane task error: lane=main durationMs=2381 error="FailoverError: HTTP 401: Authentication Fails, Your api key: ****ED__ is invalid"
2026-08-10T14:15:43.120+08:00 [diagnostic] lane task error: lane=session:agent:main:main durationMs=2383 error="FailoverError: HTTP 401: Authentication Fails, Your api key: ****ED__ is invalid"
2026-08-10T14:15:43.126+08:00 [model-fallback/decision] model fallback decision: decision=candidate_failed requested=deepseek/deepseek-v4-pro candidate=deepseek/deepseek-v4-pro reason=auth next=none detail=401 Authentication Fails, Your api key: ****ED__ is invalid
2026-08-10T14:15:43.266+08:00 Embedded agent failed before reply: HTTP 401: Authentication Fails, Your api key: ****ED__ is invalid
2026-08-10T14:15:44.403+08:00 [ws] ⇄ res ✓ config.get 154ms conn=ac72fa88…3af1 id=r46-ofdzmo
2026-08-10T14:15:45.144+08:00 [model-fallback/decision] model fallback decision: decision=skip_candidate requested=deepseek/deepseek-v4-pro candidate=deepseek/deepseek-v4-pro reason=auth next=none detail=Provider deepseek has auth issue (skipping all models)
2026-08-10T14:15:45.158+08:00 Embedded agent failed before reply: All models failed (1): deepseek/deepseek-v4-pro: Provider deepseek has auth issue (skipping all models) (auth)
2026-08-10T14:15:47.324+08:00 [gateway] provider auth state re-warmed (auth-profile-failure) in 3199ms eventLoopMax=263.7ms
2026-08-10T14:15:49.426+08:00 [ws] ⇄ res ✓ config.get 169ms conn=ac72fa88…3af1 id=r48-qdvnvf
2026-08-10T14:15:54.395+08:00 [ws] ⇄ res ✓ config.get 141ms conn=ac72fa88…3af1 id=r49-1pl5bt
2026-08-10T14:15:59.403+08:00 [ws] ⇄ res ✓ config.get 146ms conn=ac72fa88…3af1 id=r50-5nn1dq
2026-08-10T14:16:04.399+08:00 [ws] ⇄ res ✓ config.get 144ms conn=ac72fa88…3af1 id=r51-l8gsbv
2026-08-10T14:16:09.403+08:00 [ws] ⇄ res ✓ config.get 146ms conn=ac72fa88…3af1 id=r52-zd27rb
2026-08-10T14:16:15.342+08:00 [ws] ⇄ res ✓ config.get 142ms conn=ac72fa88…3af1 id=r53-xzllda
2026-08-10T14:16:20.344+08:00 [ws] ⇄ res ✓ config.get 143ms conn=ac72fa88…3af1 id=r54-j6cim9
2026-08-10T14:16:25.340+08:00 [ws] ⇄ res ✓ config.get 142ms conn=ac72fa88…3af1 id=r55-j68e35
2026-08-10T14:16:30.346+08:00 [ws] ⇄ res ✓ config.get 145ms conn=ac72fa88…3af1 id=r56-jdrr1g
2026-08-10T14:16:35.343+08:00 [ws] ⇄ res ✓ config.get 142ms conn=ac72fa88…3af1 id=r57-ryys7q
2026-08-10T14:16:40.340+08:00 [ws] ⇄ res ✓ config.get 140ms conn=ac72fa88…3af1 id=r58-asb9oz
2026-08-10T14:16:45.344+08:00 [ws] ⇄ res ✓ config.get 144ms conn=ac72fa88…3af1 id=r59-1ar2h1
2026-08-10T14:16:50.338+08:00 [ws] ⇄ res ✓ config.get 141ms conn=ac72fa88…3af1 id=r60-aj8ros
2026-08-10T14:16:55.333+08:00 [ws] ⇄ res ✓ config.get 143ms conn=ac72fa88…3af1 id=r61-zqtq78
2026-08-10T14:17:00.359+08:00 [ws] ⇄ res ✓ config.get 166ms conn=ac72fa88…3af1 id=r62-0i9n46
2026-08-10T14:17:05.333+08:00 [ws] ⇄ res ✓ config.get 144ms conn=ac72fa88…3af1 id=r63-ydrw7z
2026-08-10T14:17:46.357+08:00 [ws] ⇄ res ✓ config.get 160ms conn=ac72fa88…3af1 id=r64-zzde5x
2026-08-10T14:18:46.358+08:00 [ws] ⇄ res ✓ config.get 154ms conn=ac72fa88…3af1 id=r65-dz5pu1
2026-08-10T14:19:46.353+08:00 [ws] ⇄ res ✓ config.get 155ms conn=ac72fa88…3af1 id=r66-1jis1u
2026-08-10T14:20:46.345+08:00 [ws] ⇄ res ✓ config.get 154ms conn=ac72fa88…3af1 id=r67-ebzpnt
2026-08-10T14:21:46.345+08:00 [ws] ⇄ res ✓ config.get 153ms conn=ac72fa88…3af1 id=r68-tn558b
2026-08-10T14:22:46.349+08:00 [ws] ⇄ res ✓ config.get 152ms conn=ac72fa88…3af1 id=r69-a3b2sy
2026-08-10T14:23:46.342+08:00 [ws] ⇄ res ✓ config.get 151ms conn=ac72fa88…3af1 id=r70-87mhss
2026-08-10T14:24:46.349+08:00 [ws] ⇄ res ✓ config.get 151ms conn=ac72fa88…3af1 id=r71-qv2hzk
2026-08-10T14:25:46.353+08:00 [ws] ⇄ res ✓ config.get 152ms conn=ac72fa88…3af1 id=r72-mltj7s
2026-08-10T14:26:46.355+08:00 [ws] ⇄ res ✓ config.get 150ms conn=ac72fa88…3af1 id=r73-w2g73n
2026-08-10T14:27:46.348+08:00 [ws] ⇄ res ✓ config.get 156ms conn=ac72fa88…3af1 id=r74-1gigh1
2026-08-10T14:28:34.685+08:00 [ws] ⇄ res ✓ config.get 164ms conn=ac72fa88…3af1 id=r75-y2egs0
2026-08-10T14:28:39.401+08:00 [ws] ⇄ res ✓ config.get 152ms conn=ac72fa88…3af1 id=r76-cqdlti
2026-08-10T14:28:44.410+08:00 [ws] ⇄ res ✓ config.get 154ms conn=ac72fa88…3af1 id=r77-3cf1n4
2026-08-10T14:28:44.853+08:00 [ws] ⇄ res ✓ config.get 152ms conn=ac72fa88…3af1 id=r78-p4h9en
2026-08-10T14:28:51.065+08:00 [ws] ⇄ res ✓ sessions.list 291ms conn=ac72fa88…3af1 id=r82-pa2nn0
2026-08-10T14:28:51.078+08:00 [ws] ⇄ res ✓ config.get 456ms conn=ac72fa88…3af1 id=r79-877m49
2026-08-10T14:28:51.088+08:00 [ws] ⇄ res ✓ config.get 314ms conn=ac72fa88…3af1 id=r80-32d53u
2026-08-10T14:28:51.097+08:00 [ws] ⇄ res ✓ config.get 324ms conn=ac72fa88…3af1 id=r83-t2wcmv
2026-08-10T14:28:52.473+08:00 [ws] ⇄ res ✓ skills.status 189ms conn=ac72fa88…3af1 id=r91-9a617r
2026-08-10T14:28:52.656+08:00 [ws] ⇄ res ✓ skills.status 181ms conn=ac72fa88…3af1 id=r92-ex50yh
|
o  Config warnings -----------------------------------------------------------------------------------------------------+
|                                                                                                                       |
|  - plugins.entries.deepseek: plugin deepseek: duplicate plugin id                                                     |
|    resolved by explicit config-selected plugin; global plugin will be                                                 |
|    overridden by config plugin                                                                                        |
|    (D:\project\LXUP\runtime\openclaw-home\plugins\deepseek\node_modules\@openclaw\deepseek-provider\dist\index.js)    |
|  - plugins.entries.openclaw-weixin: plugin openclaw-weixin: duplicate                                                 |
|    plugin id resolved by explicit config-selected plugin; global plugin                                               |
|    will be overridden by config plugin                                                                                |
|    (D:\project\LXUP\runtime\openclaw-home\plugins\weixin\node_modules\@tencent-weixin\openclaw-weixin\dist\index.js)  |
|  - plugins.entries.qqbot: plugin qqbot: duplicate plugin id resolved by                                               |
|    explicit config-selected plugin; global plugin will be overridden by                                               |
|    config plugin                                                                                                      |
|    (D:\project\LXUP\runtime\openclaw-home\plugins\qqbot\node_modules\@openclaw\qqbot\dist\index.js)                   |
|  - plugins.entries.wecom-openclaw-plugin: plugin wecom-openclaw-plugin:                                               |
|    duplicate plugin id resolved by explicit config-selected plugin;                                                   |
|    global plugin will be overridden by config plugin                                                                  |
|    (D:\project\LXUP\runtime\openclaw-home\plugins\wecom\node_modules\@wecom\wecom-openclaw-plugin\dist\index.js)      |
|                                                                                                                       |
+-----------------------------------------------------------------------------------------------------------------------+
2026-08-10T14:29:01.183+08:00 [gateway] loading configuration…
2026-08-10T14:29:01.350+08:00 [gateway] force: no listeners on port 18789
2026-08-10T14:29:01.355+08:00 [gateway] resolving authentication…
2026-08-10T14:29:01.366+08:00 [gateway] starting...
2026-08-10T14:29:02.369+08:00 [gateway] starting HTTP server...
2026-08-10T14:29:02.373+08:00 [gateway] ⚠️  Gateway is binding to a non-loopback address. Ensure authentication is configured before exposing to public networks.
2026-08-10T14:29:02.645+08:00 [health-monitor] started (interval: 300s, startup-grace: 60s, channel-connect-grace: 120s)
2026-08-10T14:29:04.126+08:00 [gateway] [plugins] duplicate plugin id resolved by explicit config-selected plugin; global plugin will be overridden by config plugin (D:\project\LXUP\runtime\openclaw-home\plugins\deepseek\node_modules\@openclaw\deepseek-provider\dist\index.js) (plugin=deepseek, source=D:\project\LXUP\runtime\openclaw-home\npm\projects\openclaw-deepseek-provider-2481ed984b\node_modules\@openclaw\deepseek-provider\dist\index.js)
2026-08-10T14:29:04.128+08:00 [gateway] [plugins] duplicate plugin id resolved by explicit config-selected plugin; global plugin will be overridden by config plugin (D:\project\LXUP\runtime\openclaw-home\plugins\weixin\node_modules\@tencent-weixin\openclaw-weixin\dist\index.js) (plugin=openclaw-weixin, source=D:\project\LXUP\runtime\openclaw-home\npm\projects\tencent-weixin-openclaw-weixin-7783ac86ba\node_modules\@tencent-weixin\openclaw-weixin\dist\index.js)
2026-08-10T14:29:04.130+08:00 [gateway] [plugins] duplicate plugin id resolved by explicit config-selected plugin; global plugin will be overridden by config plugin (D:\project\LXUP\runtime\openclaw-home\plugins\qqbot\node_modules\@openclaw\qqbot\dist\index.js) (plugin=qqbot, source=D:\project\LXUP\runtime\openclaw-home\npm\projects\openclaw-qqbot-d3553f72f8\node_modules\@openclaw\qqbot\dist\index.js)
2026-08-10T14:29:04.132+08:00 [gateway] [plugins] duplicate plugin id resolved by explicit config-selected plugin; global plugin will be overridden by config plugin (D:\project\LXUP\runtime\openclaw-home\plugins\wecom\node_modules\@wecom\wecom-openclaw-plugin\dist\index.js) (plugin=wecom-openclaw-plugin, source=D:\project\LXUP\runtime\openclaw-home\npm\projects\wecom-wecom-openclaw-plugin-18f843d908\node_modules\@wecom\wecom-openclaw-plugin\dist\index.js)
2026-08-10T14:29:04.154+08:00 [gateway] agent model: deepseek/deepseek-v4-pro (thinking=off, fast=off)
2026-08-10T14:29:04.156+08:00 [gateway] http server listening (11 plugins: browser, canvas, device-pair, file-transfer, memory-core, ollama, openclaw-weixin, phone-control, qqbot, talk-voice, wecom-openclaw-plugin; 2.5s)
2026-08-10T14:29:04.158+08:00 [gateway] log file: C:\Users\Administrator\AppData\Local\Temp\openclaw\openclaw-2026-08-10.log
2026-08-10T14:29:04.359+08:00 [gateway] security warning: dangerous config flags enabled: gateway.controlUi.dangerouslyDisableDeviceAuth=true. Run `openclaw security audit`.
2026-08-10T14:29:04.361+08:00 [gateway] starting channels and sidecars...
2026-08-10T14:29:04.656+08:00 [gateway] ready
2026-08-10T14:29:04.681+08:00 [heartbeat] started
2026-08-10T14:29:06.250+08:00 [ws] webchat connected conn=275e098f-313b-40d4-ac67-678ec7352ca9 remote=127.0.0.1 client=openclaw-control-ui webchat v1.0.0
2026-08-10T14:29:06.470+08:00 [ws] ⇄ res ✓ sessions.list 112ms conn=275e098f…2ca9 id=r96-3uyzmz
2026-08-10T14:29:07.230+08:00 [ws] ⇄ res ✓ skills.status 757ms conn=275e098f…2ca9 id=r97-5641fu
2026-08-10T14:29:08.353+08:00 [ws] ⇄ res ✓ sessions.list 146ms conn=275e098f…2ca9 id=r101-qocyh1
2026-08-10T14:29:08.602+08:00 [ws] ⇄ res ✓ config.get 733ms conn=275e098f…2ca9 id=r98-jfcvl2
2026-08-10T14:29:08.612+08:00 [ws] ⇄ res ✓ config.get 742ms conn=275e098f…2ca9 id=r99-epply5
2026-08-10T14:29:08.623+08:00 [ws] ⇄ res ✓ config.get 414ms conn=275e098f…2ca9 id=r102-cj9zry
2026-08-10T14:29:08.639+08:00 [ws] ⇄ res ✓ chat.history 283ms conn=275e098f…2ca9 id=r104-f00if7
2026-08-10T14:29:14.193+08:00 [ws] ⇄ res ✓ config.get 144ms conn=275e098f…2ca9 id=r106-x1f51x
2026-08-10T14:29:14.798+08:00 [gateway] agent runtime plugins pre-warmed in 2ms
2026-08-10T14:29:14.949+08:00 [mcp] registerTool ctx: sessionKey="agent:main:main", messageChannel="webchat", requesterSenderId="undefined", agentAccountId="undefined", sessionChat=undefined
2026-08-10T14:29:15.338+08:00 [provider-transport-fetch] [model-fetch] start provider=deepseek api=openai-completions model=deepseek-v4-pro method=POST url=https://api.deepseek.com/v1/chat/completions timeoutMs=undefined proxy=none policy=custom
2026-08-10T14:29:15.591+08:00 [provider-transport-fetch] [model-fetch] response provider=deepseek api=openai-completions model=deepseek-v4-pro status=401 elapsedMs=248 contentType=application/json
2026-08-10T14:29:15.631+08:00 [agent/embedded] embedded run agent end: runId=3b9649d9-e9f5-4e98-bc4e-582066b2ae53 isError=true model=deepseek-v4-pro provider=deepseek error=LLM request failed. rawError=401 Authentication Fails, Your api key: ****ED__ is invalid
2026-08-10T14:29:15.694+08:00 [agent/embedded] auth profile failure state updated: runId=3b9649d9-e9f5-4e98-bc4e-582066b2ae53 profile=sha256:bdd3cb1746ae provider=deepseek reason=auth window=cooldown reused=false
2026-08-10T14:29:15.699+08:00 [agent/embedded] embedded run failover decision: runId=3b9649d9-e9f5-4e98-bc4e-582066b2ae53 stage=assistant decision=surface_error reason=auth from=deepseek/deepseek-v4-pro profile=sha256:bdd3cb1746ae rawError=401 Authentication Fails, Your api key: ****ED__ is invalid
2026-08-10T14:29:15.702+08:00 [diagnostic] lane task error: lane=main durationMs=1239 error="FailoverError: HTTP 401: Authentication Fails, Your api key: ****ED__ is invalid"
2026-08-10T14:29:15.704+08:00 [diagnostic] lane task error: lane=session:agent:main:main durationMs=1243 error="FailoverError: HTTP 401: Authentication Fails, Your api key: ****ED__ is invalid"
2026-08-10T14:29:15.712+08:00 [model-fallback/decision] model fallback decision: decision=candidate_failed requested=deepseek/deepseek-v4-pro candidate=deepseek/deepseek-v4-pro reason=auth next=none detail=401 Authentication Fails, Your api key: ****ED__ is invalid
2026-08-10T14:29:15.728+08:00 Embedded agent failed before reply: HTTP 401: Authentication Fails, Your api key: ****ED__ is invalid
2026-08-10T14:29:18.037+08:00 [ws] ⇄ res ✓ config.get 160ms conn=275e098f…2ca9 id=r107-l5w8f7
2026-08-10T14:29:19.805+08:00 [gateway] provider auth state re-warmed (auth-profile-failure) in 3100ms eventLoopMax=149.4ms
2026-08-10T14:29:23.072+08:00 [ws] ⇄ res ✓ config.get 188ms conn=275e098f…2ca9 id=r108-g7smek
2026-08-10T14:29:28.036+08:00 [ws] ⇄ res ✓ config.get 162ms conn=275e098f…2ca9 id=r109-jz94i4
2026-08-10T14:29:33.030+08:00 [ws] ⇄ res ✓ config.get 154ms conn=275e098f…2ca9 id=r110-vkdq3m
2026-08-10T14:29:38.047+08:00 [ws] ⇄ res ✓ config.get 169ms conn=275e098f…2ca9 id=r111-2khes1
2026-08-10T14:29:43.040+08:00 [ws] ⇄ res ✓ config.get 155ms conn=275e098f…2ca9 id=r112-b5moh9
2026-08-10T14:29:48.028+08:00 [ws] ⇄ res ✓ config.get 154ms conn=275e098f…2ca9 id=r113-9ub9rt
2026-08-10T14:29:53.032+08:00 [ws] ⇄ res ✓ config.get 154ms conn=275e098f…2ca9 id=r114-utcbi9
2026-08-10T14:29:58.036+08:00 [ws] ⇄ res ✓ config.get 153ms conn=275e098f…2ca9 id=r115-9rbqn6
2026-08-10T14:30:03.034+08:00 [ws] ⇄ res ✓ config.get 149ms conn=275e098f…2ca9 id=r116-nzsp81
2026-08-10T14:30:08.038+08:00 [ws] ⇄ res ✓ config.get 153ms conn=275e098f…2ca9 id=r117-w9hndu
2026-08-10T14:30:13.034+08:00 [ws] ⇄ res ✓ config.get 150ms conn=275e098f…2ca9 id=r118-301w2y
2026-08-10T14:30:18.023+08:00 [ws] ⇄ res ✓ config.get 149ms conn=275e098f…2ca9 id=r119-6gd2o8
2026-08-10T14:30:23.027+08:00 [ws] ⇄ res ✓ config.get 155ms conn=275e098f…2ca9 id=r120-snysqt
2026-08-10T14:30:28.024+08:00 [ws] ⇄ res ✓ config.get 146ms conn=275e098f…2ca9 id=r121-o3iwat
2026-08-10T14:30:33.026+08:00 [ws] ⇄ res ✓ config.get 150ms conn=275e098f…2ca9 id=r122-afhjhp
2026-08-10T14:30:38.036+08:00 [ws] ⇄ res ✓ config.get 154ms conn=275e098f…2ca9 id=r123-o5oinw
2026-08-10T14:32:08.058+08:00 [ws] ⇄ res ✓ skills.status 196ms conn=275e098f…2ca9 id=r129-538lo6
2026-08-10T14:32:08.249+08:00 [ws] ⇄ res ✓ skills.status 187ms conn=275e098f…2ca9 id=r130-rvcuh9
2026-08-10T14:32:09.313+08:00 [ws] ⇄ res ✓ sessions.list 146ms conn=275e098f…2ca9 id=r134-cikgoj
2026-08-10T14:32:09.326+08:00 [ws] ⇄ res ✓ config.get 442ms conn=275e098f…2ca9 id=r131-iokedu
2026-08-10T14:32:09.335+08:00 [ws] ⇄ res ✓ config.get 450ms conn=275e098f…2ca9 id=r132-krdft4
2026-08-10T14:32:09.344+08:00 [ws] ⇄ res ✓ config.get 178ms conn=275e098f…2ca9 id=r135-zyb6p5
2026-08-10T14:32:14.045+08:00 [ws] ⇄ res ✓ config.get 152ms conn=275e098f…2ca9 id=r138-mnyowp
2026-08-10T14:32:16.190+08:00 [provider-transport-fetch] [model-fetch] start provider=deepseek api=openai-completions model=deepseek-v4-pro method=POST url=https://api.deepseek.com/v1/chat/completions timeoutMs=undefined proxy=none policy=custom
2026-08-10T14:32:16.336+08:00 [provider-transport-fetch] [model-fetch] response provider=deepseek api=openai-completions model=deepseek-v4-pro status=401 elapsedMs=146 contentType=application/json
2026-08-10T14:32:16.348+08:00 [agent/embedded] embedded run agent end: runId=412c0d9a-f4ea-4881-bb78-5df51df9d902 isError=true model=deepseek-v4-pro provider=deepseek error=LLM request failed. rawError=401 Authentication Fails, Your api key: ****ED__ is invalid
2026-08-10T14:32:16.396+08:00 [agent/embedded] auth profile failure state updated: runId=412c0d9a-f4ea-4881-bb78-5df51df9d902 profile=sha256:bdd3cb1746ae provider=deepseek reason=auth window=cooldown reused=false
2026-08-10T14:32:16.401+08:00 [agent/embedded] embedded run failover decision: runId=412c0d9a-f4ea-4881-bb78-5df51df9d902 stage=assistant decision=surface_error reason=auth from=deepseek/deepseek-v4-pro profile=sha256:bdd3cb1746ae rawError=401 Authentication Fails, Your api key: ****ED__ is invalid
2026-08-10T14:32:16.404+08:00 [diagnostic] lane task error: lane=main durationMs=837 error="FailoverError: HTTP 401: Authentication Fails, Your api key: ****ED__ is invalid"
2026-08-10T14:32:16.406+08:00 [diagnostic] lane task error: lane=session:agent:main:main durationMs=839 error="FailoverError: HTTP 401: Authentication Fails, Your api key: ****ED__ is invalid"
2026-08-10T14:32:16.412+08:00 [model-fallback/decision] model fallback decision: decision=candidate_failed requested=deepseek/deepseek-v4-pro candidate=deepseek/deepseek-v4-pro reason=auth next=none detail=401 Authentication Fails, Your api key: ****ED__ is invalid
2026-08-10T14:32:16.427+08:00 Embedded agent failed before reply: HTTP 401: Authentication Fails, Your api key: ****ED__ is invalid
2026-08-10T14:32:19.041+08:00 [ws] ⇄ res ✓ config.get 155ms conn=275e098f…2ca9 id=r140-qmw893
2026-08-10T14:32:20.570+08:00 [gateway] provider auth state re-warmed (auth-profile-failure) in 3165ms eventLoopMax=154.8ms
2026-08-10T14:32:24.044+08:00 [ws] ⇄ res ✓ config.get 152ms conn=275e098f…2ca9 id=r141-r08le1
2026-08-10T14:32:29.051+08:00 [ws] ⇄ res ✓ config.get 152ms conn=275e098f…2ca9 id=r142-yxx7ax
2026-08-10T14:32:34.032+08:00 [ws] ⇄ res ✓ config.get 147ms conn=275e098f…2ca9 id=r143-1vzujo
2026-08-10T14:32:39.044+08:00 [ws] ⇄ res ✓ config.get 148ms conn=275e098f…2ca9 id=r144-53fcj7
2026-08-10T14:32:44.061+08:00 [ws] ⇄ res ✓ config.get 164ms conn=275e098f…2ca9 id=r145-s3vt1u
2026-08-10T14:32:49.043+08:00 [ws] ⇄ res ✓ config.get 153ms conn=275e098f…2ca9 id=r146-oz23xd
2026-08-10T14:32:54.044+08:00 [ws] ⇄ res ✓ config.get 147ms conn=275e098f…2ca9 id=r147-oc56t4
2026-08-10T14:32:59.056+08:00 [ws] ⇄ res ✓ config.get 157ms conn=275e098f…2ca9 id=r148-819h2u
2026-08-10T14:33:04.336+08:00 [ws] ⇄ res ✓ config.get 146ms conn=275e098f…2ca9 id=r149-60ztc3
2026-08-10T14:33:09.340+08:00 [ws] ⇄ res ✓ config.get 150ms conn=275e098f…2ca9 id=r150-p8frr4
2026-08-10T14:33:14.334+08:00 [ws] ⇄ res ✓ config.get 146ms conn=275e098f…2ca9 id=r151-bl6rg1
2026-08-10T14:33:19.337+08:00 [ws] ⇄ res ✓ config.get 146ms conn=275e098f…2ca9 id=r152-fvyx4b
2026-08-10T14:33:24.342+08:00 [ws] ⇄ res ✓ config.get 146ms conn=275e098f…2ca9 id=r153-z248ue
2026-08-10T14:33:29.351+08:00 [ws] ⇄ res ✓ config.get 148ms conn=275e098f…2ca9 id=r154-bosayp
2026-08-10T14:33:34.334+08:00 [ws] ⇄ res ✓ config.get 144ms conn=275e098f…2ca9 id=r155-e7071s
2026-08-10T14:33:39.352+08:00 [ws] ⇄ res ✓ config.get 148ms conn=275e098f…2ca9 id=r156-mtcf12
2026-08-10T14:33:44.344+08:00 [ws] ⇄ res ✓ config.get 145ms conn=275e098f…2ca9 id=r157-qefwk5
2026-08-10T14:33:49.347+08:00 [ws] ⇄ res ✓ config.get 148ms conn=275e098f…2ca9 id=r158-edd01d
2026-08-10T14:33:54.342+08:00 [ws] ⇄ res ✓ config.get 144ms conn=275e098f…2ca9 id=r159-hpww30
2026-08-10T14:33:59.336+08:00 [ws] ⇄ res ✓ config.get 146ms conn=275e098f…2ca9 id=r160-3xyo0i
2026-08-10T14:34:46.347+08:00 [ws] ⇄ res ✓ config.get 155ms conn=275e098f…2ca9 id=r161-rfoqwz
2026-08-10T14:35:34.663+08:00 [ws] ⇄ res ✓ config.get 170ms conn=275e098f…2ca9 id=r162-4zaibh
2026-08-10T14:35:36.954+08:00 [ws] webchat disconnected code=1001 reason=n/a conn=275e098f-313b-40d4-ac67-678ec7352ca9
2026-08-10T14:53:43.645+08:00 [ws] webchat connected conn=772d6ac8-215e-4825-90e4-f021f1984ad4 remote=127.0.0.1 client=openclaw-control-ui webchat v1.0.0
2026-08-10T14:53:45.597+08:00 [ws] ⇄ res ✓ sessions.list 288ms conn=772d6ac8…4ad4 id=r5-h942sq
2026-08-10T14:53:45.611+08:00 [ws] ⇄ res ✓ config.get 449ms conn=772d6ac8…4ad4 id=r2-gk7j4w
2026-08-10T14:53:45.622+08:00 [ws] ⇄ res ✓ config.get 313ms conn=772d6ac8…4ad4 id=r3-woueo0
2026-08-10T14:53:45.631+08:00 [ws] ⇄ res ✓ config.get 323ms conn=772d6ac8…4ad4 id=r6-73r8ze
2026-08-10T14:53:46.524+08:00 [ws] ⇄ res ✓ config.get 154ms conn=772d6ac8…4ad4 id=r9-b9qg4u
2026-08-10T14:54:20.699+08:00 [ws] webchat disconnected code=1001 reason=n/a conn=772d6ac8-215e-4825-90e4-f021f1984ad4
2026-08-10T14:54:21.068+08:00 [ws] webchat connected conn=27627c85-2948-4aa0-8c6a-a7daf7547a37 remote=127.0.0.1 client=openclaw-control-ui webchat v1.0.0
2026-08-10T14:54:21.292+08:00 [ws] ⇄ res ✓ config.get 150ms conn=27627c85…7a37 id=r2-3k1xx6
2026-08-10T14:54:26.743+08:00 [ws] ⇄ res ✓ sessions.list 148ms conn=27627c85…7a37 id=r6-ervr6t
2026-08-10T14:54:26.757+08:00 [ws] ⇄ res ✓ config.get 451ms conn=27627c85…7a37 id=r3-wl4lp1
2026-08-10T14:54:26.766+08:00 [ws] ⇄ res ✓ config.get 460ms conn=27627c85…7a37 id=r4-0fjos8
2026-08-10T14:54:26.776+08:00 [ws] ⇄ res ✓ config.get 180ms conn=27627c85…7a37 id=r7-ur6cv7
2026-08-10T14:54:30.665+08:00 [provider-transport-fetch] [model-fetch] start provider=deepseek api=openai-completions model=deepseek-v4-pro method=POST url=https://api.deepseek.com/v1/chat/completions timeoutMs=undefined proxy=none policy=custom
2026-08-10T14:54:30.880+08:00 [provider-transport-fetch] [model-fetch] response provider=deepseek api=openai-completions model=deepseek-v4-pro status=401 elapsedMs=214 contentType=application/json
2026-08-10T14:54:30.890+08:00 [agent/embedded] embedded run agent end: runId=517c9194-0973-4f52-a2a7-d317ba8a9f3a isError=true model=deepseek-v4-pro provider=deepseek error=LLM request failed. rawError=401 Authentication Fails, Your api key: ****ED__ is invalid
2026-08-10T14:54:30.937+08:00 [agent/embedded] auth profile failure state updated: runId=517c9194-0973-4f52-a2a7-d317ba8a9f3a profile=sha256:bdd3cb1746ae provider=deepseek reason=auth window=cooldown reused=false
2026-08-10T14:54:30.943+08:00 [agent/embedded] embedded run failover decision: runId=517c9194-0973-4f52-a2a7-d317ba8a9f3a stage=assistant decision=surface_error reason=auth from=deepseek/deepseek-v4-pro profile=sha256:bdd3cb1746ae rawError=401 Authentication Fails, Your api key: ****ED__ is invalid
2026-08-10T14:54:30.946+08:00 [diagnostic] lane task error: lane=main durationMs=934 error="FailoverError: HTTP 401: Authentication Fails, Your api key: ****ED__ is invalid"
2026-08-10T14:54:30.948+08:00 [diagnostic] lane task error: lane=session:agent:main:main durationMs=936 error="FailoverError: HTTP 401: Authentication Fails, Your api key: ****ED__ is invalid"
2026-08-10T14:54:30.954+08:00 [model-fallback/decision] model fallback decision: decision=candidate_failed requested=deepseek/deepseek-v4-pro candidate=deepseek/deepseek-v4-pro reason=auth next=none detail=401 Authentication Fails, Your api key: ****ED__ is invalid
2026-08-10T14:54:30.969+08:00 Embedded agent failed before reply: HTTP 401: Authentication Fails, Your api key: ****ED__ is invalid
2026-08-10T14:54:31.458+08:00 [ws] ⇄ res ✓ config.get 150ms conn=27627c85…7a37 id=r11-djveva
2026-08-10T14:54:35.163+08:00 [gateway] provider auth state re-warmed (auth-profile-failure) in 3208ms eventLoopMax=21.7ms
2026-08-10T14:54:36.466+08:00 [ws] ⇄ res ✓ config.get 149ms conn=27627c85…7a37 id=r12-39gxm6
2026-08-10T14:54:41.464+08:00 [ws] ⇄ res ✓ config.get 147ms conn=27627c85…7a37 id=r13-zehoe2
2026-08-10T14:54:46.455+08:00 [ws] ⇄ res ✓ config.get 147ms conn=27627c85…7a37 id=r14-aq6mf5
2026-08-10T14:54:51.468+08:00 [ws] ⇄ res ✓ config.get 148ms conn=27627c85…7a37 id=r15-h0kwuu
2026-08-10T14:54:56.466+08:00 [ws] ⇄ res ✓ config.get 148ms conn=27627c85…7a37 id=r16-jgymg3
2026-08-10T14:55:01.464+08:00 [ws] ⇄ res ✓ config.get 147ms conn=27627c85…7a37 id=r17-5z6p36
2026-08-10T14:55:06.467+08:00 [ws] ⇄ res ✓ config.get 151ms conn=27627c85…7a37 id=r18-gx6epq
2026-08-10T14:55:11.461+08:00 [ws] ⇄ res ✓ config.get 144ms conn=27627c85…7a37 id=r19-n7cskw
2026-08-10T14:55:16.464+08:00 [ws] ⇄ res ✓ config.get 146ms conn=27627c85…7a37 id=r20-d3d8hx
2026-08-10T14:55:21.462+08:00 [ws] ⇄ res ✓ config.get 144ms conn=27627c85…7a37 id=r21-t6ns98
2026-08-10T14:55:26.458+08:00 [ws] ⇄ res ✓ config.get 144ms conn=27627c85…7a37 id=r22-vmbo3o
2026-08-10T14:55:27.461+08:00 [ws] webchat disconnected code=1001 reason=n/a conn=27627c85-2948-4aa0-8c6a-a7daf7547a37
2026-08-10T14:55:27.826+08:00 [ws] webchat connected conn=ce5cef1f-830c-445f-b5f1-cf15ed0d23ae remote=127.0.0.1 client=openclaw-control-ui webchat v1.0.0
2026-08-10T14:55:28.046+08:00 [ws] ⇄ res ✓ sessions.list 145ms conn=ce5cef1f…23ae id=r4-r6d9iz
2026-08-10T14:55:28.058+08:00 [ws] ⇄ res ✓ config.get 157ms conn=ce5cef1f…23ae id=r2-za3pwu
2026-08-10T14:55:32.683+08:00 [ws] ⇄ res ✓ config.get 151ms conn=ce5cef1f…23ae id=r6-4hkzo5
2026-08-10T14:55:37.682+08:00 [ws] ⇄ res ✓ config.get 146ms conn=ce5cef1f…23ae id=r7-swk16p
2026-08-10T14:55:42.669+08:00 [ws] ⇄ res ✓ config.get 145ms conn=ce5cef1f…23ae id=r8-56fjjl
2026-08-10T14:55:47.673+08:00 [ws] ⇄ res ✓ config.get 149ms conn=ce5cef1f…23ae id=r9-80jb3e
2026-08-10T14:55:52.680+08:00 [ws] ⇄ res ✓ config.get 146ms conn=ce5cef1f…23ae id=r10-zkur5q
2026-08-10T14:55:57.688+08:00 [ws] ⇄ res ✓ config.get 156ms conn=ce5cef1f…23ae id=r11-6fc8nh
2026-08-10T14:56:02.678+08:00 [ws] ⇄ res ✓ config.get 146ms conn=ce5cef1f…23ae id=r12-k266zk
2026-08-10T14:56:04.268+08:00 [ws] webchat disconnected code=1001 reason=n/a conn=ce5cef1f-830c-445f-b5f1-cf15ed0d23ae
2026-08-10T14:56:04.642+08:00 [ws] webchat connected conn=2294aba3-e28d-462a-8ebd-ace9d626179a remote=127.0.0.1 client=openclaw-control-ui webchat v1.0.0
2026-08-10T14:56:04.863+08:00 [ws] ⇄ res ✓ sessions.list 147ms conn=2294aba3…179a id=r4-ua4sbm
2026-08-10T14:56:04.877+08:00 [ws] ⇄ res ✓ config.get 161ms conn=2294aba3…179a id=r2-zntjjo
2026-08-10T14:56:09.478+08:00 [ws] ⇄ res ✓ config.get 150ms conn=2294aba3…179a id=r6-sa4os9
2026-08-10T14:56:14.480+08:00 [ws] ⇄ res ✓ config.get 145ms conn=2294aba3…179a id=r7-hl8jjp
2026-08-10T14:56:19.484+08:00 [ws] ⇄ res ✓ config.get 146ms conn=2294aba3…179a id=r8-ussj31
2026-08-10T14:56:20.971+08:00 [ws] ⇄ res ✓ sessions.reset 666ms conn=2294aba3…179a id=r9-08edf5
2026-08-10T14:56:24.472+08:00 [ws] ⇄ res ✓ config.get 144ms conn=2294aba3…179a id=r11-r9qar1
2026-08-10T14:56:29.110+08:00 [ws] webchat disconnected code=1001 reason=n/a conn=2294aba3-e28d-462a-8ebd-ace9d626179a
2026-08-10T14:56:29.475+08:00 [ws] webchat connected conn=4ef1879e-d73f-437b-9ae0-d120a18fd990 remote=127.0.0.1 client=openclaw-control-ui webchat v1.0.0
2026-08-10T14:56:29.695+08:00 [ws] ⇄ res ✓ sessions.list 147ms conn=4ef1879e…d990 id=r4-hrdd7g
2026-08-10T14:56:29.709+08:00 [ws] ⇄ res ✓ config.get 161ms conn=4ef1879e…d990 id=r2-iwo08v
2026-08-10T14:56:34.323+08:00 [ws] ⇄ res ✓ config.get 145ms conn=4ef1879e…d990 id=r6-7227pm
2026-08-10T14:56:39.319+08:00 [ws] ⇄ res ✓ config.get 152ms conn=4ef1879e…d990 id=r7-fv1hyn
2026-08-10T14:56:41.012+08:00 [provider-transport-fetch] [model-fetch] start provider=deepseek api=openai-completions model=deepseek-v4-pro method=POST url=https://api.deepseek.com/v1/chat/completions timeoutMs=undefined proxy=none policy=custom
2026-08-10T14:56:41.213+08:00 [provider-transport-fetch] [model-fetch] response provider=deepseek api=openai-completions model=deepseek-v4-pro status=401 elapsedMs=201 contentType=application/json
2026-08-10T14:56:41.223+08:00 [agent/embedded] embedded run agent end: runId=fd49ec2f-122c-4f5e-b955-8bb06dbb3954 isError=true model=deepseek-v4-pro provider=deepseek error=LLM request failed. rawError=401 Authentication Fails, Your api key: ****ED__ is invalid
2026-08-10T14:56:41.247+08:00 [agent/embedded] auth profile failure state updated: runId=fd49ec2f-122c-4f5e-b955-8bb06dbb3954 profile=sha256:bdd3cb1746ae provider=deepseek reason=auth window=cooldown reused=false
2026-08-10T14:56:41.251+08:00 [agent/embedded] embedded run failover decision: runId=fd49ec2f-122c-4f5e-b955-8bb06dbb3954 stage=assistant decision=surface_error reason=auth from=deepseek/deepseek-v4-pro profile=sha256:bdd3cb1746ae rawError=401 Authentication Fails, Your api key: ****ED__ is invalid
2026-08-10T14:56:41.254+08:00 [diagnostic] lane task error: lane=main durationMs=853 error="FailoverError: HTTP 401: Authentication Fails, Your api key: ****ED__ is invalid"
2026-08-10T14:56:41.256+08:00 [diagnostic] lane task error: lane=session:agent:main:main durationMs=855 error="FailoverError: HTTP 401: Authentication Fails, Your api key: ****ED__ is invalid"
2026-08-10T14:56:41.262+08:00 [model-fallback/decision] model fallback decision: decision=candidate_failed requested=deepseek/deepseek-v4-pro candidate=deepseek/deepseek-v4-pro reason=auth next=none detail=401 Authentication Fails, Your api key: ****ED__ is invalid
2026-08-10T14:56:41.276+08:00 Embedded agent failed before reply: HTTP 401: Authentication Fails, Your api key: ****ED__ is invalid
2026-08-10T14:56:44.334+08:00 [ws] ⇄ res ✓ config.get 159ms conn=4ef1879e…d990 id=r9-qqppx9
2026-08-10T14:56:45.522+08:00 [gateway] provider auth state re-warmed (auth-profile-failure) in 3268ms eventLoopMax=150.9ms
2026-08-10T14:56:45.689+08:00 [ws] webchat disconnected code=1005 reason=n/a conn=4ef1879e-d73f-437b-9ae0-d120a18fd990
2026-08-10T14:56:46.003+08:00 [ws] webchat connected conn=6232a1ea-e459-42eb-bcf8-114d07222a12 remote=127.0.0.1 client=openclaw-control-ui webchat v1.0.0
2026-08-10T14:56:46.227+08:00 [ws] ⇄ res ✓ config.get 152ms conn=6232a1ea…2a12 id=r11-1l29q0
2026-08-10T14:56:46.385+08:00 [ws] ⇄ res ✓ config.get 150ms conn=6232a1ea…2a12 id=r15-vfb142
2026-08-10T14:56:48.451+08:00 [ws] ⇄ res ✓ config.get 147ms conn=6232a1ea…2a12 id=r16-eykqru
2026-08-10T14:58:44.737+08:00 [ws] webchat disconnected code=1001 reason=n/a conn=6232a1ea-e459-42eb-bcf8-114d07222a12
2026-08-10T14:58:45.103+08:00 [ws] webchat connected conn=2f40f28b-9a20-43d9-aa02-2918ad5a6491 remote=127.0.0.1 client=openclaw-control-ui webchat v1.0.0
2026-08-10T14:58:45.325+08:00 [ws] ⇄ res ✓ config.get 148ms conn=2f40f28b…6491 id=r2-c8xarb
2026-08-10T14:58:59.789+08:00 [ws] ⇄ res ✓ skills.status 192ms conn=2f40f28b…6491 id=r8-5lmew9
2026-08-10T14:58:59.974+08:00 [ws] ⇄ res ✓ skills.status 183ms conn=2f40f28b…6491 id=r9-ea8d5c
2026-08-10T14:59:01.794+08:00 [ws] ⇄ res ✓ sessions.list 284ms conn=2f40f28b…6491 id=r13-sgy4tt
2026-08-10T14:59:01.807+08:00 [ws] ⇄ res ✓ config.get 439ms conn=2f40f28b…6491 id=r10-5xng0d
2026-08-10T14:59:01.817+08:00 [ws] ⇄ res ✓ config.get 307ms conn=2f40f28b…6491 id=r11-nweh7k
2026-08-10T14:59:01.826+08:00 [ws] ⇄ res ✓ config.get 316ms conn=2f40f28b…6491 id=r14-gj7q81
2026-08-10T14:59:06.275+08:00 [provider-transport-fetch] [model-fetch] start provider=deepseek api=openai-completions model=deepseek-v4-pro method=POST url=https://api.deepseek.com/v1/chat/completions timeoutMs=undefined proxy=none policy=custom
2026-08-10T14:59:06.524+08:00 [provider-transport-fetch] [model-fetch] response provider=deepseek api=openai-completions model=deepseek-v4-pro status=401 elapsedMs=249 contentType=application/json
2026-08-10T14:59:06.536+08:00 [ws] ⇄ res ✓ config.get 152ms conn=2f40f28b…6491 id=r18-yaa99f
2026-08-10T14:59:06.543+08:00 [agent/embedded] embedded run agent end: runId=6403b6dc-f8ba-4bb7-a145-84f1e93f8f8c isError=true model=deepseek-v4-pro provider=deepseek error=LLM request failed. rawError=401 Authentication Fails, Your api key: ****ED__ is invalid
2026-08-10T14:59:06.569+08:00 [agent/embedded] auth profile failure state updated: runId=6403b6dc-f8ba-4bb7-a145-84f1e93f8f8c profile=sha256:bdd3cb1746ae provider=deepseek reason=auth window=cooldown reused=false
2026-08-10T14:59:06.574+08:00 [agent/embedded] embedded run failover decision: runId=6403b6dc-f8ba-4bb7-a145-84f1e93f8f8c stage=assistant decision=surface_error reason=auth from=deepseek/deepseek-v4-pro profile=sha256:bdd3cb1746ae rawError=401 Authentication Fails, Your api key: ****ED__ is invalid
2026-08-10T14:59:06.576+08:00 [diagnostic] lane task error: lane=main durationMs=855 error="FailoverError: HTTP 401: Authentication Fails, Your api key: ****ED__ is invalid"
2026-08-10T14:59:06.579+08:00 [diagnostic] lane task error: lane=session:agent:main:main durationMs=859 error="FailoverError: HTTP 401: Authentication Fails, Your api key: ****ED__ is invalid"
2026-08-10T14:59:06.585+08:00 [model-fallback/decision] model fallback decision: decision=candidate_failed requested=deepseek/deepseek-v4-pro candidate=deepseek/deepseek-v4-pro reason=auth next=none detail=401 Authentication Fails, Your api key: ****ED__ is invalid
2026-08-10T14:59:06.598+08:00 Embedded agent failed before reply: HTTP 401: Authentication Fails, Your api key: ****ED__ is invalid
2026-08-10T14:59:10.939+08:00 [gateway] provider auth state re-warmed (auth-profile-failure) in 3368ms eventLoopMax=18.6ms
2026-08-10T14:59:11.527+08:00 [ws] ⇄ res ✓ config.get 146ms conn=2f40f28b…6491 id=r19-lolvzo
2026-08-10T14:59:16.526+08:00 [ws] ⇄ res ✓ config.get 147ms conn=2f40f28b…6491 id=r20-0rjeuu
2026-08-10T14:59:21.520+08:00 [ws] ⇄ res ✓ config.get 146ms conn=2f40f28b…6491 id=r21-n7g2wc
2026-08-10T14:59:26.522+08:00 [ws] ⇄ res ✓ config.get 152ms conn=2f40f28b…6491 id=r23-iqoep4
2026-08-10T14:59:31.516+08:00 [ws] ⇄ res ✓ config.get 144ms conn=2f40f28b…6491 id=r24-w3pzup
2026-08-10T14:59:33.059+08:00 [ws] ⇄ res ✓ models.list 460ms conn=2f40f28b…6491 id=r25-w5fs0i
2026-08-10T14:59:36.526+08:00 [ws] ⇄ res ✓ config.get 146ms conn=2f40f28b…6491 id=r26-iau5u4
2026-08-10T14:59:41.526+08:00 [ws] ⇄ res ✓ config.get 145ms conn=2f40f28b…6491 id=r27-uhmepc
2026-08-10T14:59:46.528+08:00 [ws] ⇄ res ✓ config.get 148ms conn=2f40f28b…6491 id=r28-cy18z8
2026-08-10T14:59:51.524+08:00 [ws] ⇄ res ✓ config.get 144ms conn=2f40f28b…6491 id=r29-wjlzts
2026-08-10T14:59:56.101+08:00 [ws] ⇄ res ✓ config.get 150ms conn=2f40f28b…6491 id=r30-8es259
2026-08-10T14:59:57.976+08:00 [ws] ⇄ res ✓ config.get 144ms conn=2f40f28b…6491 id=r31-lrnwug
2026-08-10T14:59:58.123+08:00 [gateway] config.patch write actor=openclaw-control-ui device=unknown-device ip=unknown-ip conn=2f40f28b-9a20-43d9-aa02-2918ad5a6491 changedPaths=models.providers.deepseek,agents.defaults.model restartReason=config.patch
2026-08-10T14:59:58.306+08:00 Config warnings:
- plugins.entries.deepseek: plugin deepseek: duplicate plugin id resolved by explicit config-selected plugin; global plugin will be overridden by config plugin (D:\project\LXUP\runtime\openclaw-home\plugins\deepseek\node_modules\@openclaw\deepseek-provider\dist\index.js)
- plugins.entries.openclaw-weixin: plugin openclaw-weixin: duplicate plugin id resolved by explicit config-selected plugin; global plugin will be overridden by config plugin (D:\project\LXUP\runtime\openclaw-home\plugins\weixin\node_modules\@tencent-weixin\openclaw-weixin\dist\index.js)
- plugins.entries.qqbot: plugin qqbot: duplicate plugin id resolved by explicit config-selected plugin; global plugin will be overridden by config plugin (D:\project\LXUP\runtime\openclaw-home\plugins\qqbot\node_modules\@openclaw\qqbot\dist\index.js)
- plugins.entries.wecom-openclaw-plugin: plugin wecom-openclaw-plugin: duplicate plugin id resolved by explicit config-selected plugin; global plugin will be overridden by config plugin (D:\project\LXUP\runtime\openclaw-home\plugins\wecom\node_modules\@wecom\wecom-openclaw-plugin\dist\index.js)
2026-08-10T14:59:58.474+08:00 [reload] config change detected; evaluating reload (agents.defaults.model, models.providers.deepseek, meta.lastTouchedAt)
2026-08-10T14:59:58.966+08:00 [reload] config hot reload applied (agents.defaults.model, models.providers.deepseek)
2026-08-10T14:59:59.117+08:00 [ws] ⇄ res ✓ config.patch 1138ms conn=2f40f28b…6491 id=r32-ag6bzc
2026-08-10T14:59:59.272+08:00 [ws] ⇄ res ✓ config.get 150ms conn=2f40f28b…6491 id=r33-dbhnzo
2026-08-10T15:00:06.414+08:00 [ws] ⇄ res ✓ sessions.list 408ms conn=2f40f28b…6491 id=r37-i8stia
2026-08-10T15:00:06.564+08:00 [ws] ⇄ res ✓ config.get 558ms conn=2f40f28b…6491 id=r34-scec2e
2026-08-10T15:00:06.572+08:00 [ws] ⇄ res ✓ config.get 566ms conn=2f40f28b…6491 id=r38-tsbz1a
2026-08-10T15:00:06.580+08:00 [ws] ⇄ res ✓ config.get 574ms conn=2f40f28b…6491 id=r35-blpmgu
2026-08-10T15:00:06.589+08:00 [ws] ⇄ res ✓ config.get 171ms conn=2f40f28b…6491 id=r41-omcsvp
2026-08-10T15:00:06.596+08:00 [ws] ⇄ res ✓ chat.history 178ms conn=2f40f28b…6491 id=r42-yi146d
2026-08-10T15:00:06.925+08:00 [ws] ⇄ res ✓ models.list 918ms conn=2f40f28b…6491 id=r40-24zb16
2026-08-10T15:00:11.370+08:00 [ws] ⇄ res ✓ config.get 144ms conn=2f40f28b…6491 id=r43-vcqi2o
2026-08-10T15:00:16.369+08:00 [ws] ⇄ res ✓ config.get 143ms conn=2f40f28b…6491 id=r44-kwdb04
2026-08-10T15:00:21.374+08:00 [ws] ⇄ res ✓ config.get 144ms conn=2f40f28b…6491 id=r46-qxnvgd
2026-08-10T15:00:22.002+08:00 [ws] ⇄ res ✓ config.get 147ms conn=2f40f28b…6491 id=r47-9k2b7r
2026-08-10T15:01:05.666+08:00 [ws] ⇄ res ✓ config.get 145ms conn=2f40f28b…6491 id=r48-5w5fw4
2026-08-10T15:01:05.941+08:00 [gateway] config.patch write actor=openclaw-control-ui device=unknown-device ip=unknown-ip conn=2f40f28b-9a20-43d9-aa02-2918ad5a6491 changedPaths=models.providers.deepseek,agents.defaults.model restartReason=config.patch
2026-08-10T15:01:06.353+08:00 [reload] config change detected; evaluating reload (agents.defaults.model, models.providers.deepseek, meta.lastTouchedAt)
2026-08-10T15:01:06.842+08:00 [reload] config hot reload applied (agents.defaults.model, models.providers.deepseek)
2026-08-10T15:01:06.998+08:00 [ws] ⇄ res ✓ config.patch 1329ms conn=2f40f28b…6491 id=r49-gk7ftp
2026-08-10T15:01:07.158+08:00 [ws] ⇄ res ✓ config.get 157ms conn=2f40f28b…6491 id=r50-8w6poc
2026-08-10T15:01:13.664+08:00 [ws] ⇄ res ✓ config.get 150ms conn=2f40f28b…6491 id=r51-mgnb10
2026-08-10T15:01:13.821+08:00 [gateway] config.patch noop actor=openclaw-control-ui device=unknown-device ip=unknown-ip conn=2f40f28b-9a20-43d9-aa02-2918ad5a6491 (no changed paths)
2026-08-10T15:01:13.825+08:00 [ws] ⇄ res ✓ config.patch 158ms conn=2f40f28b…6491 id=r52-mhc7gi
2026-08-10T15:01:13.987+08:00 [ws] ⇄ res ✓ config.get 160ms conn=2f40f28b…6491 id=r53-z3o6xm
2026-08-10T15:01:14.744+08:00 [ws] ⇄ res ✓ config.get 177ms conn=2f40f28b…6491 id=r54-83bhak
2026-08-10T15:01:14.903+08:00 [gateway] config.patch write actor=openclaw-control-ui device=unknown-device ip=unknown-ip conn=2f40f28b-9a20-43d9-aa02-2918ad5a6491 changedPaths=models.providers.deepseek,agents.defaults.model restartReason=config.patch
2026-08-10T15:01:15.269+08:00 [reload] config change detected; evaluating reload (agents.defaults.model, models.providers.deepseek, meta.lastTouchedAt)
2026-08-10T15:01:15.787+08:00 [reload] config hot reload applied (agents.defaults.model, models.providers.deepseek)
2026-08-10T15:01:15.953+08:00 [ws] ⇄ res ✓ config.patch 1205ms conn=2f40f28b…6491 id=r55-tjz8x5
2026-08-10T15:01:16.151+08:00 [ws] ⇄ res ✓ config.get 194ms conn=2f40f28b…6491 id=r56-etzuv0
2026-08-10T15:01:22.861+08:00 [reload] config change detected; evaluating reload (meta.lastTouchedAt)
2026-08-10T15:01:24.379+08:00 [ws] ⇄ res ✓ models.authStatus 1181ms conn=702871c3…39db id=2b5bd049…e0b2
2026-08-10T15:01:32.360+08:00 [ws] ⇄ res ✓ config.get 144ms conn=2f40f28b…6491 id=r57-zedce3
2026-08-10T15:01:32.363+08:00 [gateway] control-plane write rate-limited method=config.patch actor=openclaw-control-ui device=unknown-device ip=unknown-ip conn=2f40f28b-9a20-43d9-aa02-2918ad5a6491 retryAfterMs=33306 key=unknown-device|unknown-ip|conn=2f40f28b-9a20-43d9-aa02-2918ad5a6491
2026-08-10T15:01:32.366+08:00 [ws] ⇄ res ✗ config.patch 3ms errorCode=UNAVAILABLE errorMessage=rate limit exceeded for config.patch; retry after 34s conn=2f40f28b…6491 id=r58-45ip8p
2026-08-10T15:01:47.563+08:00 [ws] ⇄ res ✓ sessions.list 139ms conn=2f40f28b…6491 id=r62-c8xlxw
2026-08-10T15:01:47.575+08:00 [ws] ⇄ res ✓ config.get 425ms conn=2f40f28b…6491 id=r59-6mwjqs
2026-08-10T15:01:47.584+08:00 [ws] ⇄ res ✓ config.get 433ms conn=2f40f28b…6491 id=r60-hrs35c
2026-08-10T15:01:47.592+08:00 [ws] ⇄ res ✓ config.get 169ms conn=2f40f28b…6491 id=r63-1grhtl
2026-08-10T15:01:57.925+08:00 [ws] ⇄ res ✓ config.get 151ms conn=2f40f28b…6491 id=r66-ne6xry
2026-08-10T15:02:20.427+08:00 [ws] ⇄ res ✓ config.get 156ms conn=2f40f28b…6491 id=r67-2bi8bb
2026-08-10T15:02:20.700+08:00 [gateway] config.patch write actor=openclaw-control-ui device=unknown-device ip=unknown-ip conn=2f40f28b-9a20-43d9-aa02-2918ad5a6491 changedPaths=models.providers.deepseek,agents.defaults.model restartReason=config.patch
2026-08-10T15:02:21.038+08:00 [reload] config change detected; evaluating reload (agents.defaults.model, models.providers.deepseek, meta.lastTouchedAt)
2026-08-10T15:02:21.524+08:00 [reload] config hot reload applied (agents.defaults.model, models.providers.deepseek)
2026-08-10T15:02:21.670+08:00 [ws] ⇄ res ✓ config.patch 1240ms conn=2f40f28b…6491 id=r68-2rqsqj
2026-08-10T15:02:21.828+08:00 [ws] ⇄ res ✓ config.get 152ms conn=2f40f28b…6491 id=r69-9fdrm6
2026-08-10T15:02:28.194+08:00 [ws] ⇄ res ✓ skills.status 191ms conn=2f40f28b…6491 id=r72-j9bsdy
2026-08-10T15:02:28.201+08:00 [ws] ⇄ res ✓ agents.list 199ms conn=2f40f28b…6491 id=r70-i0q9r9
2026-08-10T15:02:28.379+08:00 [ws] ⇄ res ✓ channels.status 377ms conn=2f40f28b…6491 id=r71-l16oak
2026-08-10T15:02:28.390+08:00 [ws] ⇄ res ✓ config.get 387ms conn=2f40f28b…6491 id=r73-js4z4h
2026-08-10T15:02:30.199+08:00 [reload] config change detected; evaluating reload (meta.lastTouchedAt)
2026-08-10T15:02:30.822+08:00 [ws] ⇄ res ✓ models.authStatus 518ms conn=819f045d…7200 id=4a5e54f0…d415
2026-08-10T15:02:31.909+08:00 [ws] ⇄ res ✓ sessions.list 141ms conn=2f40f28b…6491 id=r77-k80b7d
2026-08-10T15:02:31.921+08:00 [ws] ⇄ res ✓ config.get 466ms conn=2f40f28b…6491 id=r74-f93dhq
2026-08-10T15:02:31.930+08:00 [ws] ⇄ res ✓ config.get 475ms conn=2f40f28b…6491 id=r75-cwu939
2026-08-10T15:02:31.940+08:00 [ws] ⇄ res ✓ config.get 173ms conn=2f40f28b…6491 id=r78-m1b2yl
2026-08-10T15:02:47.516+08:00 [ws] ⇄ res ✓ skills.status 177ms conn=2f40f28b…6491 id=r86-utindg
2026-08-10T15:02:47.692+08:00 [ws] ⇄ res ✓ skills.status 173ms conn=2f40f28b…6491 id=r87-uyqeui
2026-08-10T15:02:53.189+08:00 [ws] ⇄ res ✓ sessions.list 144ms conn=2f40f28b…6491 id=r91-admh74
2026-08-10T15:02:53.202+08:00 [ws] ⇄ res ✓ config.get 436ms conn=2f40f28b…6491 id=r88-6bhahu
2026-08-10T15:02:53.211+08:00 [ws] ⇄ res ✓ config.get 444ms conn=2f40f28b…6491 id=r89-d5h4d8
2026-08-10T15:02:53.221+08:00 [ws] ⇄ res ✓ config.get 175ms conn=2f40f28b…6491 id=r92-oixfoc
2026-08-10T15:03:31.356+08:00 [ws] ⇄ res ✓ skills.status 200ms conn=2f40f28b…6491 id=r104-66cl7q
2026-08-10T15:03:31.549+08:00 [ws] ⇄ res ✓ skills.status 190ms conn=2f40f28b…6491 id=r105-ojr13b
2026-08-10T15:03:32.504+08:00 [ws] ⇄ res ✓ skills.status 186ms conn=2f40f28b…6491 id=r111-j7h58u
2026-08-10T15:03:32.685+08:00 [ws] ⇄ res ✓ skills.status 179ms conn=2f40f28b…6491 id=r112-v0xa20
|
o  Config warnings -----------------------------------------------------------------------------------------------------+
|                                                                                                                       |
|  - plugins.entries.deepseek: plugin deepseek: duplicate plugin id                                                     |
|    resolved by explicit config-selected plugin; global plugin will be                                                 |
|    overridden by config plugin                                                                                        |
|    (D:\project\LXUP\runtime\openclaw-home\plugins\deepseek\node_modules\@openclaw\deepseek-provider\dist\index.js)    |
|  - plugins.entries.openclaw-weixin: plugin openclaw-weixin: duplicate                                                 |
|    plugin id resolved by explicit config-selected plugin; global plugin                                               |
|    will be overridden by config plugin                                                                                |
|    (D:\project\LXUP\runtime\openclaw-home\plugins\weixin\node_modules\@tencent-weixin\openclaw-weixin\dist\index.js)  |
|  - plugins.entries.qqbot: plugin qqbot: duplicate plugin id resolved by                                               |
|    explicit config-selected plugin; global plugin will be overridden by                                               |
|    config plugin                                                                                                      |
|    (D:\project\LXUP\runtime\openclaw-home\plugins\qqbot\node_modules\@openclaw\qqbot\dist\index.js)                   |
|  - plugins.entries.wecom-openclaw-plugin: plugin wecom-openclaw-plugin:                                               |
|    duplicate plugin id resolved by explicit config-selected plugin;                                                   |
|    global plugin will be overridden by config plugin                                                                  |
|    (D:\project\LXUP\runtime\openclaw-home\plugins\wecom\node_modules\@wecom\wecom-openclaw-plugin\dist\index.js)      |
|                                                                                                                       |
+-----------------------------------------------------------------------------------------------------------------------+
2026-08-10T15:09:06.104+08:00 [gateway] loading configuration…
2026-08-10T15:09:06.281+08:00 [gateway] force: no listeners on port 18789
2026-08-10T15:09:06.287+08:00 [gateway] resolving authentication…
2026-08-10T15:09:06.299+08:00 [gateway] starting...
2026-08-10T15:09:07.320+08:00 [gateway] starting HTTP server...
2026-08-10T15:09:07.323+08:00 [gateway] ⚠️  Gateway is binding to a non-loopback address. Ensure authentication is configured before exposing to public networks.
2026-08-10T15:09:07.609+08:00 [health-monitor] started (interval: 300s, startup-grace: 60s, channel-connect-grace: 120s)
2026-08-10T15:09:09.176+08:00 [gateway] [plugins] duplicate plugin id resolved by explicit config-selected plugin; global plugin will be overridden by config plugin (D:\project\LXUP\runtime\openclaw-home\plugins\deepseek\node_modules\@openclaw\deepseek-provider\dist\index.js) (plugin=deepseek, source=D:\project\LXUP\runtime\openclaw-home\npm\projects\openclaw-deepseek-provider-2481ed984b\node_modules\@openclaw\deepseek-provider\dist\index.js)
2026-08-10T15:09:09.179+08:00 [gateway] [plugins] duplicate plugin id resolved by explicit config-selected plugin; global plugin will be overridden by config plugin (D:\project\LXUP\runtime\openclaw-home\plugins\weixin\node_modules\@tencent-weixin\openclaw-weixin\dist\index.js) (plugin=openclaw-weixin, source=D:\project\LXUP\runtime\openclaw-home\npm\projects\tencent-weixin-openclaw-weixin-7783ac86ba\node_modules\@tencent-weixin\openclaw-weixin\dist\index.js)
2026-08-10T15:09:09.181+08:00 [gateway] [plugins] duplicate plugin id resolved by explicit config-selected plugin; global plugin will be overridden by config plugin (D:\project\LXUP\runtime\openclaw-home\plugins\qqbot\node_modules\@openclaw\qqbot\dist\index.js) (plugin=qqbot, source=D:\project\LXUP\runtime\openclaw-home\npm\projects\openclaw-qqbot-d3553f72f8\node_modules\@openclaw\qqbot\dist\index.js)
2026-08-10T15:09:09.183+08:00 [gateway] [plugins] duplicate plugin id resolved by explicit config-selected plugin; global plugin will be overridden by config plugin (D:\project\LXUP\runtime\openclaw-home\plugins\wecom\node_modules\@wecom\wecom-openclaw-plugin\dist\index.js) (plugin=wecom-openclaw-plugin, source=D:\project\LXUP\runtime\openclaw-home\npm\projects\wecom-wecom-openclaw-plugin-18f843d908\node_modules\@wecom\wecom-openclaw-plugin\dist\index.js)
2026-08-10T15:09:09.206+08:00 [gateway] agent model: deepseek/deepseek-v4-pro (thinking=off, fast=off)
2026-08-10T15:09:09.208+08:00 [gateway] http server listening (11 plugins: browser, canvas, device-pair, file-transfer, memory-core, ollama, openclaw-weixin, phone-control, qqbot, talk-voice, wecom-openclaw-plugin; 2.6s)
2026-08-10T15:09:09.210+08:00 [gateway] log file: C:\Users\Administrator\AppData\Local\Temp\openclaw\openclaw-2026-08-10.log
2026-08-10T15:09:09.426+08:00 [gateway] security warning: dangerous config flags enabled: gateway.controlUi.dangerouslyDisableDeviceAuth=true. Run `openclaw security audit`.
2026-08-10T15:09:09.429+08:00 [gateway] starting channels and sidecars...
2026-08-10T15:09:09.738+08:00 [gateway] ready
2026-08-10T15:09:09.762+08:00 [heartbeat] started
2026-08-10T15:09:16.453+08:00 [ws] webchat connected conn=6e815cce-0456-4039-ab3c-242eada79c63 remote=127.0.0.1 client=openclaw-control-ui webchat v1.0.0
2026-08-10T15:09:18.181+08:00 [ws] ⇄ res ✓ sessions.list 187ms conn=6e815cce…9c63 id=r5-6xo95k
2026-08-10T15:09:18.185+08:00 [ws] ⇄ res ✓ sessions.list 191ms conn=6e815cce…9c63 id=r6-f4zhfd
2026-08-10T15:09:19.062+08:00 [ws] ⇄ res ✓ skills.status 875ms conn=6e815cce…9c63 id=r7-8399n2
2026-08-10T15:09:19.245+08:00 [ws] ⇄ res ✓ skills.status 1056ms conn=6e815cce…9c63 id=r8-po8uds
2026-08-10T15:09:20.106+08:00 [gateway] agent runtime plugins pre-warmed in 365ms
2026-08-10T15:09:22.514+08:00 [ws] webchat connected conn=f77d8ed8-7149-4c1b-99ed-5283a51e4468 remote=127.0.0.1 client=openclaw-control-ui webchat v1.0.0
2026-08-10T15:09:22.781+08:00 [ws] ⇄ res ✓ skills.status 185ms conn=f77d8ed8…4468 id=r117-drmpza
2026-08-10T15:09:22.785+08:00 [ws] ⇄ res ✓ logs.tail 195ms conn=f77d8ed8…4468 id=r114-zk8vhd
2026-08-10T15:10:20.224+08:00 [ws] webchat disconnected code=1001 reason=n/a conn=f77d8ed8-7149-4c1b-99ed-5283a51e4468
2026-08-10T15:10:26.312+08:00 [ws] ⇄ res ✓ sessions.list 324ms conn=6e815cce…9c63 id=r12-mrynqv
2026-08-10T15:10:26.578+08:00 [ws] ⇄ res ✓ config.get 843ms conn=6e815cce…9c63 id=r9-wjfc5i
2026-08-10T15:10:26.588+08:00 [ws] ⇄ res ✓ config.get 600ms conn=6e815cce…9c63 id=r10-dp70m5
2026-08-10T15:10:26.599+08:00 [ws] ⇄ res ✓ config.get 610ms conn=6e815cce…9c63 id=r13-ev5k14
2026-08-10T15:10:26.614+08:00 [ws] ⇄ res ✓ chat.history 299ms conn=6e815cce…9c63 id=r15-ms3okb
2026-08-10T15:10:32.170+08:00 [ws] ⇄ res ✓ config.get 156ms conn=6e815cce…9c63 id=r17-484jkp
2026-08-10T15:10:32.989+08:00 [mcp] registerTool ctx: sessionKey="agent:main:main", messageChannel="webchat", requesterSenderId="undefined", agentAccountId="undefined", sessionChat=undefined
2026-08-10T15:10:33.406+08:00 [provider-transport-fetch] [model-fetch] start provider=deepseek api=openai-completions model=deepseek-v4-pro method=POST url=https://api.openai.com/v1/chat/completions timeoutMs=undefined proxy=none policy=default
2026-08-10T15:10:35.892+08:00 [ws] ⇄ res ✓ config.get 154ms conn=6e815cce…9c63 id=r18-7rviif
2026-08-10T15:10:40.918+08:00 [ws] ⇄ res ✓ config.get 170ms conn=6e815cce…9c63 id=r19-6mm6ax
2026-08-10T15:10:45.923+08:00 [ws] ⇄ res ✓ config.get 172ms conn=6e815cce…9c63 id=r20-1ihnay
2026-08-10T15:10:50.929+08:00 [ws] ⇄ res ✓ config.get 185ms conn=6e815cce…9c63 id=r21-eed5xr
2026-08-10T15:10:52.160+08:00 [ws] ⇄ res ✓ agent 124ms runId=e1235b60-86ba-400a-a94a-9502645d7af6 conn=4e745591…5224 id=e788aea2…dafe
2026-08-10T15:10:53.056+08:00 [mcp] registerTool ctx: sessionKey="agent:main:repair-check", messageChannel="webchat", requesterSenderId="undefined", agentAccountId="undefined", sessionChat=undefined
2026-08-10T15:10:53.065+08:00 [agents/tool-policy] tool policy removed 3 tool(s) via gateway sender owner-only tools.deny: cron, gateway, nodes; matched cron, gateway, nodes
2026-08-10T15:10:53.433+08:00 [ws] ⇄ res ✓ config.get 163ms conn=6e815cce…9c63 id=r22-ns6umk
2026-08-10T15:10:53.510+08:00 [provider-transport-fetch] [model-fetch] start provider=deepseek api=openai-completions model=deepseek-v4-pro method=POST url=https://api.openai.com/v1/chat/completions timeoutMs=undefined proxy=none policy=default
2026-08-10T15:10:54.475+08:00 [provider-transport-fetch] [model-fetch] error provider=deepseek api=openai-completions model=deepseek-v4-pro elapsedMs=21069 name=TypeError code=undefined causeName=Error causeCode=ETIMEDOUT message=fetch failed
2026-08-10T15:10:54.919+08:00 [provider-transport-fetch] [model-fetch] start provider=deepseek api=openai-completions model=deepseek-v4-pro method=POST url=https://api.openai.com/v1/chat/completions timeoutMs=undefined proxy=none policy=default
2026-08-10T15:11:14.534+08:00 [provider-transport-fetch] [model-fetch] error provider=deepseek api=openai-completions model=deepseek-v4-pro elapsedMs=21022 name=TypeError code=undefined causeName=Error causeCode=ETIMEDOUT message=fetch failed
2026-08-10T15:11:14.948+08:00 [provider-transport-fetch] [model-fetch] start provider=deepseek api=openai-completions model=deepseek-v4-pro method=POST url=https://api.openai.com/v1/chat/completions timeoutMs=undefined proxy=none policy=default
2026-08-10T15:11:15.949+08:00 [provider-transport-fetch] [model-fetch] error provider=deepseek api=openai-completions model=deepseek-v4-pro elapsedMs=21029 name=TypeError code=undefined causeName=Error causeCode=ETIMEDOUT message=fetch failed
2026-08-10T15:11:16.905+08:00 [provider-transport-fetch] [model-fetch] start provider=deepseek api=openai-completions model=deepseek-v4-pro method=POST url=https://api.openai.com/v1/chat/completions timeoutMs=undefined proxy=none policy=default
2026-08-10T15:11:35.984+08:00 [provider-transport-fetch] [model-fetch] error provider=deepseek api=openai-completions model=deepseek-v4-pro elapsedMs=21037 name=TypeError code=undefined causeName=Error causeCode=ETIMEDOUT message=fetch failed
2026-08-10T15:11:36.924+08:00 [provider-transport-fetch] [model-fetch] start provider=deepseek api=openai-completions model=deepseek-v4-pro method=POST url=https://api.openai.com/v1/chat/completions timeoutMs=undefined proxy=none policy=default
2026-08-10T15:11:37.940+08:00 [provider-transport-fetch] [model-fetch] error provider=deepseek api=openai-completions model=deepseek-v4-pro elapsedMs=21035 name=TypeError code=undefined causeName=Error causeCode=ETIMEDOUT message=fetch failed
2026-08-10T15:11:37.969+08:00 [agent/embedded] embedded run agent end: runId=f4bbae1f-7a7f-4bb1-8216-06575f1803d7 isError=true model=deepseek-v4-pro provider=deepseek error=LLM request timed out. rawError=Request timed out.
2026-08-10T15:11:38.027+08:00 [agent/embedded] auth profile failure state updated: runId=f4bbae1f-7a7f-4bb1-8216-06575f1803d7 profile=sha256:bdd3cb1746ae provider=deepseek reason=timeout window=cooldown reused=false
2026-08-10T15:11:38.033+08:00 [agent/embedded] embedded run failover decision: runId=f4bbae1f-7a7f-4bb1-8216-06575f1803d7 stage=assistant decision=surface_error reason=timeout from=deepseek/deepseek-v4-pro profile=sha256:bdd3cb1746ae rawError=Request timed out.
2026-08-10T15:11:38.036+08:00 [diagnostic] lane task error: lane=main durationMs=65575 error="FailoverError: LLM request timed out."
2026-08-10T15:11:38.039+08:00 [diagnostic] lane task error: lane=session:agent:main:main durationMs=65580 error="FailoverError: LLM request timed out."
2026-08-10T15:11:38.047+08:00 [model-fallback/decision] model fallback decision: decision=candidate_failed requested=deepseek/deepseek-v4-pro candidate=deepseek/deepseek-v4-pro reason=timeout next=none detail=Request timed out.
2026-08-10T15:11:38.063+08:00 Embedded agent failed before reply: LLM request timed out.
2026-08-10T15:11:42.625+08:00 [gateway] provider auth state re-warmed (auth-profile-failure) in 3589ms eventLoopMax=20.1ms
2026-08-10T15:11:57.973+08:00 [provider-transport-fetch] [model-fetch] error provider=deepseek api=openai-completions model=deepseek-v4-pro elapsedMs=21048 name=TypeError code=undefined causeName=Error causeCode=ETIMEDOUT message=fetch failed
2026-08-10T15:11:57.980+08:00 [agent/embedded] embedded run agent end: runId=e1235b60-86ba-400a-a94a-9502645d7af6 isError=true model=deepseek-v4-pro provider=deepseek error=LLM request timed out. rawError=Request timed out.
2026-08-10T15:11:58.008+08:00 [agent/embedded] auth profile failure state updated: runId=e1235b60-86ba-400a-a94a-9502645d7af6 profile=sha256:bdd3cb1746ae provider=deepseek reason=timeout window=cooldown reused=true
2026-08-10T15:11:58.012+08:00 [agent/embedded] embedded run failover decision: runId=e1235b60-86ba-400a-a94a-9502645d7af6 stage=assistant decision=surface_error reason=timeout from=deepseek/deepseek-v4-pro profile=sha256:bdd3cb1746ae rawError=Request timed out.
2026-08-10T15:11:58.015+08:00 [diagnostic] lane task error: lane=main durationMs=65357 error="FailoverError: LLM request timed out."
2026-08-10T15:11:58.017+08:00 [diagnostic] lane task error: lane=session:agent:main:repair-check durationMs=65359 error="FailoverError: LLM request timed out."
2026-08-10T15:11:58.022+08:00 [model-fallback/decision] model fallback decision: decision=candidate_failed requested=deepseek/deepseek-v4-pro candidate=deepseek/deepseek-v4-pro reason=timeout next=none detail=Request timed out.
2026-08-10T15:11:58.051+08:00 [ws] ⇄ res ✗ agent errorCode=UNAVAILABLE errorMessage=FailoverError: LLM request timed out. runId=e1235b60-86ba-400a-a94a-9502645d7af6 error=FailoverError: LLM request timed out. conn=4e745591…5224 id=e788aea2…dafe
2026-08-10T15:12:02.269+08:00 [gateway] provider auth state re-warmed (auth-profile-failure) in 3251ms eventLoopMax=21.3ms
2026-08-10T15:13:16.808+08:00 [ws] webchat disconnected code=1001 reason=n/a conn=6e815cce-0456-4039-ab3c-242eada79c63
2026-08-10T15:13:17.172+08:00 [ws] webchat connected conn=0e11376f-eb7a-44eb-95f4-05ff6ce3b6f2 remote=127.0.0.1 client=openclaw-control-ui webchat v1.0.0
2026-08-10T15:13:18.174+08:00 [ws] ⇄ res ✓ sessions.list 151ms conn=0e11376f…b6f2 id=r5-4huszf
2026-08-10T15:13:18.194+08:00 [ws] ⇄ res ✓ config.get 468ms conn=0e11376f…b6f2 id=r2-qanq6w
2026-08-10T15:13:18.205+08:00 [ws] ⇄ res ✓ config.get 480ms conn=0e11376f…b6f2 id=r3-ki1jy0
2026-08-10T15:13:18.220+08:00 [ws] ⇄ res ✓ config.get 196ms conn=0e11376f…b6f2 id=r6-u1483s
2026-08-10T15:13:18.230+08:00 [ws] ⇄ res ✓ chat.history 52ms conn=0e11376f…b6f2 id=r8-y2dc06
2026-08-10T15:13:22.881+08:00 [ws] ⇄ res ✓ config.get 152ms conn=0e11376f…b6f2 id=r9-mdvsl0
2026-08-10T15:13:25.440+08:00 [provider-transport-fetch] [model-fetch] start provider=deepseek api=openai-completions model=deepseek-v4-pro method=POST url=https://api.openai.com/v1/chat/completions timeoutMs=undefined proxy=none policy=default
2026-08-10T15:13:27.880+08:00 [ws] ⇄ res ✓ config.get 150ms conn=0e11376f…b6f2 id=r11-584e97
2026-08-10T15:13:29.574+08:00 [ws] ⇄ res ✓ config.get 152ms conn=0e11376f…b6f2 id=r12-w1toef
2026-08-10T15:13:30.934+08:00 [ws] ⇄ res ✓ sessions.list 149ms conn=0e11376f…b6f2 id=r16-9st2eu
2026-08-10T15:13:30.946+08:00 [ws] ⇄ res ✓ config.get 453ms conn=0e11376f…b6f2 id=r14-bssfw8
2026-08-10T15:13:30.955+08:00 [ws] ⇄ res ✓ config.get 463ms conn=0e11376f…b6f2 id=r13-3pbbii
2026-08-10T15:13:30.965+08:00 [ws] ⇄ res ✓ config.get 180ms conn=0e11376f…b6f2 id=r17-txy598
2026-08-10T15:13:35.400+08:00 [ws] ⇄ res ✓ config.get 155ms conn=0e11376f…b6f2 id=r20-q45oo5
2026-08-10T15:13:36.078+08:00 [ws] ⇄ res ✓ sessions.list 147ms conn=0e11376f…b6f2 id=r24-51n5up
2026-08-10T15:13:36.090+08:00 [ws] ⇄ res ✓ config.get 445ms conn=0e11376f…b6f2 id=r22-h4vpdy
2026-08-10T15:13:36.099+08:00 [ws] ⇄ res ✓ config.get 455ms conn=0e11376f…b6f2 id=r21-9bw8fq
2026-08-10T15:13:36.108+08:00 [ws] ⇄ res ✓ config.get 178ms conn=0e11376f…b6f2 id=r25-yn0d6p
2026-08-10T15:13:37.415+08:00 [ws] webchat disconnected code=1001 reason=n/a conn=0e11376f-eb7a-44eb-95f4-05ff6ce3b6f2
2026-08-10T15:13:37.770+08:00 [ws] webchat connected conn=22810ebc-af50-4ba2-a8be-509a499ef84c remote=127.0.0.1 client=openclaw-control-ui webchat v1.0.0
2026-08-10T15:13:37.991+08:00 [ws] ⇄ res ✓ sessions.list 146ms conn=22810ebc…f84c id=r4-7q4iks
2026-08-10T15:13:38.003+08:00 [ws] ⇄ res ✓ config.get 157ms conn=22810ebc…f84c id=r2-6ncnnl
2026-08-10T15:13:42.626+08:00 [ws] ⇄ res ✓ config.get 148ms conn=22810ebc…f84c id=r8-rhpez0
2026-08-10T15:13:46.482+08:00 [provider-transport-fetch] [model-fetch] error provider=deepseek api=openai-completions model=deepseek-v4-pro elapsedMs=21042 name=TypeError code=undefined causeName=Error causeCode=ETIMEDOUT message=fetch failed
2026-08-10T15:13:46.882+08:00 [provider-transport-fetch] [model-fetch] start provider=deepseek api=openai-completions model=deepseek-v4-pro method=POST url=https://api.openai.com/v1/chat/completions timeoutMs=undefined proxy=none policy=default
2026-08-10T15:13:47.615+08:00 [ws] ⇄ res ✓ config.get 148ms conn=22810ebc…f84c id=r9-1jeani
2026-08-10T15:13:52.638+08:00 [ws] ⇄ res ✓ config.get 157ms conn=22810ebc…f84c id=r10-x8mc8g
2026-08-10T15:13:57.618+08:00 [ws] ⇄ res ✓ config.get 146ms conn=22810ebc…f84c id=r11-pkqvtj
2026-08-10T15:14:02.618+08:00 [ws] ⇄ res ✓ config.get 146ms conn=22810ebc…f84c id=r12-afqcmg
2026-08-10T15:14:07.622+08:00 [ws] ⇄ res ✓ config.get 157ms conn=22810ebc…f84c id=r13-9fbpmy
2026-08-10T15:14:07.945+08:00 [provider-transport-fetch] [model-fetch] error provider=deepseek api=openai-completions model=deepseek-v4-pro elapsedMs=21062 name=TypeError code=undefined causeName=Error causeCode=ETIMEDOUT message=fetch failed
2026-08-10T15:14:08.715+08:00 [provider-transport-fetch] [model-fetch] start provider=deepseek api=openai-completions model=deepseek-v4-pro method=POST url=https://api.openai.com/v1/chat/completions timeoutMs=undefined proxy=none policy=default
2026-08-10T15:14:12.630+08:00 [ws] ⇄ res ✓ config.get 156ms conn=22810ebc…f84c id=r14-yabpgw
2026-08-10T15:14:17.628+08:00 [ws] ⇄ res ✓ config.get 160ms conn=22810ebc…f84c id=r15-dvjkbl
2026-08-10T15:14:22.635+08:00 [ws] ⇄ res ✓ config.get 158ms conn=22810ebc…f84c id=r16-2hmwtx
2026-08-10T15:14:27.629+08:00 [ws] ⇄ res ✓ config.get 153ms conn=22810ebc…f84c id=r17-b3ngnh
2026-08-10T15:14:29.768+08:00 [provider-transport-fetch] [model-fetch] error provider=deepseek api=openai-completions model=deepseek-v4-pro elapsedMs=21053 name=TypeError code=undefined causeName=Error causeCode=ETIMEDOUT message=fetch failed
2026-08-10T15:14:29.789+08:00 [agent/embedded] embedded attempt cleanup detected session takeover after prompt failure; preserving prompt error: runId=6597bec0-1d9b-457e-a8ad-794f2688cedc sessionId=036d0e1a-f910-46b9-8399-f62c2d5ed9a1 promptError=session file changed while embedded prompt lock was released: D:\project\LXUP\runtime\openclaw-home\agents\main\sessions\036d0e1a-f910-46b9-8399-f62c2d5ed9a1.jsonl cleanupError=session file changed while embedded prompt lock was released: D:\project\LXUP\runtime\openclaw-home\agents\main\sessions\036d0e1a-f910-46b9-8399-f62c2d5ed9a1.jsonl
2026-08-10T15:14:29.791+08:00 [diagnostic] lane task error: lane=main durationMs=64941 error="EmbeddedAttemptSessionTakeoverError: session file changed while embedded prompt lock was released: D:\project\LXUP\runtime\openclaw-home\agents\main\sessions\036d0e1a-f910-46b9-8399-f62c2d5ed9a1.jsonl"
2026-08-10T15:14:29.793+08:00 [diagnostic] lane task error: lane=session:agent:main:main durationMs=64944 error="EmbeddedAttemptSessionTakeoverError: session file changed while embedded prompt lock was released: D:\project\LXUP\runtime\openclaw-home\agents\main\sessions\036d0e1a-f910-46b9-8399-f62c2d5ed9a1.jsonl"
2026-08-10T15:14:29.793+08:00 Embedded agent failed before reply: session file changed while embedded prompt lock was released: D:\project\LXUP\runtime\openclaw-home\agents\main\sessions\036d0e1a-f910-46b9-8399-f62c2d5ed9a1.jsonl
2026-08-10T15:14:32.630+08:00 [ws] ⇄ res ✓ config.get 153ms conn=22810ebc…f84c id=r18-u2ornm
2026-08-10T15:14:38.341+08:00 [ws] ⇄ res ✓ config.get 153ms conn=22810ebc…f84c id=r19-vmvh57
2026-08-10T15:14:43.343+08:00 [ws] ⇄ res ✓ config.get 154ms conn=22810ebc…f84c id=r20-qgwiml
2026-08-10T15:14:48.351+08:00 [ws] ⇄ res ✓ config.get 155ms conn=22810ebc…f84c id=r21-ra4ce2
2026-08-10T15:14:53.353+08:00 [ws] ⇄ res ✓ config.get 156ms conn=22810ebc…f84c id=r22-qhm0og
2026-08-10T15:14:58.351+08:00 [ws] ⇄ res ✓ config.get 154ms conn=22810ebc…f84c id=r23-yoxgf0
2026-08-10T15:15:03.357+08:00 [ws] ⇄ res ✓ config.get 159ms conn=22810ebc…f84c id=r24-e0i3jq
2026-08-10T15:15:08.356+08:00 [ws] ⇄ res ✓ config.get 154ms conn=22810ebc…f84c id=r25-j9gt10
2026-08-10T15:15:13.350+08:00 [ws] ⇄ res ✓ config.get 154ms conn=22810ebc…f84c id=r26-npmehx
2026-08-10T15:15:18.343+08:00 [ws] ⇄ res ✓ config.get 152ms conn=22810ebc…f84c id=r27-17piqf
2026-08-10T15:15:23.353+08:00 [ws] ⇄ res ✓ config.get 160ms conn=22810ebc…f84c id=r28-rtd3cn
2026-08-10T15:15:26.084+08:00 [reload] config change detected; evaluating reload (models.providers.deepseek.baseUrl)
2026-08-10T15:15:26.606+08:00 [reload] config hot reload applied (models.providers.deepseek.baseUrl)
2026-08-10T15:15:31.978+08:00 [ws] ⇄ res ✓ config.get 147ms conn=22810ebc…f84c id=r29-302fhi
2026-08-10T15:15:33.761+08:00 [ws] ⇄ res ✓ config.get 149ms conn=22810ebc…f84c id=r30-yktbhl
2026-08-10T15:15:46.347+08:00 [ws] ⇄ res ✓ config.get 152ms conn=22810ebc…f84c id=r31-97ksz6
|
o  Config warnings -----------------------------------------------------------------------------------------------------+
|                                                                                                                       |
|  - plugins.entries.deepseek: plugin deepseek: duplicate plugin id                                                     |
|    resolved by explicit config-selected plugin; global plugin will be                                                 |
|    overridden by config plugin                                                                                        |
|    (D:\project\LXUP\runtime\openclaw-home\plugins\deepseek\node_modules\@openclaw\deepseek-provider\dist\index.js)    |
|  - plugins.entries.openclaw-weixin: plugin openclaw-weixin: duplicate                                                 |
|    plugin id resolved by explicit config-selected plugin; global plugin                                               |
|    will be overridden by config plugin                                                                                |
|    (D:\project\LXUP\runtime\openclaw-home\plugins\weixin\node_modules\@tencent-weixin\openclaw-weixin\dist\index.js)  |
|  - plugins.entries.qqbot: plugin qqbot: duplicate plugin id resolved by                                               |
|    explicit config-selected plugin; global plugin will be overridden by                                               |
|    config plugin                                                                                                      |
|    (D:\project\LXUP\runtime\openclaw-home\plugins\qqbot\node_modules\@openclaw\qqbot\dist\index.js)                   |
|  - plugins.entries.wecom-openclaw-plugin: plugin wecom-openclaw-plugin:                                               |
|    duplicate plugin id resolved by explicit config-selected plugin;                                                   |
|    global plugin will be overridden by config plugin                                                                  |
|    (D:\project\LXUP\runtime\openclaw-home\plugins\wecom\node_modules\@wecom\wecom-openclaw-plugin\dist\index.js)      |
|                                                                                                                       |
+-----------------------------------------------------------------------------------------------------------------------+
2026-08-10T15:16:30.347+08:00 [gateway] loading configuration…
2026-08-10T15:16:30.518+08:00 [gateway] force: no listeners on port 18789
2026-08-10T15:16:30.522+08:00 [gateway] resolving authentication…
2026-08-10T15:16:30.534+08:00 [gateway] starting...
2026-08-10T15:16:31.567+08:00 [gateway] starting HTTP server...
2026-08-10T15:16:31.571+08:00 [gateway] ⚠️  Gateway is binding to a non-loopback address. Ensure authentication is configured before exposing to public networks.
2026-08-10T15:16:31.853+08:00 [health-monitor] started (interval: 300s, startup-grace: 60s, channel-connect-grace: 120s)
2026-08-10T15:16:33.476+08:00 [gateway] [plugins] duplicate plugin id resolved by explicit config-selected plugin; global plugin will be overridden by config plugin (D:\project\LXUP\runtime\openclaw-home\plugins\deepseek\node_modules\@openclaw\deepseek-provider\dist\index.js) (plugin=deepseek, source=D:\project\LXUP\runtime\openclaw-home\npm\projects\openclaw-deepseek-provider-2481ed984b\node_modules\@openclaw\deepseek-provider\dist\index.js)
2026-08-10T15:16:33.478+08:00 [gateway] [plugins] duplicate plugin id resolved by explicit config-selected plugin; global plugin will be overridden by config plugin (D:\project\LXUP\runtime\openclaw-home\plugins\weixin\node_modules\@tencent-weixin\openclaw-weixin\dist\index.js) (plugin=openclaw-weixin, source=D:\project\LXUP\runtime\openclaw-home\npm\projects\tencent-weixin-openclaw-weixin-7783ac86ba\node_modules\@tencent-weixin\openclaw-weixin\dist\index.js)
2026-08-10T15:16:33.481+08:00 [gateway] [plugins] duplicate plugin id resolved by explicit config-selected plugin; global plugin will be overridden by config plugin (D:\project\LXUP\runtime\openclaw-home\plugins\qqbot\node_modules\@openclaw\qqbot\dist\index.js) (plugin=qqbot, source=D:\project\LXUP\runtime\openclaw-home\npm\projects\openclaw-qqbot-d3553f72f8\node_modules\@openclaw\qqbot\dist\index.js)
2026-08-10T15:16:33.498+08:00 [gateway] [plugins] duplicate plugin id resolved by explicit config-selected plugin; global plugin will be overridden by config plugin (D:\project\LXUP\runtime\openclaw-home\plugins\wecom\node_modules\@wecom\wecom-openclaw-plugin\dist\index.js) (plugin=wecom-openclaw-plugin, source=D:\project\LXUP\runtime\openclaw-home\npm\projects\wecom-wecom-openclaw-plugin-18f843d908\node_modules\@wecom\wecom-openclaw-plugin\dist\index.js)
2026-08-10T15:16:33.516+08:00 [gateway] agent model: deepseek/deepseek-v4-pro (thinking=off, fast=off)
2026-08-10T15:16:33.520+08:00 [gateway] http server listening (11 plugins: browser, canvas, device-pair, file-transfer, memory-core, ollama, openclaw-weixin, phone-control, qqbot, talk-voice, wecom-openclaw-plugin; 2.7s)
2026-08-10T15:16:33.523+08:00 [gateway] log file: C:\Users\Administrator\AppData\Local\Temp\openclaw\openclaw-2026-08-10.log
2026-08-10T15:16:33.739+08:00 [gateway] security warning: dangerous config flags enabled: gateway.controlUi.dangerouslyDisableDeviceAuth=true. Run `openclaw security audit`.
2026-08-10T15:16:33.742+08:00 [gateway] starting channels and sidecars...
2026-08-10T15:16:34.057+08:00 [gateway] ready
2026-08-10T15:16:34.084+08:00 [heartbeat] started
2026-08-10T15:16:35.546+08:00 [ws] webchat connected conn=c76172b0-015e-4ccf-adb6-0c47177bc3c9 remote=127.0.0.1 client=openclaw-control-ui webchat v1.0.0
2026-08-10T15:16:36.110+08:00 [ws] ⇄ res ✓ config.get 488ms conn=c76172b0…c3c9 id=r33-ybghvs
2026-08-10T15:16:36.117+08:00 [ws] ⇄ res ✓ agents.list 494ms conn=c76172b0…c3c9 id=r34-u2oejj
2026-08-10T15:16:40.587+08:00 [ws] webchat connected conn=c7e18420-e73d-44e6-a212-a670a2760165 remote=127.0.0.1 client=openclaw-control-ui webchat v1.0.0
2026-08-10T15:16:42.426+08:00 [ws] ⇄ res ✓ agents.list 159ms conn=c7e18420…0165 id=r4-906luf
2026-08-10T15:16:42.432+08:00 [ws] ⇄ res ✓ agents.list 167ms conn=c7e18420…0165 id=r7-bzja1y
2026-08-10T15:16:42.760+08:00 [ws] ⇄ res ✓ sessions.list 496ms conn=c7e18420…0165 id=r5-o7bi01
2026-08-10T15:16:42.784+08:00 [ws] ⇄ res ✓ config.get 680ms conn=c7e18420…0165 id=r2-3kpjsn
2026-08-10T15:16:42.794+08:00 [ws] ⇄ res ✓ config.get 532ms conn=c7e18420…0165 id=r3-3tihp9
2026-08-10T15:16:42.804+08:00 [ws] ⇄ res ✓ config.get 541ms conn=c7e18420…0165 id=r6-acfd0h
2026-08-10T15:16:42.818+08:00 [ws] ⇄ res ✓ chat.history 56ms conn=c7e18420…0165 id=r8-7qpue0
2026-08-10T15:16:44.435+08:00 [gateway] agent runtime plugins pre-warmed in 375ms
2026-08-10T15:16:46.363+08:00 [ws] ⇄ res ✓ config.get 161ms conn=c76172b0…c3c9 id=r35-ntczko
2026-08-10T15:16:46.564+08:00 [ws] webchat disconnected code=1001 reason=n/a conn=c76172b0-015e-4ccf-adb6-0c47177bc3c9
2026-08-10T15:16:46.931+08:00 [ws] webchat connected conn=00eefa61-49bd-46e8-add6-a2ca3b9dd381 remote=127.0.0.1 client=openclaw-control-ui webchat v1.0.0
2026-08-10T15:16:47.161+08:00 [ws] ⇄ res ✓ sessions.list 152ms conn=00eefa61…d381 id=r4-3dy2a1
2026-08-10T15:16:47.174+08:00 [ws] ⇄ res ✓ config.get 166ms conn=00eefa61…d381 id=r2-yrkj7p
2026-08-10T15:16:47.342+08:00 [ws] ⇄ res ✓ config.get 150ms conn=c7e18420…0165 id=r9-zh0l23
2026-08-10T15:16:47.701+08:00 [ws] webchat disconnected code=1001 reason=n/a conn=00eefa61-49bd-46e8-add6-a2ca3b9dd381
2026-08-10T15:16:52.290+08:00 [ws] ⇄ res ✓ config.get 174ms conn=c7e18420…0165 id=r10-whbqsg
2026-08-10T15:16:57.281+08:00 [ws] ⇄ res ✓ config.get 175ms conn=c7e18420…0165 id=r11-yh4tns
2026-08-10T15:16:58.102+08:00 [ws] ⇄ res ✓ agent 156ms runId=ea3cd559-4118-4586-a8ff-e5713f52ba95 conn=6634da44…5013 id=e6cd487b…c297
2026-08-10T15:17:00.844+08:00 [mcp] registerTool ctx: sessionKey="agent:main:repair-check-2", messageChannel="webchat", requesterSenderId="undefined", agentAccountId="undefined", sessionChat=undefined
2026-08-10T15:17:00.857+08:00 [agents/tool-policy] tool policy removed 3 tool(s) via gateway sender owner-only tools.deny: cron, gateway, nodes; matched cron, gateway, nodes
2026-08-10T15:17:02.390+08:00 [ws] ⇄ res ✓ config.get 170ms conn=c7e18420…0165 id=r12-biq628
2026-08-10T15:17:02.416+08:00 [provider-transport-fetch] [model-fetch] start provider=deepseek api=openai-completions model=deepseek-v4-pro method=POST url=https://api.deepseek.com/v1/chat/completions timeoutMs=undefined proxy=none policy=custom
2026-08-10T15:17:03.360+08:00 [provider-transport-fetch] [model-fetch] response provider=deepseek api=openai-completions model=deepseek-v4-pro status=200 elapsedMs=944 contentType=text/event-stream; charset=utf-8
2026-08-10T15:17:05.202+08:00 OK
2026-08-10T15:17:05.208+08:00 [agents/agent-command] [agent] run ea3cd559-4118-4586-a8ff-e5713f52ba95 ended with stopReason=stop
2026-08-10T15:17:07.273+08:00 [ws] ⇄ res ✓ config.get 160ms conn=c7e18420…0165 id=r13-osi45e
2026-08-10T15:17:12.267+08:00 [ws] ⇄ res ✓ config.get 154ms conn=c7e18420…0165 id=r14-5g56i2
2026-08-10T15:17:17.269+08:00 [ws] ⇄ res ✓ config.get 159ms conn=c7e18420…0165 id=r15-vuwj1o
2026-08-10T15:17:22.268+08:00 [ws] ⇄ res ✓ config.get 153ms conn=c7e18420…0165 id=r16-r3mt32
2026-08-10T15:17:27.268+08:00 [ws] ⇄ res ✓ config.get 151ms conn=c7e18420…0165 id=r17-xzbuck
2026-08-10T15:17:32.271+08:00 [ws] ⇄ res ✓ config.get 155ms conn=c7e18420…0165 id=r18-ba54wh
2026-08-10T15:17:37.260+08:00 [ws] ⇄ res ✓ config.get 152ms conn=c7e18420…0165 id=r19-8wdb7b
2026-08-10T15:17:42.258+08:00 [ws] ⇄ res ✓ config.get 150ms conn=c7e18420…0165 id=r20-acr7n6
2026-08-10T15:17:47.354+08:00 [ws] ⇄ res ✓ config.get 151ms conn=c7e18420…0165 id=r21-k601r5
2026-08-10T15:17:52.346+08:00 [ws] ⇄ res ✓ config.get 148ms conn=c7e18420…0165 id=r22-eh0y2l
2026-08-10T15:17:57.349+08:00 [ws] ⇄ res ✓ config.get 157ms conn=c7e18420…0165 id=r23-5kx2se
2026-08-10T15:18:02.348+08:00 [ws] ⇄ res ✓ config.get 146ms conn=c7e18420…0165 id=r24-4vvcyp
2026-08-10T15:18:07.347+08:00 [ws] ⇄ res ✓ config.get 150ms conn=c7e18420…0165 id=r25-h7d7jq
2026-08-10T15:18:12.345+08:00 [ws] ⇄ res ✓ config.get 147ms conn=c7e18420…0165 id=r26-w7msy5
2026-08-10T15:18:17.346+08:00 [ws] ⇄ res ✓ config.get 150ms conn=c7e18420…0165 id=r27-gke5iq
2026-08-10T15:18:22.358+08:00 [ws] ⇄ res ✓ config.get 164ms conn=c7e18420…0165 id=r28-34t40e
2026-08-10T15:18:27.349+08:00 [ws] ⇄ res ✓ config.get 152ms conn=c7e18420…0165 id=r29-isqs7t
2026-08-10T15:18:32.335+08:00 [ws] ⇄ res ✓ config.get 147ms conn=c7e18420…0165 id=r30-s8srtm
2026-08-10T15:18:37.263+08:00 [ws] ⇄ res ✓ config.get 156ms conn=c7e18420…0165 id=r31-9qqg1x
2026-08-10T15:18:42.266+08:00 [ws] ⇄ res ✓ config.get 150ms conn=c7e18420…0165 id=r32-7juf1v
2026-08-10T15:18:47.268+08:00 [ws] ⇄ res ✓ config.get 163ms conn=c7e18420…0165 id=r33-kaqaes
2026-08-10T15:18:52.337+08:00 [ws] ⇄ res ✓ config.get 148ms conn=c7e18420…0165 id=r34-s4r8ly
2026-08-10T15:18:57.351+08:00 [ws] ⇄ res ✓ config.get 149ms conn=c7e18420…0165 id=r35-8tdt4w
2026-08-10T15:19:02.350+08:00 [ws] ⇄ res ✓ config.get 150ms conn=c7e18420…0165 id=r36-auphxu
2026-08-10T15:19:07.356+08:00 [ws] ⇄ res ✓ config.get 156ms conn=c7e18420…0165 id=r37-56tq95
2026-08-10T15:19:12.337+08:00 [ws] ⇄ res ✓ config.get 146ms conn=c7e18420…0165 id=r38-ustq9b
2026-08-10T15:19:17.342+08:00 [ws] ⇄ res ✓ config.get 148ms conn=c7e18420…0165 id=r39-lp5oi5
2026-08-10T15:19:22.336+08:00 [ws] ⇄ res ✓ config.get 146ms conn=c7e18420…0165 id=r40-5xywyz
2026-08-10T15:19:27.254+08:00 [ws] ⇄ res ✓ config.get 149ms conn=c7e18420…0165 id=r41-tp9mbe
2026-08-10T15:19:32.264+08:00 [ws] ⇄ res ✓ config.get 158ms conn=c7e18420…0165 id=r42-oxvnhc
2026-08-10T15:19:37.277+08:00 [ws] ⇄ res ✓ config.get 169ms conn=c7e18420…0165 id=r43-b2nt9v
2026-08-10T15:19:42.273+08:00 [ws] ⇄ res ✓ config.get 154ms conn=c7e18420…0165 id=r44-htfmvl
2026-08-10T15:19:47.266+08:00 [ws] ⇄ res ✓ config.get 159ms conn=c7e18420…0165 id=r45-dvwmeh
2026-08-10T15:19:52.261+08:00 [ws] ⇄ res ✓ config.get 147ms conn=c7e18420…0165 id=r46-9kpgzk
2026-08-10T15:19:57.270+08:00 [ws] ⇄ res ✓ config.get 156ms conn=c7e18420…0165 id=r47-a83p7e
2026-08-10T15:20:02.262+08:00 [ws] ⇄ res ✓ config.get 150ms conn=c7e18420…0165 id=r48-3vgem7
2026-08-10T15:20:07.272+08:00 [ws] ⇄ res ✓ config.get 154ms conn=c7e18420…0165 id=r49-d56iv0
2026-08-10T15:20:12.267+08:00 [ws] ⇄ res ✓ config.get 156ms conn=c7e18420…0165 id=r50-fuzvup
2026-08-10T15:20:17.262+08:00 [ws] ⇄ res ✓ config.get 151ms conn=c7e18420…0165 id=r51-2v8454
2026-08-10T15:20:22.263+08:00 [ws] ⇄ res ✓ config.get 155ms conn=c7e18420…0165 id=r52-6fxyxx
2026-08-10T15:20:27.274+08:00 [ws] ⇄ res ✓ config.get 167ms conn=c7e18420…0165 id=r53-ca0ykl
2026-08-10T15:20:32.260+08:00 [ws] ⇄ res ✓ config.get 148ms conn=c7e18420…0165 id=r54-pdbkbh
2026-08-10T15:20:37.274+08:00 [ws] ⇄ res ✓ config.get 156ms conn=c7e18420…0165 id=r55-m1kn19
2026-08-10T15:20:42.263+08:00 [ws] ⇄ res ✓ config.get 149ms conn=c7e18420…0165 id=r56-dpsgdu
2026-08-10T15:20:47.264+08:00 [ws] ⇄ res ✓ config.get 151ms conn=c7e18420…0165 id=r57-1d5nlb
2026-08-10T15:20:52.261+08:00 [ws] ⇄ res ✓ config.get 149ms conn=c7e18420…0165 id=r58-o4cuf0
2026-08-10T15:20:57.261+08:00 [ws] ⇄ res ✓ config.get 151ms conn=c7e18420…0165 id=r59-bf3v9x
2026-08-10T15:21:02.258+08:00 [ws] ⇄ res ✓ config.get 147ms conn=c7e18420…0165 id=r60-8a0pzj
2026-08-10T15:21:07.255+08:00 [ws] ⇄ res ✓ config.get 145ms conn=c7e18420…0165 id=r61-njlptt
2026-08-10T15:21:12.264+08:00 [ws] ⇄ res ✓ config.get 146ms conn=c7e18420…0165 id=r62-m43q2q
2026-08-10T15:21:17.271+08:00 [ws] ⇄ res ✓ config.get 152ms conn=c7e18420…0165 id=r63-nbg6wu
2026-08-10T15:21:22.261+08:00 [ws] ⇄ res ✓ config.get 147ms conn=c7e18420…0165 id=r64-8g75u0
2026-08-10T15:21:27.265+08:00 [ws] ⇄ res ✓ config.get 148ms conn=c7e18420…0165 id=r65-qgr343
2026-08-10T15:21:32.253+08:00 [ws] ⇄ res ✓ config.get 145ms conn=c7e18420…0165 id=r66-3035zi
2026-08-10T15:21:37.261+08:00 [ws] ⇄ res ✓ config.get 145ms conn=c7e18420…0165 id=r67-l8pmtv
2026-08-10T15:21:42.249+08:00 [ws] ⇄ res ✓ config.get 144ms conn=c7e18420…0165 id=r68-h975lv
2026-08-10T15:21:47.260+08:00 [ws] ⇄ res ✓ config.get 145ms conn=c7e18420…0165 id=r69-oen7oz
2026-08-10T15:21:52.254+08:00 [ws] ⇄ res ✓ config.get 142ms conn=c7e18420…0165 id=r70-47kagz
2026-08-10T15:21:57.266+08:00 [ws] ⇄ res ✓ config.get 154ms conn=c7e18420…0165 id=r71-pilbc6
2026-08-10T15:22:02.339+08:00 [ws] ⇄ res ✓ config.get 145ms conn=c7e18420…0165 id=r72-h9mrgt
2026-08-10T15:22:07.266+08:00 [ws] ⇄ res ✓ config.get 158ms conn=c7e18420…0165 id=r73-kozq0e
2026-08-10T15:22:12.368+08:00 [ws] ⇄ res ✓ config.get 175ms conn=c7e18420…0165 id=r74-ntvg2a
2026-08-10T15:22:15.784+08:00 [ws] unauthorized conn=c2486988-57cd-44af-8846-ec5be8e3c591 peer=127.0.0.1:49207->127.0.0.1:18789 remote=127.0.0.1 client=gateway:models.authStatus backend v2026.7.1-2 role=operator scopes=0 auth=token device=no platform=win32 instance=e86ead3c-07b2-4dde-beff-58babc247276 host=127.0.0.1:18789 origin=n/a ua=n/a reason=token_mismatch
2026-08-10T15:22:15.808+08:00 [ws] closed before connect conn=c2486988-57cd-44af-8846-ec5be8e3c591 peer=127.0.0.1:49207->127.0.0.1:18789 remote=127.0.0.1 fwd=n/a origin=n/a host=127.0.0.1:18789 ua=n/a code=1008 reason=connect failed phase=auth_credentials_received
2026-08-10T15:22:17.361+08:00 [ws] ⇄ res ✓ config.get 159ms conn=c7e18420…0165 id=r75-9d7aam
2026-08-10T15:22:22.342+08:00 [ws] ⇄ res ✓ config.get 145ms conn=c7e18420…0165 id=r76-1mrwwq
2026-08-10T15:22:27.341+08:00 [ws] ⇄ res ✓ config.get 143ms conn=c7e18420…0165 id=r77-rmjzr5
2026-08-10T15:22:32.362+08:00 [ws] ⇄ res ✓ config.get 166ms conn=c7e18420…0165 id=r78-oc615t
2026-08-10T15:22:37.345+08:00 [ws] ⇄ res ✓ config.get 143ms conn=c7e18420…0165 id=r79-v2lgvr
2026-08-10T15:22:42.341+08:00 [ws] ⇄ res ✓ config.get 144ms conn=c7e18420…0165 id=r80-gtp7bb
2026-08-10T15:22:47.356+08:00 [ws] ⇄ res ✓ config.get 159ms conn=c7e18420…0165 id=r81-lyi7v7
2026-08-10T15:22:52.349+08:00 [ws] ⇄ res ✓ config.get 152ms conn=c7e18420…0165 id=r82-upb1jp
2026-08-10T15:22:57.345+08:00 [ws] ⇄ res ✓ config.get 147ms conn=c7e18420…0165 id=r83-1z3d9f
2026-08-10T15:23:02.339+08:00 [ws] ⇄ res ✓ config.get 148ms conn=c7e18420…0165 id=r84-qn2ee8
2026-08-10T15:23:07.353+08:00 [ws] ⇄ res ✓ config.get 160ms conn=c7e18420…0165 id=r85-gfk2ll
2026-08-10T15:23:46.343+08:00 [ws] ⇄ res ✓ config.get 148ms conn=c7e18420…0165 id=r86-6tgv4p
2026-08-10T15:24:19.268+08:00 [ws] ⇄ res ✓ config.get 152ms conn=c7e18420…0165 id=r87-9121r7
2026-08-10T15:24:20.710+08:00 [ws] webchat disconnected code=1001 reason=n/a conn=c7e18420-e73d-44e6-a212-a670a2760165
2026-08-10T15:24:21.077+08:00 [ws] webchat connected conn=3fa728c8-b68a-4b5e-a0b5-356b908f8c0d remote=127.0.0.1 client=openclaw-control-ui webchat v1.0.0
2026-08-10T15:24:21.299+08:00 [ws] ⇄ res ✓ sessions.list 148ms conn=3fa728c8…8c0d id=r4-0zwxuz
2026-08-10T15:24:21.311+08:00 [ws] ⇄ res ✓ config.get 160ms conn=3fa728c8…8c0d id=r2-303x1j
2026-08-10T15:24:25.486+08:00 [mcp] registerTool ctx: sessionKey="agent:main:main", messageChannel="webchat", requesterSenderId="undefined", agentAccountId="undefined", sessionChat=undefined
2026-08-10T15:24:25.729+08:00 [agent/embedded] Merged and removed orphaned user message to prevent consecutive user turns. runId=49682616-aeb7-4b03-8296-8cc88adaa74a sessionId=036d0e1a-f910-46b9-8399-f62c2d5ed9a1 trigger=user
2026-08-10T15:24:25.772+08:00 [provider-transport-fetch] [model-fetch] start provider=deepseek api=openai-completions model=deepseek-v4-pro method=POST url=https://api.deepseek.com/v1/chat/completions timeoutMs=undefined proxy=none policy=custom
2026-08-10T15:24:25.933+08:00 [ws] ⇄ res ✓ config.get 150ms conn=3fa728c8…8c0d id=r7-1lo1eb
2026-08-10T15:24:26.590+08:00 [provider-transport-fetch] [model-fetch] response provider=deepseek api=openai-completions model=deepseek-v4-pro status=200 elapsedMs=818 contentType=text/event-stream; charset=utf-8
2026-08-10T15:24:30.929+08:00 [ws] ⇄ res ✓ config.get 147ms conn=3fa728c8…8c0d id=r8-jlx3jx
2026-08-10T15:26:08.030+08:00 [ws] ⇄ res ✓ sessions.list 156ms conn=3fa728c8…8c0d id=r13-kpqv8z
2026-08-10T15:26:08.045+08:00 [ws] ⇄ res ✓ config.get 458ms conn=3fa728c8…8c0d id=r10-07beqn
2026-08-10T15:26:08.055+08:00 [ws] ⇄ res ✓ config.get 469ms conn=3fa728c8…8c0d id=r11-pm0rmk
2026-08-10T15:26:08.065+08:00 [ws] ⇄ res ✓ config.get 192ms conn=3fa728c8…8c0d id=r14-jsvv1q
2026-08-10T15:26:08.624+08:00 [ws] ⇄ res ✓ skills.status 403ms conn=3fa728c8…8c0d id=r19-zobn1u
2026-08-10T15:26:08.627+08:00 [ws] ⇄ res ✓ channels.status 406ms conn=3fa728c8…8c0d id=r18-8sgl52
2026-08-10T15:26:08.846+08:00 [ws] ⇄ res ✓ config.get 170ms conn=3fa728c8…8c0d id=r20-wszax0
2026-08-10T15:26:12.669+08:00 [ws] ⇄ res ✓ skills.status 211ms conn=3fa728c8…8c0d id=r23-ych6b7
2026-08-10T15:26:12.673+08:00 [ws] ⇄ res ✓ agents.list 215ms conn=3fa728c8…8c0d id=r21-indbka
2026-08-10T15:26:12.676+08:00 [ws] ⇄ res ✓ channels.status 218ms conn=3fa728c8…8c0d id=r22-bqqp7w
2026-08-10T15:26:13.488+08:00 [ws] ⇄ res ✓ config.get 169ms conn=3fa728c8…8c0d id=r24-76ye6e
2026-08-10T15:26:14.343+08:00 [ws] ⇄ res ✓ skills.status 225ms conn=3fa728c8…8c0d id=r27-gvmf0o
2026-08-10T15:26:14.347+08:00 [ws] ⇄ res ✓ channels.status 230ms conn=3fa728c8…8c0d id=r26-asw6h1
2026-08-10T15:26:14.767+08:00 [ws] ⇄ res ✓ channels.status 184ms conn=3fa728c8…8c0d id=r30-nhu6is
2026-08-10T15:26:14.778+08:00 [ws] ⇄ res ✓ config.get 194ms conn=3fa728c8…8c0d id=r29-as5271
2026-08-10T15:26:15.653+08:00 [ws] ⇄ res ✓ config.get 170ms conn=3fa728c8…8c0d id=r31-3ey2nj
2026-08-10T15:26:15.997+08:00 [ws] ⇄ res ✓ config.get 185ms conn=3fa728c8…8c0d id=r33-ghu6pi
2026-08-10T15:26:16.840+08:00 [ws] ⇄ res ✗ skills.entries 1ms errorCode=INVALID_REQUEST errorMessage=unknown method: skills.entries conn=3fa728c8…8c0d id=r35-4jh0i9
2026-08-10T15:26:18.448+08:00 [browser/extension-relay] extension relay for profile "chrome" listening on 127.0.0.1:18799
2026-08-10T15:26:18.450+08:00 [browser/service] Browser control service ready (profiles=3)
2026-08-10T15:26:18.500+08:00 [ws] ⇄ res ✓ browser.request 341ms conn=fd87bb90…18f6 id=55ca97d8…dd1b
2026-08-10T15:26:18.755+08:00 [ws] ⇄ res ✗ skills.entries 1ms errorCode=INVALID_REQUEST errorMessage=unknown method: skills.entries conn=3fa728c8…8c0d id=r36-xcs6rx
2026-08-10T15:26:19.073+08:00 [ws] ⇄ res ✓ browser.request 463ms conn=87a986f6…d189 id=f7ee2f54…c71e
2026-08-10T15:26:28.541+08:00 [ws] ⇄ res ✓ browser.request 440ms conn=e270d4df…8d1b id=6d113728…1dc0
2026-08-10T15:26:41.591+08:00 [ws] ⇄ res ✓ channels.status 172ms conn=3fa728c8…8c0d id=r39-9dtf5m
2026-08-10T15:26:41.606+08:00 [ws] ⇄ res ✓ config.get 186ms conn=3fa728c8…8c0d id=r38-crp257
2026-08-10T15:26:41.900+08:00 [ws] ⇄ res ✓ config.get 151ms conn=3fa728c8…8c0d id=r40-xt6m1j
2026-08-10T15:26:42.350+08:00 [ws] ⇄ res ✓ skills.status 200ms conn=3fa728c8…8c0d id=r43-xd0adc
2026-08-10T15:26:42.942+08:00 [ws] ⇄ res ✓ config.get 171ms conn=3fa728c8…8c0d id=r44-dir6mr
2026-08-10T15:26:44.464+08:00 [ws] ⇄ res ✓ sessions.list 311ms conn=3fa728c8…8c0d id=r48-n98hzr
2026-08-10T15:26:44.477+08:00 [ws] ⇄ res ✓ config.get 499ms conn=3fa728c8…8c0d id=r45-l1fbal
2026-08-10T15:26:44.486+08:00 [ws] ⇄ res ✓ config.get 339ms conn=3fa728c8…8c0d id=r46-w630yl
2026-08-10T15:26:44.496+08:00 [ws] ⇄ res ✓ config.get 348ms conn=3fa728c8…8c0d id=r49-rnsof0
2026-08-10T15:26:47.923+08:00 [ws] ⇄ res ✓ skills.status 227ms conn=3fa728c8…8c0d id=r57-fma79e
2026-08-10T15:26:48.134+08:00 [ws] ⇄ res ✓ skills.status 209ms conn=3fa728c8…8c0d id=r58-wr4g3j
2026-08-10T15:26:51.351+08:00 [ws] ⇄ res ✓ browser.request 431ms conn=03cd5ea2…a3ef id=17a64b75…d23d
2026-08-10T15:33:17.032+08:00 [ws] ⇄ res ✓ skills.status 213ms conn=3fa728c8…8c0d id=r68-sdz2tt
2026-08-10T15:33:17.234+08:00 [ws] ⇄ res ✓ skills.status 199ms conn=3fa728c8…8c0d id=r69-ue0wt0
|
o  Config warnings -----------------------------------------------------------------------------------------------------+
|                                                                                                                       |
|  - plugins.entries.deepseek: plugin deepseek: duplicate plugin id                                                     |
|    resolved by explicit config-selected plugin; global plugin will be                                                 |
|    overridden by config plugin                                                                                        |
|    (D:\project\LXUP\runtime\openclaw-home\plugins\deepseek\node_modules\@openclaw\deepseek-provider\dist\index.js)    |
|  - plugins.entries.openclaw-weixin: plugin openclaw-weixin: duplicate                                                 |
|    plugin id resolved by explicit config-selected plugin; global plugin                                               |
|    will be overridden by config plugin                                                                                |
|    (D:\project\LXUP\runtime\openclaw-home\plugins\weixin\node_modules\@tencent-weixin\openclaw-weixin\dist\index.js)  |
|  - plugins.entries.qqbot: plugin qqbot: duplicate plugin id resolved by                                               |
|    explicit config-selected plugin; global plugin will be overridden by                                               |
|    config plugin                                                                                                      |
|    (D:\project\LXUP\runtime\openclaw-home\plugins\qqbot\node_modules\@openclaw\qqbot\dist\index.js)                   |
|  - plugins.entries.wecom-openclaw-plugin: plugin wecom-openclaw-plugin:                                               |
|    duplicate plugin id resolved by explicit config-selected plugin;                                                   |
|    global plugin will be overridden by config plugin                                                                  |
|    (D:\project\LXUP\runtime\openclaw-home\plugins\wecom\node_modules\@wecom\wecom-openclaw-plugin\dist\index.js)      |
|                                                                                                                       |
+-----------------------------------------------------------------------------------------------------------------------+
2026-08-10T15:36:05.892+08:00 [gateway] loading configuration…
2026-08-10T15:36:06.070+08:00 [gateway] force: no listeners on port 18789
2026-08-10T15:36:06.075+08:00 [gateway] resolving authentication…
2026-08-10T15:36:06.088+08:00 [gateway] starting...
2026-08-10T15:36:07.171+08:00 [gateway] starting HTTP server...
2026-08-10T15:36:07.175+08:00 [gateway] ⚠️  Gateway is binding to a non-loopback address. Ensure authentication is configured before exposing to public networks.
2026-08-10T15:36:07.497+08:00 [health-monitor] started (interval: 300s, startup-grace: 60s, channel-connect-grace: 120s)
2026-08-10T15:36:09.212+08:00 [gateway] [plugins] duplicate plugin id resolved by explicit config-selected plugin; global plugin will be overridden by config plugin (D:\project\LXUP\runtime\openclaw-home\plugins\deepseek\node_modules\@openclaw\deepseek-provider\dist\index.js) (plugin=deepseek, source=D:\project\LXUP\runtime\openclaw-home\npm\projects\openclaw-deepseek-provider-2481ed984b\node_modules\@openclaw\deepseek-provider\dist\index.js)
2026-08-10T15:36:09.215+08:00 [gateway] [plugins] duplicate plugin id resolved by explicit config-selected plugin; global plugin will be overridden by config plugin (D:\project\LXUP\runtime\openclaw-home\plugins\weixin\node_modules\@tencent-weixin\openclaw-weixin\dist\index.js) (plugin=openclaw-weixin, source=D:\project\LXUP\runtime\openclaw-home\npm\projects\tencent-weixin-openclaw-weixin-7783ac86ba\node_modules\@tencent-weixin\openclaw-weixin\dist\index.js)
2026-08-10T15:36:09.218+08:00 [gateway] [plugins] duplicate plugin id resolved by explicit config-selected plugin; global plugin will be overridden by config plugin (D:\project\LXUP\runtime\openclaw-home\plugins\qqbot\node_modules\@openclaw\qqbot\dist\index.js) (plugin=qqbot, source=D:\project\LXUP\runtime\openclaw-home\npm\projects\openclaw-qqbot-d3553f72f8\node_modules\@openclaw\qqbot\dist\index.js)
2026-08-10T15:36:09.221+08:00 [gateway] [plugins] duplicate plugin id resolved by explicit config-selected plugin; global plugin will be overridden by config plugin (D:\project\LXUP\runtime\openclaw-home\plugins\wecom\node_modules\@wecom\wecom-openclaw-plugin\dist\index.js) (plugin=wecom-openclaw-plugin, source=D:\project\LXUP\runtime\openclaw-home\npm\projects\wecom-wecom-openclaw-plugin-18f843d908\node_modules\@wecom\wecom-openclaw-plugin\dist\index.js)
2026-08-10T15:36:09.233+08:00 [gateway] agent model: deepseek/deepseek-v4-pro (thinking=off, fast=off)
2026-08-10T15:36:09.236+08:00 [gateway] http server listening (11 plugins: browser, canvas, device-pair, file-transfer, memory-core, ollama, openclaw-weixin, phone-control, qqbot, talk-voice, wecom-openclaw-plugin; 2.8s)
2026-08-10T15:36:09.238+08:00 [gateway] log file: C:\Users\Administrator\AppData\Local\Temp\openclaw\openclaw-2026-08-10.log
2026-08-10T15:36:09.473+08:00 [gateway] security warning: dangerous config flags enabled: gateway.controlUi.dangerouslyDisableDeviceAuth=true. Run `openclaw security audit`.
2026-08-10T15:36:09.477+08:00 [gateway] starting channels and sidecars...
2026-08-10T15:36:09.858+08:00 [gateway] ready
2026-08-10T15:36:09.877+08:00 [heartbeat] started
2026-08-10T15:36:09.953+08:00 [ws] closed before connect conn=1c8be05a-595d-479c-aee2-2f8630a68c8c peer=127.0.0.1:51792->127.0.0.1:18789 remote=127.0.0.1 fwd=n/a origin=http://localhost:5173 host=localhost:18789 ua=Mozilla/5.0 (Windows NT 10.0; Win64; x64) AppleWebKit/537.36 (KHTML, like Gecko) Chrome/151.0.0.0 Safari/537.36 Edg/151.0.0.0 code=4008 reason=connect failed phase=ws_upgrade_started
2026-08-10T15:36:16.397+08:00 [ws] webchat connected conn=134dd5c5-c451-4cdd-88a3-ca7c890ea42a remote=127.0.0.1 client=openclaw-control-ui webchat v1.0.0
2026-08-10T15:36:16.625+08:00 [ws] ⇄ res ✓ logs.tail 136ms conn=134dd5c5…a42a id=r2-1vsaxq
2026-08-10T15:36:16.646+08:00 [ws] ⇄ res ✓ agents.list 159ms conn=134dd5c5…a42a id=r3-i7tdir
2026-08-10T15:36:16.811+08:00 [ws] ⇄ res ✓ sessions.list 158ms conn=134dd5c5…a42a id=r4-74xcrm
2026-08-10T15:36:17.757+08:00 [ws] ⇄ res ✓ skills.status 943ms conn=134dd5c5…a42a id=r5-8hqo5o
2026-08-10T15:36:17.762+08:00 [ws] webchat connected conn=182d0a0d-a12e-4f83-b8ac-67be164b4075 remote=127.0.0.1 client=openclaw-control-ui webchat v1.0.0
2026-08-10T15:36:18.467+08:00 [ws] ⇄ res ✓ skills.status 183ms conn=182d0a0d…4075 id=r7-lne5nz
2026-08-10T15:36:18.650+08:00 [ws] ⇄ res ✓ skills.status 180ms conn=182d0a0d…4075 id=r8-dg212q
2026-08-10T15:36:20.241+08:00 [gateway] agent runtime plugins pre-warmed in 377ms
2026-08-10T15:36:20.256+08:00 [ws] webchat disconnected code=1001 reason=n/a conn=134dd5c5-c451-4cdd-88a3-ca7c890ea42a
2026-08-10T15:38:23.408+08:00 [ws] webchat disconnected code=1001 reason=n/a conn=182d0a0d-a12e-4f83-b8ac-67be164b4075
2026-08-10T15:38:23.787+08:00 [ws] webchat connected conn=e55c98d9-8a11-46d0-b632-fe87549b3209 remote=127.0.0.1 client=openclaw-control-ui webchat v1.0.0
2026-08-10T15:38:24.091+08:00 [ws] ⇄ res ✓ skills.status 206ms conn=e55c98d9…3209 id=r5-lpz3z8
2026-08-10T15:38:31.259+08:00 [ws] ⇄ res ✓ sessions.list 356ms conn=e55c98d9…3209 id=r9-77p2vn
2026-08-10T15:38:31.611+08:00 [ws] ⇄ res ✓ config.get 986ms conn=e55c98d9…3209 id=r6-yhxsyn
2026-08-10T15:38:31.623+08:00 [ws] ⇄ res ✓ config.get 721ms conn=e55c98d9…3209 id=r7-kl4k26
2026-08-10T15:38:31.640+08:00 [ws] ⇄ res ✓ config.get 739ms conn=e55c98d9…3209 id=r10-61xou5
2026-08-10T15:38:31.660+08:00 [ws] ⇄ res ✓ chat.history 398ms conn=e55c98d9…3209 id=r12-sm4q6d
2026-08-10T15:38:32.957+08:00 [ws] ⇄ res ✓ skills.status 223ms conn=e55c98d9…3209 id=r18-5ljeh3
2026-08-10T15:38:33.182+08:00 [ws] ⇄ res ✓ skills.status 222ms conn=e55c98d9…3209 id=r19-6jxsa3
2026-08-10T15:38:33.186+08:00 [ws] ⇄ res ✓ logs.tail 472ms conn=e55c98d9…3209 id=r14-jozszu
licate                                                 |
|    plugin id resolved by explicit config-selected plugin; global plugin                                               |
|    will be overridden by config plugin                                                                                |
|    (D:\project\LXUP\runtime\openclaw-home\plugins\weixin\node_modules\@tencent-weixin\openclaw-weixin\dist\index.js)  |
|  - plugins.entries.qqbot: plugin qqbot: duplicate plugin id resolved by                                               |
|    explicit config-selected plugin; global plugin will be overridden by                                               |
|    config plugin                                                                                                      |
|    (D:\project\LXUP\runtime\openclaw-home\plugins\qqbot\node_modules\@openclaw\qqbot\dist\index.js)                   |
|  - plugins.entries.wecom-openclaw-plugin: plugin wecom-openclaw-plugin:                                               |
|    duplicate plugin id resolved by explicit config-selected plugin;                                                   |
|    global plugin will be overridden by config plugin                                                                  |
|    (D:\project\LXUP\runtime\openclaw-home\plugins\wecom\node_modules\@wecom\wecom-openclaw-plugin\dist\index.js)      |
|                                                                                                                       |
+-----------------------------------------------------------------------------------------------------------------------+
2026-08-10T15:38:33.150+08:00 [gateway] loading configuration…
2026-08-10T15:38:33.441+08:00 [gateway] force: killed pid 12560 on port 18789
2026-08-10T15:38:33.448+08:00 [gateway] resolving authentication…
2026-08-10T15:38:33.466+08:00 [gateway] starting...
2026-08-10T15:38:34.548+08:00 [gateway] starting HTTP server...
2026-08-10T15:38:34.551+08:00 [gateway] ⚠️  Gateway is binding to a non-loopback address. Ensure authentication is configured before exposing to public networks.
2026-08-10T15:38:34.852+08:00 [health-monitor] started (interval: 300s, startup-grace: 60s, channel-connect-grace: 120s)
2026-08-10T15:38:36.551+08:00 [gateway] [plugins] duplicate plugin id resolved by explicit config-selected plugin; global plugin will be overridden by config plugin (D:\project\LXUP\runtime\openclaw-home\plugins\deepseek\node_modules\@openclaw\deepseek-provider\dist\index.js) (plugin=deepseek, source=D:\project\LXUP\runtime\openclaw-home\npm\projects\openclaw-deepseek-provider-2481ed984b\node_modules\@openclaw\deepseek-provider\dist\index.js)
2026-08-10T15:38:36.553+08:00 [gateway] [plugins] duplicate plugin id resolved by explicit config-selected plugin; global plugin will be overridden by config plugin (D:\project\LXUP\runtime\openclaw-home\plugins\weixin\node_modules\@tencent-weixin\openclaw-weixin\dist\index.js) (plugin=openclaw-weixin, source=D:\project\LXUP\runtime\openclaw-home\npm\projects\tencent-weixin-openclaw-weixin-7783ac86ba\node_modules\@tencent-weixin\openclaw-weixin\dist\index.js)
2026-08-10T15:38:36.556+08:00 [gateway] [plugins] duplicate plugin id resolved by explicit config-selected plugin; global plugin will be overridden by config plugin (D:\project\LXUP\runtime\openclaw-home\plugins\qqbot\node_modules\@openclaw\qqbot\dist\index.js) (plugin=qqbot, source=D:\project\LXUP\runtime\openclaw-home\npm\projects\openclaw-qqbot-d3553f72f8\node_modules\@openclaw\qqbot\dist\index.js)
2026-08-10T15:38:36.559+08:00 [gateway] [plugins] duplicate plugin id resolved by explicit config-selected plugin; global plugin will be overridden by config plugin (D:\project\LXUP\runtime\openclaw-home\plugins\wecom\node_modules\@wecom\wecom-openclaw-plugin\dist\index.js) (plugin=wecom-openclaw-plugin, source=D:\project\LXUP\runtime\openclaw-home\npm\projects\wecom-wecom-openclaw-plugin-18f843d908\node_modules\@wecom\wecom-openclaw-plugin\dist\index.js)
2026-08-10T15:38:36.572+08:00 [gateway] agent model: deepseek/deepseek-v4-pro (thinking=off, fast=off)
2026-08-10T15:38:36.575+08:00 [gateway] http server listening (11 plugins: browser, canvas, device-pair, file-transfer, memory-core, ollama, openclaw-weixin, phone-control, qqbot, talk-voice, wecom-openclaw-plugin; 2.8s)
2026-08-10T15:38:36.577+08:00 [gateway] log file: C:\Users\Administrator\AppData\Local\Temp\openclaw\openclaw-2026-08-10.log
2026-08-10T15:38:36.819+08:00 [gateway] security warning: dangerous config flags enabled: gateway.controlUi.dangerouslyDisableDeviceAuth=true. Run `openclaw security audit`.
2026-08-10T15:38:36.822+08:00 [gateway] starting channels and sidecars...
2026-08-10T15:38:37.178+08:00 [gateway] ready
2026-08-10T15:38:37.196+08:00 [heartbeat] started
2026-08-10T15:38:37.245+08:00 [ws] closed before connect conn=adffea7a-aea5-4eb3-ad48-0a30f5efa4c8 peer=127.0.0.1:52176->127.0.0.1:18789 remote=127.0.0.1 fwd=n/a origin=http://localhost:5173 host=localhost:18789 ua=Mozilla/5.0 (Windows NT 10.0; Win64; x64) AppleWebKit/537.36 (KHTML, like Gecko) Chrome/151.0.0.0 Safari/537.36 Edg/151.0.0.0 code=4008 reason=connect failed phase=ws_upgrade_started
2026-08-10T15:38:39.810+08:00 [ws] webchat connected conn=4f1e4833-4320-40ee-a83d-3238c6cf959c remote=127.0.0.1 client=openclaw-control-ui webchat v1.0.0
2026-08-10T15:38:47.656+08:00 [gateway] agent runtime plugins pre-warmed in 401ms
2026-08-10T15:38:47.959+08:00 [ws] ⇄ res ✓ config.get 1454ms conn=4f1e4833…959c id=r22-ed8q4w
2026-08-10T15:38:47.972+08:00 [ws] ⇄ res ✓ config.get 1212ms conn=4f1e4833…959c id=r23-4hsz30
2026-08-10T15:38:47.986+08:00 [ws] ⇄ res ✓ config.get 1224ms conn=4f1e4833…959c id=r26-zlxoo5
2026-08-10T15:38:47.999+08:00 [ws] ⇄ res ✓ agents.list 1239ms conn=4f1e4833…959c id=r24-ms839a
2026-08-10T15:38:48.003+08:00 [ws] ⇄ res ✓ agents.list 1242ms conn=4f1e4833…959c id=r27-lxfv6w
2026-08-10T15:38:48.015+08:00 [ws] ⇄ res ✓ sessions.list 1254ms conn=4f1e4833…959c id=r25-wvfhre
2026-08-10T15:38:48.936+08:00 [ws] ⇄ res ✓ skills.status 874ms conn=4f1e4833…959c id=r34-5oqpr6
2026-08-10T15:38:49.138+08:00 [ws] ⇄ res ✓ skills.status 1075ms conn=4f1e4833…959c id=r35-fyq8m6
2026-08-10T15:38:56.520+08:00 [ws] ⇄ res ✓ sessions.list 349ms conn=4f1e4833…959c id=r39-9o6ovg
2026-08-10T15:38:56.535+08:00 [ws] ⇄ res ✓ config.get 534ms conn=4f1e4833…959c id=r36-rq46id
2026-08-10T15:38:56.545+08:00 [ws] ⇄ res ✓ config.get 374ms conn=4f1e4833…959c id=r37-qehpw9
2026-08-10T15:38:56.555+08:00 [ws] ⇄ res ✓ config.get 384ms conn=4f1e4833…959c id=r40-tvwlyn
g-selected plugin; global plugin will be                                                 |
|    overridden by config plugin                                                                                        |
|    (D:\project\LXUP\runtime\openclaw-home\plugins\deepseek\node_modules\@openclaw\deepseek-provider\dist\index.js)    |
|  - plugins.entries.openclaw-weixin: plugin openclaw-weixin: duplicate                                                 |
|    plugin id resolved by explicit config-selected plugin; global plugin                                               |
|    will be overridden by config plugin                                                                                |
|    (D:\project\LXUP\runtime\openclaw-home\plugins\weixin\node_modules\@tencent-weixin\openclaw-weixin\dist\index.js)  |
|  - plugins.entries.qqbot: plugin qqbot: duplicate plugin id resolved by                                               |
|    explicit config-selected plugin; global plugin will be overridden by                                               |
|    config plugin                                                                                                      |
|    (D:\project\LXUP\runtime\openclaw-home\plugins\qqbot\node_modules\@openclaw\qqbot\dist\index.js)                   |
|  - plugins.entries.wecom-openclaw-plugin: plugin wecom-openclaw-plugin:                                               |
|    duplicate plugin id resolved by explicit config-selected plugin;                                                   |
|    global plugin will be overridden by config plugin                                                                  |
|    (D:\project\LXUP\runtime\openclaw-home\plugins\wecom\node_modules\@wecom\wecom-openclaw-plugin\dist\index.js)      |
|                                                                                                                       |
+-----------------------------------------------------------------------------------------------------------------------+
2026-08-10T15:38:58.378+08:00 [gateway] loading configuration…
2026-08-10T15:38:58.673+08:00 [gateway] force: killed pid 10864 on port 18789
2026-08-10T15:38:58.678+08:00 [gateway] resolving authentication…
2026-08-10T15:38:58.691+08:00 [gateway] starting...
2026-08-10T15:38:59.791+08:00 [gateway] starting HTTP server...
2026-08-10T15:38:59.794+08:00 [gateway] ⚠️  Gateway is binding to a non-loopback address. Ensure authentication is configured before exposing to public networks.
2026-08-10T15:39:00.088+08:00 [health-monitor] started (interval: 300s, startup-grace: 60s, channel-connect-grace: 120s)
2026-08-10T15:39:01.755+08:00 [gateway] [plugins] duplicate plugin id resolved by explicit config-selected plugin; global plugin will be overridden by config plugin (D:\project\LXUP\runtime\openclaw-home\plugins\deepseek\node_modules\@openclaw\deepseek-provider\dist\index.js) (plugin=deepseek, source=D:\project\LXUP\runtime\openclaw-home\npm\projects\openclaw-deepseek-provider-2481ed984b\node_modules\@openclaw\deepseek-provider\dist\index.js)
2026-08-10T15:39:01.757+08:00 [gateway] [plugins] duplicate plugin id resolved by explicit config-selected plugin; global plugin will be overridden by config plugin (D:\project\LXUP\runtime\openclaw-home\plugins\weixin\node_modules\@tencent-weixin\openclaw-weixin\dist\index.js) (plugin=openclaw-weixin, source=D:\project\LXUP\runtime\openclaw-home\npm\projects\tencent-weixin-openclaw-weixin-7783ac86ba\node_modules\@tencent-weixin\openclaw-weixin\dist\index.js)
2026-08-10T15:39:01.760+08:00 [gateway] [plugins] duplicate plugin id resolved by explicit config-selected plugin; global plugin will be overridden by config plugin (D:\project\LXUP\runtime\openclaw-home\plugins\qqbot\node_modules\@openclaw\qqbot\dist\index.js) (plugin=qqbot, source=D:\project\LXUP\runtime\openclaw-home\npm\projects\openclaw-qqbot-d3553f72f8\node_modules\@openclaw\qqbot\dist\index.js)
2026-08-10T15:39:01.762+08:00 [gateway] [plugins] duplicate plugin id resolved by explicit config-selected plugin; global plugin will be overridden by config plugin (D:\project\LXUP\runtime\openclaw-home\plugins\wecom\node_modules\@wecom\wecom-openclaw-plugin\dist\index.js) (plugin=wecom-openclaw-plugin, source=D:\project\LXUP\runtime\openclaw-home\npm\projects\wecom-wecom-openclaw-plugin-18f843d908\node_modules\@wecom\wecom-openclaw-plugin\dist\index.js)
2026-08-10T15:39:01.774+08:00 [gateway] agent model: deepseek/deepseek-v4-pro (thinking=off, fast=off)
2026-08-10T15:39:01.776+08:00 [gateway] http server listening (11 plugins: browser, canvas, device-pair, file-transfer, memory-core, ollama, openclaw-weixin, phone-control, qqbot, talk-voice, wecom-openclaw-plugin; 2.8s)
2026-08-10T15:39:01.778+08:00 [gateway] log file: C:\Users\Administrator\AppData\Local\Temp\openclaw\openclaw-2026-08-10.log
2026-08-10T15:39:02.004+08:00 [gateway] security warning: dangerous config flags enabled: gateway.controlUi.dangerouslyDisableDeviceAuth=true. Run `openclaw security audit`.
2026-08-10T15:39:02.007+08:00 [gateway] starting channels and sidecars...
2026-08-10T15:39:02.375+08:00 [gateway] ready
2026-08-10T15:39:02.393+08:00 [heartbeat] started
2026-08-10T15:39:02.442+08:00 [ws] closed before connect conn=968d83ba-cb47-4dbd-9dee-97903454f656 peer=127.0.0.1:52264->127.0.0.1:18789 remote=127.0.0.1 fwd=n/a origin=http://localhost:5173 host=localhost:18789 ua=Mozilla/5.0 (Windows NT 10.0; Win64; x64) AppleWebKit/537.36 (KHTML, like Gecko) Chrome/151.0.0.0 Safari/537.36 Edg/151.0.0.0 code=4008 reason=connect failed phase=ws_upgrade_started
|
o  Config warnings -----------------------------------------------------------------------------------------------------+
|                                                                                                                       |
|  - plugins.entries.deepseek: plugin deepseek: duplicate plugin id                                             2026-08-10T15:39:09.558+08:00 [ws] ⇄ res ✓ sessions.list 179ms conn=57b535f6…c4e1 id=r52-6a716o
2026-08-10T15:39:09.865+08:00 [ws] ⇄ res ✓ config.get 879ms conn=57b535f6…c4e1 id=r49-h1vbrq
2026-08-10T15:39:09.880+08:00 [ws] ⇄ res ✓ config.get 893ms conn=57b535f6…c4e1 id=r50-l8zdhy
2026-08-10T15:39:09.895+08:00 [ws] ⇄ res ✓ config.get 515ms conn=57b535f6…c4e1 id=r53-2zk0b6
2026-08-10T15:39:09.919+08:00 [ws] ⇄ res ✓ chat.history 356ms conn=57b535f6…c4e1 id=r55-wpf7k8
   plugin id resolved by explicit config-selected plugin; global plugin                                               |
|    will be overridden by config plugin                                                                                |
|    (D:\project\LXUP\runtime\openclaw-home\plugins\weixin\node_modules\@tencent-weixin\openclaw-weixin\dist\index.js)  |
|  - plugins.entries.qqbot: plugin qqbot: duplicate plugin id resolved by                                               |
|    explicit config-selected plugin; global plugin will be overridden by                                               |
|    config plugin                                                                                                      |
|    (D:\project\LXUP\runtime\openclaw-home\plugins\qqbot\node_modules\@openclaw\qqbot\dist\index.js)                   |
|  - plugins.entries.wecom-openclaw-plugin: plugin wecom-openclaw-plugin:                                               |
|    duplicate plugin id resolved by explicit config-selected plugin;                                                   |
|    global plugin will be overridden by config plugin                                                                  |
|    (D:\project\LXUP\runtime\openclaw-home\plugins\wecom\node_modules\@wecom\wecom-openclaw-plugin\dist\index.js)      |
|                                                                                                                       |
+-----------------------------------------------------------------------------------------------------------------------+
2026-08-10T15:39:12.139+08:00 [gateway] loading configuration…
2026-08-10T15:39:12.432+08:00 [gateway] force: killed pid 11272 on port 18789
2026-08-10T15:39:12.437+08:00 [gateway] resolving authentication…
2026-08-10T15:39:12.451+08:00 [gateway] starting...
2026-08-10T15:39:12.764+08:00 [gateway] restart-loop breaker tripped: 3 unclean boot(s) within 300000ms; suppressing channel/provider account auto-start. Inspect the stability bundle and fix the startup crash before restarting the service.
2026-08-10T15:39:12.770+08:00 [gateway] wrote stability bundle: D:\project\LXUP\runtime\openclaw-home\logs\stability\openclaw-stability-2026-08-10T07-39-12-765Z-14452-gateway.crash_loop_breaker.json
2026-08-10T15:39:13.552+08:00 [gateway] starting HTTP server...
2026-08-10T15:39:13.555+08:00 [gateway] ⚠️  Gateway is binding to a non-loopback address. Ensure authentication is configured before exposing to public networks.
2026-08-10T15:39:13.841+08:00 [health-monitor] started (interval: 300s, startup-grace: 60s, channel-connect-grace: 120s)
2026-08-10T15:39:15.438+08:00 [gateway] [plugins] duplicate plugin id resolved by explicit config-selected plugin; global plugin will be overridden by config plugin (D:\project\LXUP\runtime\openclaw-home\plugins\deepseek\node_modules\@openclaw\deepseek-provider\dist\index.js) (plugin=deepseek, source=D:\project\LXUP\runtime\openclaw-home\npm\projects\openclaw-deepseek-provider-2481ed984b\node_modules\@openclaw\deepseek-provider\dist\index.js)
2026-08-10T15:39:15.441+08:00 [gateway] [plugins] duplicate plugin id resolved by explicit config-selected plugin; global plugin will be overridden by config plugin (D:\project\LXUP\runtime\openclaw-home\plugins\weixin\node_modules\@tencent-weixin\openclaw-weixin\dist\index.js) (plugin=openclaw-weixin, source=D:\project\LXUP\runtime\openclaw-home\npm\projects\tencent-weixin-openclaw-weixin-7783ac86ba\node_modules\@tencent-weixin\openclaw-weixin\dist\index.js)
2026-08-10T15:39:15.443+08:00 [gateway] [plugins] duplicate plugin id resolved by explicit config-selected plugin; global plugin will be overridden by config plugin (D:\project\LXUP\runtime\openclaw-home\plugins\qqbot\node_modules\@openclaw\qqbot\dist\index.js) (plugin=qqbot, source=D:\project\LXUP\runtime\openclaw-home\npm\projects\openclaw-qqbot-d3553f72f8\node_modules\@openclaw\qqbot\dist\index.js)
2026-08-10T15:39:15.445+08:00 [gateway] [plugins] duplicate plugin id resolved by explicit config-selected plugin; global plugin will be overridden by config plugin (D:\project\LXUP\runtime\openclaw-home\plugins\wecom\node_modules\@wecom\wecom-openclaw-plugin\dist\index.js) (plugin=wecom-openclaw-plugin, source=D:\project\LXUP\runtime\openclaw-home\npm\projects\wecom-wecom-openclaw-plugin-18f843d908\node_modules\@wecom\wecom-openclaw-plugin\dist\index.js)
2026-08-10T15:39:15.456+08:00 [gateway] agent model: deepseek/deepseek-v4-pro (thinking=off, fast=off)
2026-08-10T15:39:15.458+08:00 [gateway] http server listening (11 plugins: browser, canvas, device-pair, file-transfer, memory-core, ollama, openclaw-weixin, phone-control, qqbot, talk-voice, wecom-openclaw-plugin; 2.7s)
2026-08-10T15:39:15.460+08:00 [gateway] log file: C:\Users\Administrator\AppData\Local\Temp\openclaw\openclaw-2026-08-10.log
2026-08-10T15:39:15.687+08:00 [gateway] security warning: dangerous config flags enabled: gateway.controlUi.dangerouslyDisableDeviceAuth=true. Run `openclaw security audit`.
2026-08-10T15:39:15.689+08:00 [gateway] starting channels and sidecars...
2026-08-10T15:39:15.740+08:00 [wecom] channel autostart suppressed by crash-loop breaker; refusing automatic start for wecom. Use channels.start to override.
2026-08-10T15:39:16.036+08:00 [gateway] ready
2026-08-10T15:39:16.055+08:00 [heartbeat] started
2026-08-10T15:39:18.699+08:00 [ws] webchat connected conn=a807defe-e524-4713-ab80-a6c25fac54bf remote=127.0.0.1 client=openclaw-control-ui webchat v1.0.0
2026-08-10T15:39:18.945+08:00 [ws] ⇄ res ✓ sessions.list 137ms conn=a807defe…54bf id=r60-fd0udi
|
o  Config warnings ---------------------------------------------------------------------------------2026-08-10T15:39:26.556+08:00 [gateway] agent runtime plugins pre-warmed in 511ms
                                                            |
|  - plugins.entries.deepseek: plugin deepseek: duplicate plugin id                                                     |
|    resolved by explicit config-selected plugin; global plugin will be                                                 |
|    overridden by config plugin                                                                                        |
|    (D:\project\LXUP\runtime\openclaw-home\plugins\deepseek\node_modules\@openclaw\deepseek-provider\dist\index.js)    |
|  - plugins.entries.openclaw-weixin: plugin openclaw-weixin: duplicate                                                 |
|    plugin id resolved by explicit config-selected plugin; global plugin                                               |
|    will be overridden by config plugin                                                                                |
|    (D:\project\LXUP\runtime\openclaw-home\plugins\weixin\node_modules\@tencent-weixin\openclaw-weixin\dist\index.js)  |
|  - plugins.entries.qqbot: plugin qqbot: duplicate plugin id resolved by                                               |
|    explicit config-selected plugin; global plugin will be overridden by                                               |
|    config plugin                                                                                                      |
|    (D:\project\LXUP\runtime\openclaw-home\plugins\qqbot\node_modules\@openclaw\qqbot\dist\index.js)                   |
|  - plugins.entries.wecom-openclaw-plugin: plugin wecom-openclaw-plugin:                                               |
|    duplicate plugin id resolved by explicit config-selected plugin;                                                   |
|    global plugin will be overridden by config plugin                                                                  |
|    (D:\project\LXUP\runtime\openclaw-home\plugins\wecom\node_modules\@wecom\wecom-openclaw-plugin\dist\index.js)      |
|                                                                                                                       |
+-----------------------------------------------------------------------------------------------------------------------+
2026-08-10T15:39:27.373+08:00 [gateway] loading configuration…
2026-08-10T15:39:27.666+08:00 [gateway] force: killed pid 14452 on port 18789
2026-08-10T15:39:27.673+08:00 [gateway] resolving authentication…
2026-08-10T15:39:27.686+08:00 [gateway] starting...
2026-08-10T15:39:27.974+08:00 [gateway] restart-loop breaker tripped: 4 unclean boot(s) within 300000ms; suppressing channel/provider account auto-start. Inspect the stability bundle and fix the startup crash before restarting the service.
2026-08-10T15:39:28.748+08:00 [gateway] starting HTTP server...
2026-08-10T15:39:28.752+08:00 [gateway] ⚠️  Gateway is binding to a non-loopback address. Ensure authentication is configured before exposing to public networks.
2026-08-10T15:39:29.044+08:00 [health-monitor] started (interval: 300s, startup-grace: 60s, channel-connect-grace: 120s)
2026-08-10T15:39:30.659+08:00 [gateway] [plugins] duplicate plugin id resolved by explicit config-selected plugin; global plugin will be overridden by config plugin (D:\project\LXUP\runtime\openclaw-home\plugins\deepseek\node_modules\@openclaw\deepseek-provider\dist\index.js) (plugin=deepseek, source=D:\project\LXUP\runtime\openclaw-home\npm\projects\openclaw-deepseek-provider-2481ed984b\node_modules\@openclaw\deepseek-provider\dist\index.js)
2026-08-10T15:39:30.662+08:00 [gateway] [plugins] duplicate plugin id resolved by explicit config-selected plugin; global plugin will be overridden by config plugin (D:\project\LXUP\runtime\openclaw-home\plugins\weixin\node_modules\@tencent-weixin\openclaw-weixin\dist\index.js) (plugin=openclaw-weixin, source=D:\project\LXUP\runtime\openclaw-home\npm\projects\tencent-weixin-openclaw-weixin-7783ac86ba\node_modules\@tencent-weixin\openclaw-weixin\dist\index.js)
2026-08-10T15:39:30.664+08:00 [gateway] [plugins] duplicate plugin id resolved by explicit config-selected plugin; global plugin will be overridden by config plugin (D:\project\LXUP\runtime\openclaw-home\plugins\qqbot\node_modules\@openclaw\qqbot\dist\index.js) (plugin=qqbot, source=D:\project\LXUP\runtime\openclaw-home\npm\projects\openclaw-qqbot-d3553f72f8\node_modules\@openclaw\qqbot\dist\index.js)
2026-08-10T15:39:30.667+08:00 [gateway] [plugins] duplicate plugin id resolved by explicit config-selected plugin; global plugin will be overridden by config plugin (D:\project\LXUP\runtime\openclaw-home\plugins\wecom\node_modules\@wecom\wecom-openclaw-plugin\dist\index.js) (plugin=wecom-openclaw-plugin, source=D:\project\LXUP\runtime\openclaw-home\npm\projects\wecom-wecom-openclaw-plugin-18f843d908\node_modules\@wecom\wecom-openclaw-plugin\dist\index.js)
2026-08-10T15:39:30.679+08:00 [gateway] agent model: deepseek/deepseek-v4-pro (thinking=off, fast=off)
2026-08-10T15:39:30.681+08:00 [gateway] http server listening (11 plugins: browser, canvas, device-pair, file-transfer, memory-core, ollama, openclaw-weixin, phone-control, qqbot, talk-voice, wecom-openclaw-plugin; 2.7s)
2026-08-10T15:39:30.683+08:00 [gateway] log file: C:\Users\Administrator\AppData\Local\Temp\openclaw\openclaw-2026-08-10.log
2026-08-10T15:39:30.892+08:00 [gateway] security warning: dangerous config flags enabled: gateway.controlUi.dangerouslyDisableDeviceAuth=true. Run `openclaw security audit`.
2026-08-10T15:39:30.904+08:00 [gateway] starting channels and sidecars...
2026-08-10T15:39:30.953+08:00 [wecom] channel autostart suppressed by crash-loop breaker; refusing automatic start for wecom. Use channels.start to override.
2026-08-10T15:39:31.250+08:00 [gateway] ready
2026-08-10T15:39:31.267+08:00 [heartbeat] started
2026-08-10T15:39:31.310+08:00 [ws] closed before connect conn=c46dad5a-ddbc-4330-86c7-17d2af967c9c peer=127.0.0.1:52456->127.0.0.1:18789 remote=127.0.0.1 fwd=n/a origin=http://localhost:5173 host=localhost:18789 ua=Mozilla/5.0 (Windows NT 10.0; Win64; x64) AppleWebKit/537.36 (KHTML, like Gecko) Chrome/151.0.0.0 Safari/537.36 Edg/151.0.0.0 code=4008 reason=connect failed phase=ws_upgrade_started
2026-08-10T15:39:33.876+08:00 [ws] webchat connected conn=25781809-d10a-4f49-9439-59f71fd5ab5e remote=127.0.0.1 client=openclaw-control-ui webchat v1.0.0
2026-08-10T15:39:34.134+08:00 [ws] ⇄ res ✓ sessions.list 142ms conn=25781809…ab5e id=r66-8tkdfk
2026-08-10T15:39:35.007+08:00 [ws] ⇄ res ✓ skills.status 869ms conn=25781809…ab5e id=r67-vpxfsp
2026-08-10T15:39:41.711+08:00 [gateway] agent runtime plugins pre-warmed in 455ms
2026-08-10T15:44:29.050+08:00 [health-monitor] [wecom:default] health-monitor: channel autostart suppressed; treating as expected stopped
|
o  Config warnings -----------------------------------------------------------------------------------------------------+
|                                                                                                                       |
|  - plugins.entries.deepseek: plugin deepseek: duplicate plugin id                                                     |
|    resolved by explicit config-selected plugin; global plugin will be                                                 |
|    overridden by config plugin                                                                                        |
|    (D:\project\LXUP\runtime\openclaw-home\plugins\deepseek\node_modules\@openclaw\deepseek-provider\dist\index.js)    |
|  - plugins.entries.openclaw-weixin: plugin openclaw-weixin: duplicate                                                 |
|    plugin id resolved by explicit config-selected plugin; global plugin                                               |
|    will be overridden by config plugin                                                                                |
|    (D:\project\LXUP\runtime\openclaw-home\plugins\weixin\node_modules\@tencent-weixin\openclaw-weixin\dist\index.js)  |
|  - plugins.entries.qqbot: plugin qqbot: duplicate plugin id resolved by                                               |
|    explicit config-selected plugin; global plugin will be overridden by                                               |
|    config plugin                                                                                                      |
|    (D:\project\LXUP\runtime\openclaw-home\plugins\qqbot\node_modules\@openclaw\qqbot\dist\index.js)                   |
|  - plugins.entries.wecom-openclaw-plugin: plugin wecom-openclaw-plugin:                                               |
|    duplicate plugin id resolved by explicit config-selected plugin;                                                   |
|    global plugin will be overridden by config plugin                                                                  |
|    (D:\project\LXUP\runtime\openclaw-home\plugins\wecom\node_modules\@wecom\wecom-openclaw-plugin\dist\index.js)      |
|                                                                                                                       |
+-----------------------------------------------------------------------------------------------------------------------+
2026-08-10T15:49:47.749+08:00 [gateway] loading configuration…
2026-08-10T15:49:47.926+08:00 [gateway] force: no listeners on port 18789
2026-08-10T15:49:47.931+08:00 [gateway] resolving authentication…
2026-08-10T15:49:47.943+08:00 [gateway] starting...
2026-08-10T15:49:49.023+08:00 [gateway] starting HTTP server...
2026-08-10T15:49:49.027+08:00 [gateway] ⚠️  Gateway is binding to a non-loopback address. Ensure authentication is configured before exposing to public networks.
2026-08-10T15:49:49.321+08:00 [health-monitor] started (interval: 300s, startup-grace: 60s, channel-connect-grace: 120s)
2026-08-10T15:49:50.926+08:00 [gateway] [plugins] duplicate plugin id resolved by explicit config-selected plugin; global plugin will be overridden by config plugin (D:\project\LXUP\runtime\openclaw-home\plugins\deepseek\node_modules\@openclaw\deepseek-provider\dist\index.js) (plugin=deepseek, source=D:\project\LXUP\runtime\openclaw-home\npm\projects\openclaw-deepseek-provider-2481ed984b\node_modules\@openclaw\deepseek-provider\dist\index.js)
2026-08-10T15:49:50.929+08:00 [gateway] [plugins] duplicate plugin id resolved by explicit config-selected plugin; global plugin will be overridden by config plugin (D:\project\LXUP\runtime\openclaw-home\plugins\weixin\node_modules\@tencent-weixin\openclaw-weixin\dist\index.js) (plugin=openclaw-weixin, source=D:\project\LXUP\runtime\openclaw-home\npm\projects\tencent-weixin-openclaw-weixin-7783ac86ba\node_modules\@tencent-weixin\openclaw-weixin\dist\index.js)
2026-08-10T15:49:50.931+08:00 [gateway] [plugins] duplicate plugin id resolved by explicit config-selected plugin; global plugin will be overridden by config plugin (D:\project\LXUP\runtime\openclaw-home\plugins\qqbot\node_modules\@openclaw\qqbot\dist\index.js) (plugin=qqbot, source=D:\project\LXUP\runtime\openclaw-home\npm\projects\openclaw-qqbot-d3553f72f8\node_modules\@openclaw\qqbot\dist\index.js)
2026-08-10T15:49:50.934+08:00 [gateway] [plugins] duplicate plugin id resolved by explicit config-selected plugin; global plugin will be overridden by config plugin (D:\project\LXUP\runtime\openclaw-home\plugins\wecom\node_modules\@wecom\wecom-openclaw-plugin\dist\index.js) (plugin=wecom-openclaw-plugin, source=D:\project\LXUP\runtime\openclaw-home\npm\projects\wecom-wecom-openclaw-plugin-18f843d908\node_modules\@wecom\wecom-openclaw-plugin\dist\index.js)
2026-08-10T15:49:50.956+08:00 [gateway] agent model: deepseek/deepseek-v4-pro (thinking=off, fast=off)
2026-08-10T15:49:50.958+08:00 [gateway] http server listening (11 plugins: browser, canvas, device-pair, file-transfer, memory-core, ollama, openclaw-weixin, phone-control, qqbot, talk-voice, wecom-openclaw-plugin; 2.7s)
2026-08-10T15:49:50.960+08:00 [gateway] log file: C:\Users\Administrator\AppData\Local\Temp\openclaw\openclaw-2026-08-10.log
2026-08-10T15:49:51.177+08:00 [gateway] security warning: dangerous config flags enabled: gateway.controlUi.dangerouslyDisableDeviceAuth=true. Run `openclaw security audit`.
2026-08-10T15:49:51.180+08:00 [gateway] starting channels and sidecars...
2026-08-10T15:49:51.491+08:00 [gateway] ready
2026-08-10T15:49:51.518+08:00 [heartbeat] started
2026-08-10T15:49:52.545+08:00 [ws] webchat connected conn=32755391-de24-4ee6-ab4a-4aa363d73dcd remote=127.0.0.1 client=openclaw-control-ui webchat v1.0.0
2026-08-10T15:49:52.784+08:00 [ws] ⇄ res ✓ sessions.list 121ms conn=32755391…3dcd id=r71-e76ayb
2026-08-10T15:49:53.714+08:00 [ws] ⇄ res ✓ skills.status 928ms conn=32755391…3dcd id=r72-gmcwn3
2026-08-10T15:49:57.891+08:00 [ws] webchat connected conn=e649681b-3b5d-4be3-bf1c-0b997633b6a2 remote=127.0.0.1 client=openclaw-control-ui webchat v1.0.0
2026-08-10T15:49:59.246+08:00 [ws] webchat disconnected code=1001 reason=n/a conn=32755391-de24-4ee6-ab4a-4aa363d73dcd
2026-08-10T15:49:59.723+08:00 [ws] ⇄ res ✓ skills.status 221ms conn=e649681b…b6a2 id=r7-4wdyqg
2026-08-10T15:49:59.925+08:00 [ws] ⇄ res ✓ skills.status 422ms conn=e649681b…b6a2 id=r8-4w27jz
2026-08-10T15:50:01.959+08:00 [gateway] agent runtime plugins pre-warmed in 461ms
2026-08-10T15:50:18.514+08:00 [ws] ⇄ res ✗ skills.entries 1ms errorCode=INVALID_REQUEST errorMessage=unknown method: skills.entries conn=e649681b…b6a2 id=r9-inwht9
2026-08-10T15:50:42.052+08:00 [ws] ⇄ res ✓ skills.status 212ms conn=e649681b…b6a2 id=r15-e41g31
2026-08-10T15:50:42.273+08:00 [ws] ⇄ res ✓ skills.status 219ms conn=e649681b…b6a2 id=r16-lo844m
2026-08-10T15:50:42.278+08:00 [ws] ⇄ res ✓ logs.tail 461ms conn=e649681b…b6a2 id=r11-8lpgv4
2026-08-10T16:15:57.928+08:00 [ws] webchat disconnected code=1001 reason=n/a conn=e649681b-3b5d-4be3-bf1c-0b997633b6a2
|
o  Config warnings -----------------------------------------------------------------------------------------------------+
|                                                                                                                       |
|  - plugins.entries.deepseek: plugin deepseek: duplicate plugin id                                                     |
|    resolved by explicit config-selected plugin; global plugin will be                                                 |
|    overridden by config plugin                                                                                        |
|    (D:\project\LXUP\runtime\openclaw-home\plugins\deepseek\node_modules\@openclaw\deepseek-provider\dist\index.js)    |
|  - plugins.entries.openclaw-weixin: plugin openclaw-weixin: duplicate                                                 |
|    plugin id resolved by explicit config-selected plugin; global plugin                                               |
|    will be overridden by config plugin                                                                                |
|    (D:\project\LXUP\runtime\openclaw-home\plugins\weixin\node_modules\@tencent-weixin\openclaw-weixin\dist\index.js)  |
|  - plugins.entries.qqbot: plugin qqbot: duplicate plugin id resolved by                                               |
|    explicit config-selected plugin; global plugin will be overridden by                                               |
|    config plugin                                                                                                      |
|    (D:\project\LXUP\runtime\openclaw-home\plugins\qqbot\node_modules\@openclaw\qqbot\dist\index.js)                   |
|  - plugins.entries.wecom-openclaw-plugin: plugin wecom-openclaw-plugin:                                               |
|    duplicate plugin id resolved by explicit config-selected plugin;                                                   |
|    global plugin will be overridden by config plugin                                                                  |
|    (D:\project\LXUP\runtime\openclaw-home\plugins\wecom\node_modules\@wecom\wecom-openclaw-plugin\dist\index.js)      |
|                                                                                                                       |
+-----------------------------------------------------------------------------------------------------------------------+
2026-08-10T16:18:45.903+08:00 [gateway] loading configuration…
2026-08-10T16:18:46.083+08:00 [gateway] force: no listeners on port 18789
2026-08-10T16:18:46.087+08:00 [gateway] resolving authentication…
2026-08-10T16:18:46.099+08:00 [gateway] starting...
2026-08-10T16:18:47.136+08:00 [gateway] starting HTTP server...
2026-08-10T16:18:47.139+08:00 [gateway] ⚠️  Gateway is binding to a non-loopback address. Ensure authentication is configured before exposing to public networks.
2026-08-10T16:18:47.422+08:00 [health-monitor] started (interval: 300s, startup-grace: 60s, channel-connect-grace: 120s)
2026-08-10T16:18:48.990+08:00 [gateway] [plugins] duplicate plugin id resolved by explicit config-selected plugin; global plugin will be overridden by config plugin (D:\project\LXUP\runtime\openclaw-home\plugins\deepseek\node_modules\@openclaw\deepseek-provider\dist\index.js) (plugin=deepseek, source=D:\project\LXUP\runtime\openclaw-home\npm\projects\openclaw-deepseek-provider-2481ed984b\node_modules\@openclaw\deepseek-provider\dist\index.js)
2026-08-10T16:18:48.992+08:00 [gateway] [plugins] duplicate plugin id resolved by explicit config-selected plugin; global plugin will be overridden by config plugin (D:\project\LXUP\runtime\openclaw-home\plugins\weixin\node_modules\@tencent-weixin\openclaw-weixin\dist\index.js) (plugin=openclaw-weixin, source=D:\project\LXUP\runtime\openclaw-home\npm\projects\tencent-weixin-openclaw-weixin-7783ac86ba\node_modules\@tencent-weixin\openclaw-weixin\dist\index.js)
2026-08-10T16:18:48.995+08:00 [gateway] [plugins] duplicate plugin id resolved by explicit config-selected plugin; global plugin will be overridden by config plugin (D:\project\LXUP\runtime\openclaw-home\plugins\qqbot\node_modules\@openclaw\qqbot\dist\index.js) (plugin=qqbot, source=D:\project\LXUP\runtime\openclaw-home\npm\projects\openclaw-qqbot-d3553f72f8\node_modules\@openclaw\qqbot\dist\index.js)
2026-08-10T16:18:48.997+08:00 [gateway] [plugins] duplicate plugin id resolved by explicit config-selected plugin; global plugin will be overridden by config plugin (D:\project\LXUP\runtime\openclaw-home\plugins\wecom\node_modules\@wecom\wecom-openclaw-plugin\dist\index.js) (plugin=wecom-openclaw-plugin, source=D:\project\LXUP\runtime\openclaw-home\npm\projects\wecom-wecom-openclaw-plugin-18f843d908\node_modules\@wecom\wecom-openclaw-plugin\dist\index.js)
2026-08-10T16:18:49.022+08:00 [gateway] agent model: deepseek/deepseek-v4-pro (thinking=off, fast=off)
2026-08-10T16:18:49.024+08:00 [gateway] http server listening (11 plugins: browser, canvas, device-pair, file-transfer, memory-core, ollama, openclaw-weixin, phone-control, qqbot, talk-voice, wecom-openclaw-plugin; 2.6s)
2026-08-10T16:18:49.026+08:00 [gateway] log file: C:\Users\Administrator\AppData\Local\Temp\openclaw\openclaw-2026-08-10.log
2026-08-10T16:18:49.234+08:00 [gateway] security warning: dangerous config flags enabled: gateway.controlUi.dangerouslyDisableDeviceAuth=true. Run `openclaw security audit`.
2026-08-10T16:18:49.237+08:00 [gateway] starting channels and sidecars...
2026-08-10T16:18:49.560+08:00 [gateway] ready
2026-08-10T16:18:49.584+08:00 [heartbeat] started
2026-08-10T16:18:56.206+08:00 [ws] webchat connected conn=a135ca6f-84c0-4b24-b25b-6eb6b196c4ba remote=127.0.0.1 client=openclaw-control-ui webchat v1.0.0
2026-08-10T16:18:58.432+08:00 [ws] ⇄ res ✓ sessions.list 190ms conn=a135ca6f…c4ba id=r5-qrjqpq
2026-08-10T16:18:59.332+08:00 [ws] ⇄ res ✓ skills.status 896ms conn=a135ca6f…c4ba id=r7-a35pin
2026-08-10T16:18:59.514+08:00 [ws] ⇄ res ✓ skills.status 180ms conn=a135ca6f…c4ba id=r8-iletlg
2026-08-10T16:18:59.953+08:00 [gateway] agent runtime plugins pre-warmed in 381ms
|
o  Config warnings -----------------------------------------------------------------------------------------------------+
|                                                                                                                       |
|  - plugins.entries.deepseek: plugin deepseek: duplicate plugin id                                                     |
|    resolved by explicit config-selected plugin; global plugin will be                                                 |
|    overridden by config plugin                                                                                        |
|    (D:\project\LXUP\runtime\openclaw-home\plugins\deepseek\node_modules\@openclaw\deepseek-provider\dist\index.js)    |
|  - plugins.entries.openclaw-weixin: plugin openclaw-weixin: duplicate                                                 |
|    plugin id resolved by explicit config-selected plugin; global plugin                                               |
|    will be overridden by config plugin                                                                                |
|    (D:\project\LXUP\runtime\openclaw-home\plugins\weixin\node_modules\@tencent-weixin\openclaw-weixin\dist\index.js)  |
|  - plugins.entries.qqbot: plugin qqbot: duplicate plugin id resolved by                                               |
|    explicit config-selected plugin; global plugin will be overridden by                                               |
|    config plugin                                                                                                      |
|    (D:\project\LXUP\runtime\openclaw-home\plugins\qqbot\node_modules\@openclaw\qqbot\dist\index.js)                   |
|  - plugins.entries.wecom-openclaw-plugin: plugin wecom-openclaw-plugin:                                               |
|    duplicate plugin id resolved by explicit config-selected plugin;                                                   |
|    global plugin will be overridden by config plugin                                                                  |
|    (D:\project\LXUP\runtime\openclaw-home\plugins\wecom\node_modules\@wecom\wecom-openclaw-plugin\dist\index.js)      |
|                                                                                                                       |
+-----------------------------------------------------------------------------------------------------------------------+
2026-08-10T16:22:45.714+08:00 [gateway] loading configuration…
2026-08-10T16:22:45.883+08:00 [gateway] force: no listeners on port 18789
2026-08-10T16:22:45.888+08:00 [gateway] resolving authentication…
2026-08-10T16:22:45.900+08:00 [gateway] starting...
2026-08-10T16:22:46.933+08:00 [gateway] starting HTTP server...
2026-08-10T16:22:46.937+08:00 [gateway] ⚠️  Gateway is binding to a non-loopback address. Ensure authentication is configured before exposing to public networks.
2026-08-10T16:22:47.220+08:00 [health-monitor] started (interval: 300s, startup-grace: 60s, channel-connect-grace: 120s)
2026-08-10T16:22:48.751+08:00 [gateway] [plugins] duplicate plugin id resolved by explicit config-selected plugin; global plugin will be overridden by config plugin (D:\project\LXUP\runtime\openclaw-home\plugins\deepseek\node_modules\@openclaw\deepseek-provider\dist\index.js) (plugin=deepseek, source=D:\project\LXUP\runtime\openclaw-home\npm\projects\openclaw-deepseek-provider-2481ed984b\node_modules\@openclaw\deepseek-provider\dist\index.js)
2026-08-10T16:22:48.754+08:00 [gateway] [plugins] duplicate plugin id resolved by explicit config-selected plugin; global plugin will be overridden by config plugin (D:\project\LXUP\runtime\openclaw-home\plugins\weixin\node_modules\@tencent-weixin\openclaw-weixin\dist\index.js) (plugin=openclaw-weixin, source=D:\project\LXUP\runtime\openclaw-home\npm\projects\tencent-weixin-openclaw-weixin-7783ac86ba\node_modules\@tencent-weixin\openclaw-weixin\dist\index.js)
2026-08-10T16:22:48.756+08:00 [gateway] [plugins] duplicate plugin id resolved by explicit config-selected plugin; global plugin will be overridden by config plugin (D:\project\LXUP\runtime\openclaw-home\plugins\qqbot\node_modules\@openclaw\qqbot\dist\index.js) (plugin=qqbot, source=D:\project\LXUP\runtime\openclaw-home\npm\projects\openclaw-qqbot-d3553f72f8\node_modules\@openclaw\qqbot\dist\index.js)
2026-08-10T16:22:48.759+08:00 [gateway] [plugins] duplicate plugin id resolved by explicit config-selected plugin; global plugin will be overridden by config plugin (D:\project\LXUP\runtime\openclaw-home\plugins\wecom\node_modules\@wecom\wecom-openclaw-plugin\dist\index.js) (plugin=wecom-openclaw-plugin, source=D:\project\LXUP\runtime\openclaw-home\npm\projects\wecom-wecom-openclaw-plugin-18f843d908\node_modules\@wecom\wecom-openclaw-plugin\dist\index.js)
2026-08-10T16:22:48.780+08:00 [gateway] agent model: deepseek/deepseek-v4-pro (thinking=off, fast=off)
2026-08-10T16:22:48.782+08:00 [gateway] http server listening (11 plugins: browser, canvas, device-pair, file-transfer, memory-core, ollama, openclaw-weixin, phone-control, qqbot, talk-voice, wecom-openclaw-plugin; 2.6s)
2026-08-10T16:22:48.785+08:00 [gateway] log file: C:\Users\Administrator\AppData\Local\Temp\openclaw\openclaw-2026-08-10.log
2026-08-10T16:22:48.991+08:00 [gateway] security warning: dangerous config flags enabled: gateway.controlUi.dangerouslyDisableDeviceAuth=true. Run `openclaw security audit`.
2026-08-10T16:22:48.994+08:00 [gateway] starting channels and sidecars...
2026-08-10T16:22:49.300+08:00 [gateway] ready
2026-08-10T16:22:49.329+08:00 [heartbeat] started
2026-08-10T16:22:53.213+08:00 [ws] unauthorized conn=137581d3-1471-442f-beb2-b4c104626123 peer=127.0.0.1:53348->127.0.0.1:18789 remote=127.0.0.1 client=openclaw-control-ui webchat vdev role=operator scopes=5 auth=none device=no platform=Win32 instance=042b8616-3381-4865-9d28-2ca834d3a5d0 host=localhost:18789 origin=http://localhost:18789 ua=Mozilla/5.0 (Windows NT 10.0; Win64; x64) AppleWebKit/537.36 (KHTML, like Gecko) Chrome/151.0.0.0 Safari/537.36 Edg/151.0.0.0 reason=token_missing
2026-08-10T16:22:53.221+08:00 [ws] closed before connect conn=137581d3-1471-442f-beb2-b4c104626123 peer=127.0.0.1:53348->127.0.0.1:18789 remote=127.0.0.1 fwd=n/a origin=http://localhost:18789 host=localhost:18789 ua=Mozilla/5.0 (Windows NT 10.0; Win64; x64) AppleWebKit/537.36 (KHTML, like Gecko) Chrome/151.0.0.0 Safari/537.36 Edg/151.0.0.0 code=1008 reason=unauthorized: gateway token missing (open the dashboard URL and paste the token in Control UI settings) phase=ws_upgrade_started
2026-08-10T16:22:54.515+08:00 [ws] webchat connected conn=2f91260b-919b-432e-ae16-08f4f990e3f9 remote=127.0.0.1 client=openclaw-control-ui webchat v1.0.0
2026-08-10T16:22:54.679+08:00 [ws] ⇄ res ✓ agents.list 90ms conn=2f91260b…e3f9 id=r11-cu64ui
2026-08-10T16:22:54.804+08:00 [ws] ⇄ res ✓ sessions.list 121ms conn=2f91260b…e3f9 id=r12-m7oe83
2026-08-10T16:22:55.724+08:00 [ws] ⇄ res ✓ skills.status 917ms conn=2f91260b…e3f9 id=r13-sq6y6j
2026-08-10T16:22:55.729+08:00 [ws] ⇄ res ✓ logs.tail 1141ms conn=2f91260b…e3f9 id=r10-vpx9pc
2026-08-10T16:22:59.679+08:00 [gateway] agent runtime plugins pre-warmed in 373ms
2026-08-10T16:23:08.957+08:00 [ws] ⇄ res ✓ sessions.list 321ms conn=2f91260b…e3f9 id=r17-1c9diw
2026-08-10T16:23:09.221+08:00 [ws] ⇄ res ✓ config.get 829ms conn=2f91260b…e3f9 id=r14-irvntr
2026-08-10T16:23:09.231+08:00 [ws] ⇄ res ✓ config.get 596ms conn=2f91260b…e3f9 id=r15-eaz2qa
2026-08-10T16:23:09.242+08:00 [ws] ⇄ res ✓ config.get 606ms conn=2f91260b…e3f9 id=r18-iln4bh
2026-08-10T16:23:09.257+08:00 [ws] ⇄ res ✓ chat.history 296ms conn=2f91260b…e3f9 id=r20-jwowv0
2026-08-10T16:23:13.549+08:00 [ws] ⇄ res ✓ config.get 149ms conn=2f91260b…e3f9 id=r21-out390
2026-08-10T16:23:17.031+08:00 [mcp] registerTool ctx: sessionKey="agent:main:main", messageChannel="webchat", requesterSenderId="undefined", agentAccountId="undefined", sessionChat=undefined
2026-08-10T16:23:17.434+08:00 [provider-transport-fetch] [model-fetch] start provider=deepseek api=openai-completions model=deepseek-v4-pro method=POST url=https://api.deepseek.com/v1/chat/completions timeoutMs=undefined proxy=none policy=custom
2026-08-10T16:23:17.739+08:00 [provider-transport-fetch] [model-fetch] response provider=deepseek api=openai-completions model=deepseek-v4-pro status=200 elapsedMs=305 contentType=text/event-stream; charset=utf-8
2026-08-10T16:23:18.565+08:00 [ws] ⇄ res ✓ config.get 167ms conn=2f91260b…e3f9 id=r23-9a76af
2026-08-10T16:23:23.552+08:00 [ws] ⇄ res ✓ config.get 155ms conn=2f91260b…e3f9 id=r25-4bcnmo
2026-08-10T16:23:28.576+08:00 [ws] ⇄ res ✓ config.get 178ms conn=2f91260b…e3f9 id=r26-7us1b4
2026-08-10T16:23:34.359+08:00 [ws] ⇄ res ✓ config.get 159ms conn=2f91260b…e3f9 id=r27-uvad2q
2026-08-10T16:23:39.364+08:00 [ws] ⇄ res ✓ config.get 165ms conn=2f91260b…e3f9 id=r28-kmj25l
2026-08-10T16:23:44.358+08:00 [ws] ⇄ res ✓ config.get 159ms conn=2f91260b…e3f9 id=r29-cbdpcp
2026-08-10T16:23:49.349+08:00 [ws] ⇄ res ✓ config.get 157ms conn=2f91260b…e3f9 id=r30-xm3fg1
2026-08-10T16:23:54.352+08:00 [ws] ⇄ res ✓ config.get 156ms conn=2f91260b…e3f9 id=r31-uf9pd7
2026-08-10T16:23:59.349+08:00 [ws] ⇄ res ✓ config.get 152ms conn=2f91260b…e3f9 id=r32-357cgc
2026-08-10T16:24:04.344+08:00 [ws] ⇄ res ✓ config.get 155ms conn=2f91260b…e3f9 id=r33-9z08c4
2026-08-10T16:24:09.354+08:00 [ws] ⇄ res ✓ config.get 161ms conn=2f91260b…e3f9 id=r34-3bubzd
2026-08-10T16:24:14.345+08:00 [ws] ⇄ res ✓ config.get 154ms conn=2f91260b…e3f9 id=r35-o4czew
2026-08-10T16:24:19.343+08:00 [ws] ⇄ res ✓ config.get 153ms conn=2f91260b…e3f9 id=r36-mc60no
2026-08-10T16:24:24.340+08:00 [ws] ⇄ res ✓ config.get 150ms conn=2f91260b…e3f9 id=r37-cwuszu
2026-08-10T16:24:29.342+08:00 [ws] ⇄ res ✓ config.get 153ms conn=2f91260b…e3f9 id=r38-j3eq9j
2026-08-10T16:24:46.348+08:00 [ws] ⇄ res ✓ config.get 152ms conn=2f91260b…e3f9 id=r39-os1mfr
2026-08-10T16:25:46.351+08:00 [ws] ⇄ res ✓ config.get 155ms conn=2f91260b…e3f9 id=r40-d15bdc
2026-08-10T16:26:05.761+08:00 [ws] ⇄ res ✓ config.get 176ms conn=2f91260b…e3f9 id=r41-4rpwua
2026-08-10T16:26:08.544+08:00 [ws] ⇄ res ✓ config.get 149ms conn=2f91260b…e3f9 id=r42-slg3vt
2026-08-10T16:26:13.564+08:00 [ws] ⇄ res ✓ config.get 164ms conn=2f91260b…e3f9 id=r43-kvrq1d
2026-08-10T16:26:17.490+08:00 [provider-transport-fetch] [model-fetch] start provider=deepseek api=openai-completions model=deepseek-v4-pro method=POST url=https://api.deepseek.com/v1/chat/completions timeoutMs=undefined proxy=none policy=custom
2026-08-10T16:26:17.751+08:00 [provider-transport-fetch] [model-fetch] response provider=deepseek api=openai-completions model=deepseek-v4-pro status=200 elapsedMs=261 contentType=text/event-stream; charset=utf-8
2026-08-10T16:26:18.558+08:00 [ws] ⇄ res ✓ config.get 153ms conn=2f91260b…e3f9 id=r45-i577bj
2026-08-10T16:26:23.552+08:00 [ws] ⇄ res ✓ config.get 150ms conn=2f91260b…e3f9 id=r47-w0qg15
2026-08-10T16:26:24.023+08:00 [ws] ⇄ res ✓ skills.status 192ms conn=2f91260b…e3f9 id=r53-scn0um
2026-08-10T16:26:24.216+08:00 [ws] ⇄ res ✓ skills.status 191ms conn=2f91260b…e3f9 id=r54-7dwd1f
2026-08-10T16:26:28.810+08:00 [ws] unauthorized conn=f7f74ee9-9f18-444c-b52f-9c447cacdb1a peer=127.0.0.1:53505->127.0.0.1:18789 remote=127.0.0.1 client=openclaw-control-ui webchat vdev role=operator scopes=5 auth=none device=no platform=Win32 instance=686c4ae3-2f63-4831-a24b-99d61a48395c host=localhost:18789 origin=http://localhost:18789 ua=Mozilla/5.0 (Windows NT 10.0; Win64; x64) AppleWebKit/537.36 (KHTML, like Gecko) Chrome/151.0.0.0 Safari/537.36 Edg/151.0.0.0 reason=token_missing suppressed=1
2026-08-10T16:26:28.818+08:00 [ws] closed before connect conn=f7f74ee9-9f18-444c-b52f-9c447cacdb1a peer=127.0.0.1:53505->127.0.0.1:18789 remote=127.0.0.1 fwd=n/a origin=http://localhost:18789 host=localhost:18789 ua=Mozilla/5.0 (Windows NT 10.0; Win64; x64) AppleWebKit/537.36 (KHTML, like Gecko) Chrome/151.0.0.0 Safari/537.36 Edg/151.0.0.0 code=1008 reason=unauthorized: gateway token missing (open the dashboard URL and paste the token in Control UI settings) phase=ws_upgrade_started suppressed=1
2026-08-10T16:32:03.796+08:00 [ws] webchat disconnected code=1001 reason=n/a conn=2f91260b-919b-432e-ae16-08f4f990e3f9
2026-08-10T16:32:04.173+08:00 [ws] webchat connected conn=73efd463-360e-4d63-8430-bc83e0d71da1 remote=127.0.0.1 client=openclaw-control-ui webchat v1.0.0
2026-08-10T16:32:04.451+08:00 [ws] ⇄ res ✓ skills.status 191ms conn=73efd463…1da1 id=r5-02neqq
2026-08-10T16:32:04.456+08:00 [ws] ⇄ res ✓ logs.tail 205ms conn=73efd463…1da1 id=r2-iynoyf
2026-08-10T16:32:07.006+08:00 [ws] webchat connected conn=c7308167-4cea-4bd1-95ce-055b9010ba62 remote=127.0.0.1 client=openclaw-control-ui webchat vdev
2026-08-10T16:32:07.260+08:00 [ws] ⇄ res ✓ config.get 172ms conn=c7308167…ba62 id=9eacc5dc…d479
2026-08-10T16:32:11.466+08:00 [ws] ⇄ res ✓ agent.identity.get 144ms conn=c7308167…ba62 id=d902f134…8cab
2026-08-10T16:32:11.918+08:00 [ws] ⇄ res ✓ chat.history 319ms conn=c7308167…ba62 id=bd767df9…74c5
2026-08-10T16:32:12.376+08:00 [ws] ⇄ res ✓ chat.metadata 776ms conn=c7308167…ba62 id=f0653183…edad
2026-08-10T16:32:12.393+08:00 [ws] ⇄ res ✓ chat.startup 1073ms conn=c7308167…ba62 id=e78b2bfc…38f0
2026-08-10T16:32:12.858+08:00 [ws] ⇄ res ✓ models.authStatus 1538ms conn=c7308167…ba62 id=b7933d7d…901f
2026-08-10T16:32:14.358+08:00 [ws] ⇄ res ✓ sessions.list 276ms conn=c7308167…ba62 id=4dd45056…642a
2026-08-10T16:32:14.632+08:00 [ws] ⇄ res ✓ sessions.list 270ms conn=c7308167…ba62 id=29764c23…3480
2026-08-10T16:32:14.653+08:00 [ws] ⇄ res ✓ chat.history 571ms conn=c7308167…ba62 id=b03c2c48…4ca5
2026-08-10T16:32:14.658+08:00 [ws] ⇄ res ✓ chat.history 297ms conn=c7308167…ba62 id=e3384e5e…825b
2026-08-10T16:32:14.709+08:00 [ws] ⇄ res ✓ chat.metadata 627ms conn=c7308167…ba62 id=500981fd…8045
2026-08-10T16:32:14.717+08:00 [ws] ⇄ res ✓ chat.metadata 355ms conn=c7308167…ba62 id=27b38168…4710
2026-08-10T16:32:15.428+08:00 [ws] ⇄ res ✓ sessions.list 273ms conn=c7308167…ba62 id=c52780a2…ae68
2026-08-10T16:32:15.438+08:00 [ws] ⇄ res ✓ chat.history 284ms conn=c7308167…ba62 id=d7f5a202…f7cd
2026-08-10T16:32:15.467+08:00 [ws] ⇄ res ✓ chat.metadata 313ms conn=c7308167…ba62 id=282ae4a4…c55b
2026-08-10T16:32:17.222+08:00 [ws] ⇄ res ✓ skills.status 213ms conn=c7308167…ba62 id=6150be6e…4817
2026-08-10T16:32:17.224+08:00 [ws] ⇄ res ✓ models.authStatus 216ms cached=true conn=c7308167…ba62 id=f2989167…8d6e
2026-08-10T16:32:17.235+08:00 [ws] ⇄ res ✓ cron.status 227ms conn=c7308167…ba62 id=2c6c756e…8870
2026-08-10T16:32:17.238+08:00 [ws] ⇄ res ✓ cron.list 230ms conn=c7308167…ba62 id=c88c3a1e…4f9b
2026-08-10T16:32:17.245+08:00 [ws] ⇄ res ✓ sessions.usage 237ms conn=c7308167…ba62 id=c62c3aae…701f
2026-08-10T16:32:17.256+08:00 [ws] ⇄ res ✓ logs.tail 247ms conn=c7308167…ba62 id=bc4e79bb…cec4
2026-08-10T16:32:23.552+08:00 [ws] ⇄ res ✓ chat.metadata 291ms conn=c7308167…ba62 id=44f78668…ab7e
2026-08-10T16:32:31.569+08:00 [ws] ⇄ res ✓ sessions.list 279ms conn=c7308167…ba62 id=2e068329…027f
2026-08-10T16:32:31.580+08:00 [ws] ⇄ res ✓ chat.history 289ms conn=c7308167…ba62 id=012ff396…421c
2026-08-10T16:32:31.610+08:00 [ws] ⇄ res ✓ chat.metadata 320ms conn=c7308167…ba62 id=5bbae2ef…a86e
2026-08-10T16:32:32.399+08:00 [ws] ⇄ res ✓ sessions.list 278ms conn=c7308167…ba62 id=540f2ffe…1966
2026-08-10T16:32:32.412+08:00 [ws] ⇄ res ✓ chat.history 289ms conn=c7308167…ba62 id=0ca20eef…5f57
2026-08-10T16:32:32.449+08:00 [ws] ⇄ res ✓ chat.metadata 327ms conn=c7308167…ba62 id=33f2b436…70ea
2026-08-10T16:32:32.749+08:00 [ws] ⇄ res ✓ sessions.list 268ms conn=c7308167…ba62 id=54a24d92…cca7
2026-08-10T16:32:32.760+08:00 [ws] ⇄ res ✓ chat.history 279ms conn=c7308167…ba62 id=d25e9b16…db36
2026-08-10T16:32:32.791+08:00 [ws] ⇄ res ✓ chat.metadata 310ms conn=c7308167…ba62 id=333d1f43…2594
2026-08-10T16:32:35.488+08:00 [ws] ⇄ res ✓ sessions.list 292ms conn=73efd463…1da1 id=r9-7mdamc
2026-08-10T16:32:35.504+08:00 [ws] ⇄ res ✓ config.get 449ms conn=73efd463…1da1 id=r6-5d47ta
2026-08-10T16:32:35.514+08:00 [ws] ⇄ res ✓ config.get 318ms conn=73efd463…1da1 id=r7-hm2y9c
2026-08-10T16:32:35.523+08:00 [ws] ⇄ res ✓ config.get 327ms conn=73efd463…1da1 id=r10-eu57nk
2026-08-10T16:32:40.204+08:00 [ws] ⇄ res ✓ config.get 144ms conn=73efd463…1da1 id=r13-rg1xle
2026-08-10T16:32:45.209+08:00 [ws] ⇄ res ✓ config.get 147ms conn=73efd463…1da1 id=r14-8z3nb7
2026-08-10T16:32:50.232+08:00 [ws] ⇄ res ✓ config.get 171ms conn=73efd463…1da1 id=r15-ca3l50
2026-08-10T16:32:55.207+08:00 [ws] ⇄ res ✓ config.get 148ms conn=73efd463…1da1 id=r16-gsxjuv
2026-08-10T16:33:00.204+08:00 [ws] ⇄ res ✓ config.get 147ms conn=73efd463…1da1 id=r17-n1qo2l
2026-08-10T16:33:05.201+08:00 [ws] ⇄ res ✓ config.get 145ms conn=73efd463…1da1 id=r18-d96me9
2026-08-10T16:33:10.217+08:00 [ws] ⇄ res ✓ config.get 146ms conn=73efd463…1da1 id=r19-vgif2l
2026-08-10T16:33:15.212+08:00 [ws] ⇄ res ✓ config.get 145ms conn=73efd463…1da1 id=r20-u384s0
2026-08-10T16:33:20.211+08:00 [ws] ⇄ res ✓ config.get 148ms conn=73efd463…1da1 id=r21-6czvr8
2026-08-10T16:33:25.206+08:00 [ws] ⇄ res ✓ config.get 147ms conn=73efd463…1da1 id=r22-dsk31l
2026-08-10T16:33:30.215+08:00 [ws] ⇄ res ✓ config.get 146ms conn=73efd463…1da1 id=r23-b9e5ul
2026-08-10T16:33:35.206+08:00 [ws] ⇄ res ✓ config.get 148ms conn=73efd463…1da1 id=r24-qxczbw
2026-08-10T16:33:40.210+08:00 [ws] ⇄ res ✓ config.get 146ms conn=73efd463…1da1 id=r25-k5fu5p
2026-08-10T16:33:45.202+08:00 [ws] ⇄ res ✓ config.get 146ms conn=73efd463…1da1 id=r26-q54pj9
2026-08-10T16:33:50.209+08:00 [ws] ⇄ res ✓ config.get 143ms conn=73efd463…1da1 id=r27-urkgxv
2026-08-10T16:33:55.214+08:00 [ws] ⇄ res ✓ config.get 145ms conn=73efd463…1da1 id=r28-cmv7a0
2026-08-10T16:34:00.230+08:00 [ws] ⇄ res ✓ config.get 160ms conn=73efd463…1da1 id=r29-cgs4eh
2026-08-10T16:34:05.224+08:00 [ws] ⇄ res ✓ config.get 154ms conn=73efd463…1da1 id=r30-syzw54
2026-08-10T16:34:10.213+08:00 [ws] ⇄ res ✓ config.get 155ms conn=73efd463…1da1 id=r31-ff95ow
2026-08-10T16:34:15.218+08:00 [ws] ⇄ res ✓ config.get 157ms conn=73efd463…1da1 id=r32-nxyxfj
2026-08-10T16:34:20.214+08:00 [ws] ⇄ res ✓ config.get 152ms conn=73efd463…1da1 id=r33-uccb05
2026-08-10T16:34:25.216+08:00 [ws] ⇄ res ✓ config.get 155ms conn=73efd463…1da1 id=r34-h9c9xo
2026-08-10T16:34:30.211+08:00 [ws] ⇄ res ✓ config.get 152ms conn=73efd463…1da1 id=r35-4dxuw4
2026-08-10T16:34:35.215+08:00 [ws] ⇄ res ✓ config.get 156ms conn=73efd463…1da1 id=r36-4iv8kl
2026-08-10T16:34:40.220+08:00 [ws] ⇄ res ✓ config.get 159ms conn=73efd463…1da1 id=r37-4ctabs
2026-08-10T16:34:45.218+08:00 [ws] ⇄ res ✓ config.get 154ms conn=73efd463…1da1 id=r38-hes1kv
2026-08-10T16:34:50.237+08:00 [ws] ⇄ res ✓ config.get 154ms conn=73efd463…1da1 id=r39-tm2ahp
2026-08-10T16:34:55.210+08:00 [ws] ⇄ res ✓ config.get 150ms conn=73efd463…1da1 id=r40-bepe5k
2026-08-10T16:35:00.216+08:00 [ws] ⇄ res ✓ config.get 149ms conn=73efd463…1da1 id=r41-h2tls7
2026-08-10T16:35:05.224+08:00 [ws] ⇄ res ✓ config.get 153ms conn=73efd463…1da1 id=r42-1lk8sh
2026-08-10T16:35:10.211+08:00 [ws] ⇄ res ✓ config.get 148ms conn=73efd463…1da1 id=r43-0l85fp
2026-08-10T16:35:15.226+08:00 [ws] ⇄ res ✓ config.get 156ms conn=73efd463…1da1 id=r44-q3bpoa
2026-08-10T16:35:20.218+08:00 [ws] ⇄ res ✓ config.get 150ms conn=73efd463…1da1 id=r45-pyz95j
2026-08-10T16:35:25.366+08:00 [ws] ⇄ res ✓ config.get 166ms conn=73efd463…1da1 id=r46-vq0hwz
2026-08-10T16:35:30.360+08:00 [ws] ⇄ res ✓ config.get 159ms conn=73efd463…1da1 id=r47-vm3jnc
2026-08-10T16:35:35.356+08:00 [ws] ⇄ res ✓ config.get 163ms conn=73efd463…1da1 id=r48-zpawsj
2026-08-10T16:35:40.350+08:00 [ws] ⇄ res ✓ config.get 154ms conn=73efd463…1da1 id=r49-vyp2gf
2026-08-10T16:35:44.798+08:00 [ws] webchat disconnected code=1001 reason=n/a conn=c7308167-4cea-4bd1-95ce-055b9010ba62
2026-08-10T16:35:45.222+08:00 [ws] ⇄ res ✓ config.get 161ms conn=73efd463…1da1 id=r50-1gy2vv
2026-08-10T16:35:50.358+08:00 [ws] ⇄ res ✓ config.get 157ms conn=73efd463…1da1 id=r51-wp0qki
2026-08-10T16:35:55.348+08:00 [ws] ⇄ res ✓ config.get 153ms conn=73efd463…1da1 id=r52-qavgen
2026-08-10T16:36:00.351+08:00 [ws] ⇄ res ✓ config.get 157ms conn=73efd463…1da1 id=r53-02df3f
2026-08-10T16:36:05.349+08:00 [ws] ⇄ res ✓ config.get 154ms conn=73efd463…1da1 id=r54-lgh1hv
2026-08-10T16:36:10.353+08:00 [ws] ⇄ res ✓ config.get 159ms conn=73efd463…1da1 id=r55-rxtsl0
2026-08-10T16:36:15.357+08:00 [ws] ⇄ res ✓ config.get 160ms conn=73efd463…1da1 id=r56-xibypj
2026-08-10T16:36:20.365+08:00 [ws] ⇄ res ✓ config.get 162ms conn=73efd463…1da1 id=r57-pvlcia
2026-08-10T16:36:25.353+08:00 [ws] ⇄ res ✓ config.get 159ms conn=73efd463…1da1 id=r58-yapf8p
2026-08-10T16:36:30.360+08:00 [ws] ⇄ res ✓ config.get 159ms conn=73efd463…1da1 id=r59-cdk8s0
2026-08-10T16:36:35.339+08:00 [ws] ⇄ res ✓ config.get 150ms conn=73efd463…1da1 id=r60-iphx1t
2026-08-10T16:36:40.346+08:00 [ws] ⇄ res ✓ config.get 153ms conn=73efd463…1da1 id=r61-ttb3yx
2026-08-10T16:36:45.344+08:00 [ws] ⇄ res ✓ config.get 153ms conn=73efd463…1da1 id=r62-fw3sfl
2026-08-10T16:37:46.364+08:00 [ws] ⇄ res ✓ config.get 163ms conn=73efd463…1da1 id=r63-2c4166
2026-08-10T16:38:46.355+08:00 [ws] ⇄ res ✓ config.get 154ms conn=73efd463…1da1 id=r64-rwbyef
2026-08-10T16:39:46.357+08:00 [ws] ⇄ res ✓ config.get 156ms conn=73efd463…1da1 id=r65-2mcohw
2026-08-10T16:39:57.447+08:00 [ws] ⇄ res ✓ config.get 161ms conn=73efd463…1da1 id=r66-hwfcqu
2026-08-10T16:39:59.893+08:00 [ws] ⇄ res ✓ skills.status 192ms conn=73efd463…1da1 id=r72-3dx27f
2026-08-10T16:40:00.083+08:00 [ws] ⇄ res ✓ skills.status 188ms conn=73efd463…1da1 id=r73-xbngek
2026-08-10T16:40:01.235+08:00 [ws] webchat connected conn=9b96ad0d-80c9-4d64-98b6-c16992147573 remote=127.0.0.1 client=openclaw-control-ui webchat vdev
2026-08-10T16:40:01.478+08:00 [ws] ⇄ res ✓ config.get 163ms conn=9b96ad0d…7573 id=4b8fa997…1798
2026-08-10T16:40:03.824+08:00 [ws] webchat disconnected code=1001 reason=n/a conn=9b96ad0d-80c9-4d64-98b6-c16992147573
2026-08-10T16:40:19.610+08:00 [ws] ⇄ res ✓ sessions.list 291ms conn=73efd463…1da1 id=r77-yddss3
2026-08-10T16:40:19.624+08:00 [ws] ⇄ res ✓ config.get 453ms conn=73efd463…1da1 id=r74-v5z43q
2026-08-10T16:40:19.633+08:00 [ws] ⇄ res ✓ config.get 315ms conn=73efd463…1da1 id=r75-9dravd
2026-08-10T16:40:19.643+08:00 [ws] ⇄ res ✓ config.get 323ms conn=73efd463…1da1 id=r78-dvzpse
2026-08-10T16:40:24.328+08:00 [ws] ⇄ res ✓ config.get 153ms conn=73efd463…1da1 id=r81-6mrc7a
2026-08-10T16:40:28.262+08:00 [ws] ⇄ res ✓ sessions.delete 667ms conn=73efd463…1da1 id=r82-5587om
2026-08-10T16:40:29.322+08:00 [ws] ⇄ res ✓ config.get 151ms conn=73efd463…1da1 id=r85-abdbek
2026-08-10T16:40:31.620+08:00 [ws] ⇄ res ✗ sessions.delete 1ms errorCode=INVALID_REQUEST errorMessage=Cannot delete the main session (agent:main:main). conn=73efd463…1da1 id=r86-xv0qu2
2026-08-10T16:40:34.330+08:00 [ws] ⇄ res ✓ config.get 149ms conn=73efd463…1da1 id=r87-pyvi3b
2026-08-10T16:40:38.239+08:00 [ws] ⇄ res ✓ sessions.reset 285ms conn=73efd463…1da1 id=r89-xv8oaq
2026-08-10T16:40:39.316+08:00 [ws] ⇄ res ✓ config.get 145ms conn=73efd463…1da1 id=r91-tg3vvd
2026-08-10T16:40:41.662+08:00 [ws] ⇄ res ✓ sessions.delete 275ms conn=73efd463…1da1 id=r92-vamdfl
2026-08-10T16:40:44.327+08:00 [ws] ⇄ res ✓ config.get 148ms conn=73efd463…1da1 id=r94-hvname
2026-08-10T16:41:42.196+08:00 [ws] ⇄ res ✓ skills.status 187ms conn=73efd463…1da1 id=r100-kv77q7
2026-08-10T16:41:42.379+08:00 [ws] ⇄ res ✓ skills.status 180ms conn=73efd463…1da1 id=r101-5ad96a
2026-08-10T16:41:42.925+08:00 [ws] ⇄ res ✓ skills.status 176ms conn=73efd463…1da1 id=r104-q74ag0
2026-08-10T16:41:46.954+08:00 [ws] ⇄ res ✓ config.get 150ms conn=73efd463…1da1 id=r105-gmxmy3
2026-08-10T16:41:49.134+08:00 [ws] ⇄ res ✓ config.get 147ms conn=73efd463…1da1 id=r106-jgxagm
2026-08-10T16:41:49.287+08:00 [gateway] config.patch write actor=openclaw-control-ui device=unknown-device ip=unknown-ip conn=73efd463-360e-4d63-8430-bc83e0d71da1 changedPaths=models.providers.deepseek,agents.defaults.model restartReason=config.patch
2026-08-10T16:41:49.476+08:00 Config warnings:
- plugins.entries.deepseek: plugin deepseek: duplicate plugin id resolved by explicit config-selected plugin; global plugin will be overridden by config plugin (D:\project\LXUP\runtime\openclaw-home\plugins\deepseek\node_modules\@openclaw\deepseek-provider\dist\index.js)
- plugins.entries.openclaw-weixin: plugin openclaw-weixin: duplicate plugin id resolved by explicit config-selected plugin; global plugin will be overridden by config plugin (D:\project\LXUP\runtime\openclaw-home\plugins\weixin\node_modules\@tencent-weixin\openclaw-weixin\dist\index.js)
- plugins.entries.qqbot: plugin qqbot: duplicate plugin id resolved by explicit config-selected plugin; global plugin will be overridden by config plugin (D:\project\LXUP\runtime\openclaw-home\plugins\qqbot\node_modules\@openclaw\qqbot\dist\index.js)
- plugins.entries.wecom-openclaw-plugin: plugin wecom-openclaw-plugin: duplicate plugin id resolved by explicit config-selected plugin; global plugin will be overridden by config plugin (D:\project\LXUP\runtime\openclaw-home\plugins\wecom\node_modules\@wecom\wecom-openclaw-plugin\dist\index.js)
2026-08-10T16:41:49.651+08:00 [reload] config change detected; evaluating reload (agents.defaults.model, models.providers.deepseek, meta.lastTouchedAt)
2026-08-10T16:41:50.278+08:00 [reload] config hot reload applied (agents.defaults.model, models.providers.deepseek)
2026-08-10T16:41:50.434+08:00 [ws] ⇄ res ✓ config.patch 1296ms conn=73efd463…1da1 id=r107-rg8wox
2026-08-10T16:41:50.595+08:00 [ws] ⇄ res ✓ config.get 154ms conn=73efd463…1da1 id=r108-qvkfrs
2026-08-10T16:42:03.959+08:00 [ws] webchat connected conn=05985a62-75f9-451d-bdbd-60a69beb3905 remote=127.0.0.1 client=openclaw-control-ui webchat v1.0.0
2026-08-10T16:42:58.421+08:00 [ws] ⇄ res ✓ skills.status 179ms conn=05985a62…3905 id=r7-mv0x2x
2026-08-10T16:42:58.592+08:00 [ws] ⇄ res ✓ skills.status 169ms conn=05985a62…3905 id=r8-yf0g37
2026-08-10T16:42:58.875+08:00 [ws] ⇄ res ✓ config.get 452ms conn=05985a62…3905 id=r9-11sz4m
2026-08-10T16:42:58.884+08:00 [ws] ⇄ res ✓ config.get 151ms conn=05985a62…3905 id=r10-zomu85
2026-08-10T16:43:07.303+08:00 [ws] ⇄ res ✓ skills.status 177ms conn=05985a62…3905 id=r16-1oqewe
2026-08-10T16:43:07.474+08:00 [ws] ⇄ res ✓ skills.status 169ms conn=05985a62…3905 id=r17-1v5btf
2026-08-10T16:43:07.758+08:00 [ws] ⇄ res ✓ config.get 453ms conn=05985a62…3905 id=r18-h7pzg5
2026-08-10T16:43:07.767+08:00 [ws] ⇄ res ✓ config.get 155ms conn=05985a62…3905 id=r19-953ex2
2026-08-10T16:43:08.165+08:00 [ws] ⇄ res ✓ config.get 146ms conn=05985a62…3905 id=r20-v3nj7v
2026-08-10T16:43:10.142+08:00 [ws] ⇄ res ✓ sessions.list 139ms conn=05985a62…3905 id=r24-ooyxxn
2026-08-10T16:43:10.153+08:00 [ws] ⇄ res ✓ config.get 422ms conn=05985a62…3905 id=r21-0dvoy1
2026-08-10T16:43:10.161+08:00 [ws] ⇄ res ✓ config.get 431ms conn=05985a62…3905 id=r22-7v2uv8
2026-08-10T16:43:10.170+08:00 [ws] ⇄ res ✓ config.get 166ms conn=05985a62…3905 id=r25-j2k5pw
2026-08-10T16:43:14.940+08:00 [diagnostic] lane task error: lane=main durationMs=499 error="ProviderAuthError: No API key found for provider "openai". Auth store: D:\project\LXUP\runtime\openclaw-home\agents\main\agent\openclaw-agent.sqlite (agentDir: D:\project\LXUP\runtime\openclaw-home\agents\main\agent). Configure auth for this agent (openclaw agents add <id>) or copy only portable static auth profiles from the main agentDir."
2026-08-10T16:43:14.942+08:00 [diagnostic] lane task error: lane=session:agent:main:main durationMs=503 error="ProviderAuthError: No API key found for provider "openai". Auth store: D:\project\LXUP\runtime\openclaw-home\agents\main\agent\openclaw-agent.sqlite (agentDir: D:\project\LXUP\runtime\openclaw-home\agents\main\agent). Configure auth for this agent (openclaw agents add <id>) or copy only portable static auth profiles from the main agentDir."
2026-08-10T16:43:14.959+08:00 [model-fallback/decision] model fallback decision: decision=candidate_failed requested=openai/gpt-5.5 candidate=openai/gpt-5.5 reason=auth next=none detail=No API key found for provider "openai". Auth store: D:\project\LXUP\runtime\openclaw-home\agents\main\agent\openclaw-agent.sqlite (agentDir: D:\project\LXUP\runtime\openclaw-home\agents\main\agent). Configure auth for this agent (openclaw agents add <id>) or copy only portable static auth profiles from the main agentDir.
2026-08-10T16:43:15.107+08:00 Embedded agent failed before reply: No API key found for provider "openai". Auth store: D:\project\LXUP\runtime\openclaw-home\agents\main\agent\openclaw-agent.sqlite (agentDir: D:\project\LXUP\runtime\openclaw-home\agents\main\agent). Configure auth for this agent (openclaw agents add <id>) or copy only portable static auth profiles from the main agentDir. | missing-provider-auth
2026-08-10T16:43:15.261+08:00 [ws] ⇄ res ✓ config.get 145ms conn=05985a62…3905 id=r29-ihwv2n
2026-08-10T16:43:17.694+08:00 [ws] ⇄ res ✓ skills.status 169ms conn=05985a62…3905 id=r35-tsok0o
2026-08-10T16:43:17.868+08:00 [ws] ⇄ res ✓ skills.status 172ms conn=05985a62…3905 id=r36-fc55hv
2026-08-10T16:43:18.181+08:00 [ws] ⇄ res ✓ config.get 484ms conn=05985a62…3905 id=r37-udmi98
2026-08-10T16:43:18.189+08:00 [ws] ⇄ res ✓ config.get 178ms conn=05985a62…3905 id=r38-h3q77h
2026-08-10T16:44:18.230+08:00 [ws] ⇄ res ✓ skills.status 169ms conn=05985a62…3905 id=r44-ihlrt4
2026-08-10T16:44:18.399+08:00 [ws] ⇄ res ✓ skills.status 167ms conn=05985a62…3905 id=r45-0jrbig
2026-08-10T16:44:18.680+08:00 [ws] ⇄ res ✓ config.get 448ms conn=05985a62…3905 id=r46-4ivgms
2026-08-10T16:44:18.689+08:00 [ws] ⇄ res ✓ config.get 150ms conn=05985a62…3905 id=r47-pijs56
2026-08-10T16:44:41.045+08:00 [ws] webchat disconnected code=1001 reason=n/a conn=05985a62-75f9-451d-bdbd-60a69beb3905
2026-08-10T16:44:43.114+08:00 [ws] webchat disconnected code=1001 reason=n/a conn=73efd463-360e-4d63-8430-bc83e0d71da1
|
o  Config warnings -----------------------------------------------------------------------------------------------------+
|                                                                                                                       |
|  - plugins.entries.deepseek: plugin deepseek: duplicate plugin id                                                     |
|    resolved by explicit config-selected plugin; global plugin will be                                                 |
|    overridden by config plugin                                                                                        |
|    (D:\project\LXUP\runtime\openclaw-home\plugins\deepseek\node_modules\@openclaw\deepseek-provider\dist\index.js)    |
|  - plugins.entries.openclaw-weixin: plugin openclaw-weixin: duplicate                                                 |
|    plugin id resolved by explicit config-selected plugin; global plugin                                               |
|    will be overridden by config plugin                                                                                |
|    (D:\project\LXUP\runtime\openclaw-home\plugins\weixin\node_modules\@tencent-weixin\openclaw-weixin\dist\index.js)  |
|  - plugins.entries.qqbot: plugin qqbot: duplicate plugin id resolved by                                               |
|    explicit config-selected plugin; global plugin will be overridden by                                               |
|    config plugin                                                                                                      |
|    (D:\project\LXUP\runtime\openclaw-home\plugins\qqbot\node_modules\@openclaw\qqbot\dist\index.js)                   |
|  - plugins.entries.wecom-openclaw-plugin: plugin wecom-openclaw-plugin:                                               |
|    duplicate plugin id resolved by explicit config-selected plugin;                                                   |
|    global plugin will be overridden by config plugin                                                                  |
|    (D:\project\LXUP\runtime\openclaw-home\plugins\wecom\node_modules\@wecom\wecom-openclaw-plugin\dist\index.js)      |
|                                                                                                                       |
+-----------------------------------------------------------------------------------------------------------------------+
2026-08-10T17:24:24.487+08:00 [gateway] loading configuration…
2026-08-10T17:24:24.655+08:00 [gateway] force: no listeners on port 18789
2026-08-10T17:24:24.660+08:00 [gateway] resolving authentication…
2026-08-10T17:24:24.671+08:00 [gateway] starting...
2026-08-10T17:24:25.701+08:00 [gateway] starting HTTP server...
2026-08-10T17:24:25.704+08:00 [gateway] ⚠️  Gateway is binding to a non-loopback address. Ensure authentication is configured before exposing to public networks.
2026-08-10T17:24:25.989+08:00 [health-monitor] started (interval: 300s, startup-grace: 60s, channel-connect-grace: 120s)
2026-08-10T17:24:27.571+08:00 [gateway] [plugins] duplicate plugin id resolved by explicit config-selected plugin; global plugin will be overridden by config plugin (D:\project\LXUP\runtime\openclaw-home\plugins\deepseek\node_modules\@openclaw\deepseek-provider\dist\index.js) (plugin=deepseek, source=D:\project\LXUP\runtime\openclaw-home\npm\projects\openclaw-deepseek-provider-2481ed984b\node_modules\@openclaw\deepseek-provider\dist\index.js)
2026-08-10T17:24:27.574+08:00 [gateway] [plugins] duplicate plugin id resolved by explicit config-selected plugin; global plugin will be overridden by config plugin (D:\project\LXUP\runtime\openclaw-home\plugins\weixin\node_modules\@tencent-weixin\openclaw-weixin\dist\index.js) (plugin=openclaw-weixin, source=D:\project\LXUP\runtime\openclaw-home\npm\projects\tencent-weixin-openclaw-weixin-7783ac86ba\node_modules\@tencent-weixin\openclaw-weixin\dist\index.js)
2026-08-10T17:24:27.577+08:00 [gateway] [plugins] duplicate plugin id resolved by explicit config-selected plugin; global plugin will be overridden by config plugin (D:\project\LXUP\runtime\openclaw-home\plugins\qqbot\node_modules\@openclaw\qqbot\dist\index.js) (plugin=qqbot, source=D:\project\LXUP\runtime\openclaw-home\npm\projects\openclaw-qqbot-d3553f72f8\node_modules\@openclaw\qqbot\dist\index.js)
2026-08-10T17:24:27.592+08:00 [gateway] [plugins] duplicate plugin id resolved by explicit config-selected plugin; global plugin will be overridden by config plugin (D:\project\LXUP\runtime\openclaw-home\plugins\wecom\node_modules\@wecom\wecom-openclaw-plugin\dist\index.js) (plugin=wecom-openclaw-plugin, source=D:\project\LXUP\runtime\openclaw-home\npm\projects\wecom-wecom-openclaw-plugin-18f843d908\node_modules\@wecom\wecom-openclaw-plugin\dist\index.js)
2026-08-10T17:24:27.616+08:00 [gateway] agent model: openai/gpt-5.5 (thinking=medium, fast=off)
2026-08-10T17:24:27.618+08:00 [gateway] http server listening (11 plugins: browser, canvas, device-pair, file-transfer, memory-core, ollama, openclaw-weixin, phone-control, qqbot, talk-voice, wecom-openclaw-plugin; 2.7s)
2026-08-10T17:24:27.620+08:00 [gateway] log file: C:\Users\Administrator\AppData\Local\Temp\openclaw\openclaw-2026-08-10.log
2026-08-10T17:24:27.844+08:00 [gateway] security warning: dangerous config flags enabled: gateway.controlUi.dangerouslyDisableDeviceAuth=true. Run `openclaw security audit`.
2026-08-10T17:24:27.847+08:00 [gateway] starting channels and sidecars...
2026-08-10T17:24:27.918+08:00 [gateway] ready
2026-08-10T17:24:27.937+08:00 [heartbeat] started
2026-08-10T17:24:34.628+08:00 [ws] webchat connected conn=ef118f61-b24b-4e81-8e35-aba55de52174 remote=127.0.0.1 client=openclaw-control-ui webchat v1.0.0
2026-08-10T17:24:38.339+08:00 [gateway] agent runtime plugins pre-warmed in 404ms
2026-08-10T17:26:05.394+08:00 [ws] webchat connected conn=a6e3dce7-7c1e-455c-915e-be5d7cba6ded remote=127.0.0.1 client=openclaw-control-ui webchat v1.0.0
2026-08-10T17:26:13.897+08:00 [ws] webchat connected conn=4d7d3225-65fd-4319-a48c-6e3038fa82be remote=127.0.0.1 client=openclaw-control-ui webchat v1.0.0
2026-08-10T17:26:23.336+08:00 [ws] webchat disconnected code=1001 reason=n/a conn=ef118f61-b24b-4e81-8e35-aba55de52174
2026-08-10T17:26:24.081+08:00 [ws] webchat disconnected code=1001 reason=n/a conn=a6e3dce7-7c1e-455c-915e-be5d7cba6ded
2026-08-10T17:26:47.090+08:00 [ws] webchat disconnected code=1001 reason=n/a conn=4d7d3225-65fd-4319-a48c-6e3038fa82be
2026-08-10T17:26:50.161+08:00 [ws] webchat connected conn=1547221f-5508-4c2d-addf-451b1dbf0d49 remote=127.0.0.1 client=openclaw-control-ui webchat v1.0.0
2026-08-10T17:26:52.217+08:00 [ws] webchat disconnected code=1001 reason=n/a conn=1547221f-5508-4c2d-addf-451b1dbf0d49
|
o  Config warnings -----------------------------------------------------------------------------------------------------+
|                                                                                                                       |
|  - plugins.entries.deepseek: plugin deepseek: duplicate plugin id                                                     |
|    resolved by explicit config-selected plugin; global plugin will be                                                 |
|    overridden by config plugin                                                                                        |
|    (D:\project\LXUP\runtime\openclaw-home\plugins\deepseek\node_modules\@openclaw\deepseek-provider\dist\index.js)    |
|  - plugins.entries.openclaw-weixin: plugin openclaw-weixin: duplicate                                                 |
|    plugin id resolved by explicit config-selected plugin; global plugin                                               |
|    will be overridden by config plugin                                                                                |
|    (D:\project\LXUP\runtime\openclaw-home\plugins\weixin\node_modules\@tencent-weixin\openclaw-weixin\dist\index.js)  |
|  - plugins.entries.qqbot: plugin qqbot: duplicate plugin id resolved by                                               |
|    explicit config-selected plugin; global plugin will be overridden by                                               |
|    config plugin                                                                                                      |
|    (D:\project\LXUP\runtime\openclaw-home\plugins\qqbot\node_modules\@openclaw\qqbot\dist\index.js)                   |
|  - plugins.entries.wecom-openclaw-plugin: plugin wecom-openclaw-plugin:                                               |
|    duplicate plugin id resolved by explicit config-selected plugin;                                                   |
|    global plugin will be overridden by config plugin                                                                  |
|    (D:\project\LXUP\runtime\openclaw-home\plugins\wecom\node_modules\@wecom\wecom-openclaw-plugin\dist\index.js)      |
|                                                                                                                       |
+-----------------------------------------------------------------------------------------------------------------------+
2026-08-10T17:27:31.646+08:00 [gateway] loading configuration…
2026-08-10T17:27:31.814+08:00 [gateway] force: no listeners on port 18789
2026-08-10T17:27:31.819+08:00 [gateway] resolving authentication…
2026-08-10T17:27:31.830+08:00 [gateway] starting...
2026-08-10T17:27:32.890+08:00 [gateway] starting HTTP server...
2026-08-10T17:27:32.893+08:00 [gateway] ⚠️  Gateway is binding to a non-loopback address. Ensure authentication is configured before exposing to public networks.
2026-08-10T17:27:33.180+08:00 [health-monitor] started (interval: 300s, startup-grace: 60s, channel-connect-grace: 120s)
2026-08-10T17:27:34.735+08:00 [gateway] [plugins] duplicate plugin id resolved by explicit config-selected plugin; global plugin will be overridden by config plugin (D:\project\LXUP\runtime\openclaw-home\plugins\deepseek\node_modules\@openclaw\deepseek-provider\dist\index.js) (plugin=deepseek, source=D:\project\LXUP\runtime\openclaw-home\npm\projects\openclaw-deepseek-provider-2481ed984b\node_modules\@openclaw\deepseek-provider\dist\index.js)
2026-08-10T17:27:34.737+08:00 [gateway] [plugins] duplicate plugin id resolved by explicit config-selected plugin; global plugin will be overridden by config plugin (D:\project\LXUP\runtime\openclaw-home\plugins\weixin\node_modules\@tencent-weixin\openclaw-weixin\dist\index.js) (plugin=openclaw-weixin, source=D:\project\LXUP\runtime\openclaw-home\npm\projects\tencent-weixin-openclaw-weixin-7783ac86ba\node_modules\@tencent-weixin\openclaw-weixin\dist\index.js)
2026-08-10T17:27:34.740+08:00 [gateway] [plugins] duplicate plugin id resolved by explicit config-selected plugin; global plugin will be overridden by config plugin (D:\project\LXUP\runtime\openclaw-home\plugins\qqbot\node_modules\@openclaw\qqbot\dist\index.js) (plugin=qqbot, source=D:\project\LXUP\runtime\openclaw-home\npm\projects\openclaw-qqbot-d3553f72f8\node_modules\@openclaw\qqbot\dist\index.js)
2026-08-10T17:27:34.752+08:00 [gateway] [plugins] duplicate plugin id resolved by explicit config-selected plugin; global plugin will be overridden by config plugin (D:\project\LXUP\runtime\openclaw-home\plugins\wecom\node_modules\@wecom\wecom-openclaw-plugin\dist\index.js) (plugin=wecom-openclaw-plugin, source=D:\project\LXUP\runtime\openclaw-home\npm\projects\wecom-wecom-openclaw-plugin-18f843d908\node_modules\@wecom\wecom-openclaw-plugin\dist\index.js)
2026-08-10T17:27:34.776+08:00 [gateway] agent model: openai/gpt-5.5 (thinking=medium, fast=off)
2026-08-10T17:27:34.778+08:00 [gateway] http server listening (11 plugins: browser, canvas, device-pair, file-transfer, memory-core, ollama, openclaw-weixin, phone-control, qqbot, talk-voice, wecom-openclaw-plugin; 2.7s)
2026-08-10T17:27:34.780+08:00 [gateway] log file: C:\Users\Administrator\AppData\Local\Temp\openclaw\openclaw-2026-08-10.log
2026-08-10T17:27:34.997+08:00 [gateway] security warning: dangerous config flags enabled: gateway.controlUi.dangerouslyDisableDeviceAuth=true. Run `openclaw security audit`.
2026-08-10T17:27:35.000+08:00 [gateway] starting channels and sidecars...
2026-08-10T17:27:35.068+08:00 [gateway] ready
2026-08-10T17:27:35.086+08:00 [heartbeat] started
2026-08-10T17:27:45.503+08:00 [gateway] agent runtime plugins pre-warmed in 423ms
|
o  Config warnings -----------------------------------------------------------------------------------------------------+
|                                                                                                                       |
|  - plugins.entries.deepseek: plugin deepseek: duplicate plugin id                                                     |
|    resolved by explicit config-selected plugin; global plugin will be                                                 |
|    overridden by config plugin                                                                                        |
|    (D:\project\LXUP\runtime\openclaw-home\plugins\deepseek\node_modules\@openclaw\deepseek-provider\dist\index.js)    |
|  - plugins.entries.openclaw-weixin: plugin openclaw-weixin: duplicate                                                 |
|    plugin id resolved by explicit config-selected plugin; global plugin                                               |
|    will be overridden by config plugin                                                                                |
|    (D:\project\LXUP\runtime\openclaw-home\plugins\weixin\node_modules\@tencent-weixin\openclaw-weixin\dist\index.js)  |
|  - plugins.entries.qqbot: plugin qqbot: duplicate plugin id resolved by                                               |
|    explicit config-selected plugin; global plugin will be overridden by                                               |
|    config plugin                                                                                                      |
|    (D:\project\LXUP\runtime\openclaw-home\plugins\qqbot\node_modules\@openclaw\qqbot\dist\index.js)                   |
|  - plugins.entries.wecom-openclaw-plugin: plugin wecom-openclaw-plugin:                                               |
|    duplicate plugin id resolved by explicit config-selected plugin;                                                   |
|    global plugin will be overridden by config plugin                                                                  |
|    (D:\project\LXUP\runtime\openclaw-home\plugins\wecom\node_modules\@wecom\wecom-openclaw-plugin\dist\index.js)      |
|                                                                                                                       |
+-----------------------------------------------------------------------------------------------------------------------+
2026-08-10T17:29:26.527+08:00 [gateway] loading configuration…
2026-08-10T17:29:26.690+08:00 [gateway] force: no listeners on port 18789
2026-08-10T17:29:26.695+08:00 [gateway] resolving authentication…
2026-08-10T17:29:26.707+08:00 [gateway] starting...
2026-08-10T17:29:27.733+08:00 [gateway] starting HTTP server...
2026-08-10T17:29:27.736+08:00 [gateway] ⚠️  Gateway is binding to a non-loopback address. Ensure authentication is configured before exposing to public networks.
2026-08-10T17:29:28.020+08:00 [health-monitor] started (interval: 300s, startup-grace: 60s, channel-connect-grace: 120s)
2026-08-10T17:29:29.571+08:00 [gateway] [plugins] duplicate plugin id resolved by explicit config-selected plugin; global plugin will be overridden by config plugin (D:\project\LXUP\runtime\openclaw-home\plugins\deepseek\node_modules\@openclaw\deepseek-provider\dist\index.js) (plugin=deepseek, source=D:\project\LXUP\runtime\openclaw-home\npm\projects\openclaw-deepseek-provider-2481ed984b\node_modules\@openclaw\deepseek-provider\dist\index.js)
2026-08-10T17:29:29.574+08:00 [gateway] [plugins] duplicate plugin id resolved by explicit config-selected plugin; global plugin will be overridden by config plugin (D:\project\LXUP\runtime\openclaw-home\plugins\weixin\node_modules\@tencent-weixin\openclaw-weixin\dist\index.js) (plugin=openclaw-weixin, source=D:\project\LXUP\runtime\openclaw-home\npm\projects\tencent-weixin-openclaw-weixin-7783ac86ba\node_modules\@tencent-weixin\openclaw-weixin\dist\index.js)
2026-08-10T17:29:29.577+08:00 [gateway] [plugins] duplicate plugin id resolved by explicit config-selected plugin; global plugin will be overridden by config plugin (D:\project\LXUP\runtime\openclaw-home\plugins\qqbot\node_modules\@openclaw\qqbot\dist\index.js) (plugin=qqbot, source=D:\project\LXUP\runtime\openclaw-home\npm\projects\openclaw-qqbot-d3553f72f8\node_modules\@openclaw\qqbot\dist\index.js)
2026-08-10T17:29:29.589+08:00 [gateway] [plugins] duplicate plugin id resolved by explicit config-selected plugin; global plugin will be overridden by config plugin (D:\project\LXUP\runtime\openclaw-home\plugins\wecom\node_modules\@wecom\wecom-openclaw-plugin\dist\index.js) (plugin=wecom-openclaw-plugin, source=D:\project\LXUP\runtime\openclaw-home\npm\projects\wecom-wecom-openclaw-plugin-18f843d908\node_modules\@wecom\wecom-openclaw-plugin\dist\index.js)
2026-08-10T17:29:29.612+08:00 [gateway] agent model: openai/gpt-5.5 (thinking=medium, fast=off)
2026-08-10T17:29:29.614+08:00 [gateway] http server listening (11 plugins: browser, canvas, device-pair, file-transfer, memory-core, ollama, openclaw-weixin, phone-control, qqbot, talk-voice, wecom-openclaw-plugin; 2.6s)
2026-08-10T17:29:29.616+08:00 [gateway] log file: C:\Users\Administrator\AppData\Local\Temp\openclaw\openclaw-2026-08-10.log
2026-08-10T17:29:29.832+08:00 [gateway] security warning: dangerous config flags enabled: gateway.controlUi.dangerouslyDisableDeviceAuth=true. Run `openclaw security audit`.
2026-08-10T17:29:29.835+08:00 [gateway] starting channels and sidecars...
2026-08-10T17:29:29.903+08:00 [gateway] ready
2026-08-10T17:29:29.919+08:00 [heartbeat] started
2026-08-10T17:29:35.941+08:00 [ws] webchat connected conn=daec023b-8d33-4fc6-a02c-9590b606f69b remote=127.0.0.1 client=openclaw-control-ui webchat v1.0.0
2026-08-10T17:29:40.330+08:00 [gateway] agent runtime plugins pre-warmed in 427ms
2026-08-10T17:29:41.235+08:00 [ws] ⇄ res ✓ sessions.list 166ms conn=daec023b…f69b id=r5-lbo50o
2026-08-10T17:29:42.086+08:00 [ws] ⇄ res ✓ skills.status 849ms conn=daec023b…f69b id=r7-24rq4n
2026-08-10T17:29:42.296+08:00 [ws] ⇄ res ✓ skills.status 207ms conn=daec023b…f69b id=r8-bsxn2u
2026-08-10T17:29:42.892+08:00 [ws] ⇄ res ✓ config.get 803ms conn=daec023b…f69b id=r9-awwgd4
2026-08-10T17:29:42.902+08:00 [ws] ⇄ res ✓ config.get 441ms conn=daec023b…f69b id=r10-5akye6
2026-08-10T17:30:37.155+08:00 [ws] ⇄ res ✓ skills.status 202ms conn=daec023b…f69b id=r16-6j4bo9
2026-08-10T17:30:37.352+08:00 [ws] ⇄ res ✓ skills.status 194ms conn=daec023b…f69b id=r17-on7hzm
2026-08-10T17:30:37.660+08:00 [ws] ⇄ res ✓ config.get 501ms conn=daec023b…f69b id=r18-gmaw2x
2026-08-10T17:30:37.670+08:00 [ws] ⇄ res ✓ config.get 164ms conn=daec023b…f69b id=r19-vsa1sh
2026-08-10T17:30:42.049+08:00 [ws] webchat connected conn=72064ce8-1cb5-42cc-ade6-6b5d7ec5357c remote=127.0.0.1 client=openclaw-control-ui webchat vdev
2026-08-10T17:30:42.307+08:00 [ws] ⇄ res ✓ config.get 173ms conn=72064ce8…357c id=e2a030e7…e87c
2026-08-10T17:30:47.330+08:00 [ws] ⇄ res ✓ system.info 763ms conn=72064ce8…357c id=2dc7de91…2dcd
2026-08-10T17:30:58.124+08:00 [ws] ⇄ res ✓ health 66ms cached=true conn=72064ce8…357c id=4729388c…ad0f
2026-08-10T17:30:58.915+08:00 [ws] ⇄ res ✓ status 858ms conn=72064ce8…357c id=c487d97a…cbc4
2026-08-10T17:30:59.695+08:00 [ws] ⇄ res ✓ logs.tail 139ms conn=72064ce8…357c id=8c617bdf…1179
2026-08-10T17:30:59.710+08:00 [ws] ⇄ res ✓ models.list 792ms conn=72064ce8…357c id=2c84a8e8…ccfe
2026-08-10T17:31:04.009+08:00 [ws] ⇄ res ✓ agent.identity.get 135ms conn=72064ce8…357c id=e1d63119…80c9
2026-08-10T17:31:05.144+08:00 [ws] ⇄ res ✓ chat.startup 1269ms conn=72064ce8…357c id=1496518b…d92f
2026-08-10T17:31:05.451+08:00 [ws] ⇄ res ✓ models.authStatus 1577ms conn=72064ce8…357c id=631358e5…46c8
2026-08-10T17:31:05.510+08:00 [ws] ⇄ res ✓ chat.metadata 339ms conn=72064ce8…357c id=e238ed4e…63fc
2026-08-10T17:31:19.533+08:00 [ws] ⇄ res ✓ skills.status 195ms conn=72064ce8…357c id=38029fca…37fb
2026-08-10T17:31:19.540+08:00 [ws] ⇄ res ✓ models.authStatus 198ms cached=true conn=72064ce8…357c id=24f251f6…0157
2026-08-10T17:31:19.545+08:00 [ws] ⇄ res ✓ cron.list 208ms conn=72064ce8…357c id=cf022267…4ece
2026-08-10T17:31:19.565+08:00 [ws] ⇄ res ✓ logs.tail 227ms conn=72064ce8…357c id=252e5d69…b462
2026-08-10T17:31:19.568+08:00 [ws] ⇄ res ✓ sessions.usage 231ms conn=72064ce8…357c id=3331a97e…3896
2026-08-10T17:31:49.550+08:00 [ws] ⇄ res ✓ chat.startup 63ms conn=72064ce8…357c id=f52b11e1…3827
2026-08-10T17:31:49.878+08:00 [ws] ⇄ res ✓ chat.metadata 320ms conn=72064ce8…357c id=6e58cfa6…56fa
2026-08-10T17:31:57.027+08:00 [ws] ⇄ res ✓ device.pair.setupCode 735ms conn=72064ce8…357c id=d067e51d…8663
2026-08-10T17:32:04.053+08:00 [ws] webchat disconnected code=1001 reason=n/a conn=72064ce8-1cb5-42cc-ade6-6b5d7ec5357c
2026-08-10T17:32:12.255+08:00 [ws] ⇄ res ✓ config.get 155ms conn=daec023b…f69b id=r20-k476yl
2026-08-10T17:32:20.574+08:00 [ws] webchat disconnected code=1001 reason=n/a conn=daec023b-8d33-4fc6-a02c-9590b606f69b
2026-08-10T17:42:59.326+08:00 [ws] webchat connected conn=c378e9b6-4db5-4285-8ec4-b34aac82dc29 remote=127.0.0.1 client=openclaw-control-ui webchat v1.0.0
2026-08-10T17:43:01.002+08:00 [ws] ⇄ res ✓ config.get 164ms conn=c378e9b6…dc29 id=r2-rry5jg
2026-08-10T17:43:16.396+08:00 [ws] ⇄ res ✓ skills.status 212ms conn=c378e9b6…dc29 id=r8-mkvqkn
2026-08-10T17:43:16.591+08:00 [ws] ⇄ res ✓ skills.status 193ms conn=c378e9b6…dc29 id=r9-46l667
2026-08-10T17:43:16.902+08:00 [ws] ⇄ res ✓ config.get 502ms conn=c378e9b6…dc29 id=r10-x1vyrl
2026-08-10T17:43:16.911+08:00 [ws] ⇄ res ✓ config.get 169ms conn=c378e9b6…dc29 id=r11-2dkhfs
2026-08-10T17:43:17.777+08:00 [ws] webchat connected conn=f84916a3-7a06-4d0e-bc93-4f0d5eee314f remote=127.0.0.1 client=openclaw-control-ui webchat vdev
2026-08-10T17:43:18.035+08:00 [ws] ⇄ res ✓ config.get 172ms conn=f84916a3…314f id=adbd32b7…43db
2026-08-10T17:43:23.662+08:00 [ws] webchat disconnected code=1001 reason=n/a conn=f84916a3-7a06-4d0e-bc93-4f0d5eee314f
2026-08-10T17:43:24.859+08:00 [ws] webchat connected conn=6e1dfc40-f3dc-4126-8b17-036245e18d0f remote=127.0.0.1 client=openclaw-control-ui webchat vdev
2026-08-10T17:43:25.106+08:00 [ws] ⇄ res ✓ config.get 165ms conn=6e1dfc40…8d0f id=493152ab…e4e8
2026-08-10T17:43:26.314+08:00 [ws] webchat disconnected code=1001 reason=n/a conn=6e1dfc40-f3dc-4126-8b17-036245e18d0f
2026-08-10T17:43:30.292+08:00 [ws] ⇄ res ✓ sessions.list 307ms conn=c378e9b6…dc29 id=r15-xnxwz9
2026-08-10T17:43:30.307+08:00 [ws] ⇄ res ✓ config.get 474ms conn=c378e9b6…dc29 id=r12-sbp7t1
2026-08-10T17:43:30.317+08:00 [ws] ⇄ res ✓ config.get 331ms conn=c378e9b6…dc29 id=r13-xg440x
2026-08-10T17:43:30.326+08:00 [ws] ⇄ res ✓ config.get 341ms conn=c378e9b6…dc29 id=r16-q3o8z2
2026-08-10T17:43:30.860+08:00 [ws] ⇄ res ✓ config.get 155ms conn=c378e9b6…dc29 id=r19-0ar3kd
2026-08-10T17:43:31.464+08:00 [ws] ⇄ res ✓ skills.status 189ms conn=c378e9b6…dc29 id=r25-krb40k
2026-08-10T17:43:31.656+08:00 [ws] ⇄ res ✓ skills.status 188ms conn=c378e9b6…dc29 id=r26-2c1w8e
2026-08-10T17:43:31.961+08:00 [ws] ⇄ res ✓ config.get 493ms conn=c378e9b6…dc29 id=r27-83v9w3
2026-08-10T17:43:31.971+08:00 [ws] ⇄ res ✓ config.get 162ms conn=c378e9b6…dc29 id=r28-vr8ugj
2026-08-10T17:43:34.985+08:00 [ws] ⇄ res ✓ channels.status 157ms conn=c378e9b6…dc29 id=r31-jr38kn
2026-08-10T17:43:34.996+08:00 [ws] ⇄ res ✓ config.get 169ms conn=c378e9b6…dc29 id=r30-s1h6yr
2026-08-10T17:43:49.012+08:00 [ws] webchat disconnected code=1001 reason=n/a conn=c378e9b6-4db5-4285-8ec4-b34aac82dc29
|
o  Config warnings -----------------------------------------------------------------------------------------------------+
|                                                                                                                       |
|  - plugins.entries.deepseek: plugin deepseek: duplicate plugin id                                                     |
|    resolved by explicit config-selected plugin; global plugin will be                                                 |
|    overridden by config plugin                                                                                        |
|    (D:\project\LXUP\runtime\openclaw-home\plugins\deepseek\node_modules\@openclaw\deepseek-provider\dist\index.js)    |
|  - plugins.entries.openclaw-weixin: plugin openclaw-weixin: duplicate                                                 |
|    plugin id resolved by explicit config-selected plugin; global plugin                                               |
|    will be overridden by config plugin                                                                                |
|    (D:\project\LXUP\runtime\openclaw-home\plugins\weixin\node_modules\@tencent-weixin\openclaw-weixin\dist\index.js)  |
|  - plugins.entries.qqbot: plugin qqbot: duplicate plugin id resolved by                                               |
|    explicit config-selected plugin; global plugin will be overridden by                                               |
|    config plugin                                                                                                      |
|    (D:\project\LXUP\runtime\openclaw-home\plugins\qqbot\node_modules\@openclaw\qqbot\dist\index.js)                   |
|  - plugins.entries.wecom-openclaw-plugin: plugin wecom-openclaw-plugin:                                               |
|    duplicate plugin id resolved by explicit config-selected plugin;                                                   |
|    global plugin will be overridden by config plugin                                                                  |
|    (D:\project\LXUP\runtime\openclaw-home\plugins\wecom\node_modules\@wecom\wecom-openclaw-plugin\dist\index.js)      |
|                                                                                                                       |
+-----------------------------------------------------------------------------------------------------------------------+
2026-08-11T09:01:55.782+08:00 [gateway] loading configuration…
2026-08-11T09:01:55.954+08:00 [gateway] force: no listeners on port 18789
2026-08-11T09:01:55.959+08:00 [gateway] resolving authentication…
2026-08-11T09:01:55.971+08:00 [gateway] starting...
2026-08-11T09:01:56.985+08:00 [gateway] starting HTTP server...
2026-08-11T09:01:56.988+08:00 [gateway] ⚠️  Gateway is binding to a non-loopback address. Ensure authentication is configured before exposing to public networks.
2026-08-11T09:01:57.270+08:00 [health-monitor] started (interval: 300s, startup-grace: 60s, channel-connect-grace: 120s)
2026-08-11T09:01:58.801+08:00 [gateway] [plugins] duplicate plugin id resolved by explicit config-selected plugin; global plugin will be overridden by config plugin (D:\project\LXUP\runtime\openclaw-home\plugins\deepseek\node_modules\@openclaw\deepseek-provider\dist\index.js) (plugin=deepseek, source=D:\project\LXUP\runtime\openclaw-home\npm\projects\openclaw-deepseek-provider-2481ed984b\node_modules\@openclaw\deepseek-provider\dist\index.js)
2026-08-11T09:01:58.804+08:00 [gateway] [plugins] duplicate plugin id resolved by explicit config-selected plugin; global plugin will be overridden by config plugin (D:\project\LXUP\runtime\openclaw-home\plugins\weixin\node_modules\@tencent-weixin\openclaw-weixin\dist\index.js) (plugin=openclaw-weixin, source=D:\project\LXUP\runtime\openclaw-home\npm\projects\tencent-weixin-openclaw-weixin-7783ac86ba\node_modules\@tencent-weixin\openclaw-weixin\dist\index.js)
2026-08-11T09:01:58.806+08:00 [gateway] [plugins] duplicate plugin id resolved by explicit config-selected plugin; global plugin will be overridden by config plugin (D:\project\LXUP\runtime\openclaw-home\plugins\qqbot\node_modules\@openclaw\qqbot\dist\index.js) (plugin=qqbot, source=D:\project\LXUP\runtime\openclaw-home\npm\projects\openclaw-qqbot-d3553f72f8\node_modules\@openclaw\qqbot\dist\index.js)
2026-08-11T09:01:58.808+08:00 [gateway] [plugins] duplicate plugin id resolved by explicit config-selected plugin; global plugin will be overridden by config plugin (D:\project\LXUP\runtime\openclaw-home\plugins\wecom\node_modules\@wecom\wecom-openclaw-plugin\dist\index.js) (plugin=wecom-openclaw-plugin, source=D:\project\LXUP\runtime\openclaw-home\npm\projects\wecom-wecom-openclaw-plugin-18f843d908\node_modules\@wecom\wecom-openclaw-plugin\dist\index.js)
2026-08-11T09:01:58.841+08:00 [gateway] agent model: openai/gpt-5.5 (thinking=medium, fast=off)
2026-08-11T09:01:58.843+08:00 [gateway] http server listening (11 plugins: browser, canvas, device-pair, file-transfer, memory-core, ollama, openclaw-weixin, phone-control, qqbot, talk-voice, wecom-openclaw-plugin; 2.6s)
2026-08-11T09:01:58.845+08:00 [gateway] log file: C:\Users\Administrator\AppData\Local\Temp\openclaw\openclaw-2026-08-11.log
2026-08-11T09:01:59.065+08:00 [gateway] security warning: dangerous config flags enabled: gateway.controlUi.dangerouslyDisableDeviceAuth=true. Run `openclaw security audit`.
2026-08-11T09:01:59.067+08:00 [gateway] starting channels and sidecars...
2026-08-11T09:01:59.135+08:00 [gateway] ready
2026-08-11T09:01:59.160+08:00 [heartbeat] started
2026-08-11T09:02:06.158+08:00 [ws] webchat connected conn=37ad068c-ab5a-4ab2-a258-31406a44e2d7 remote=127.0.0.1 client=openclaw-control-ui webchat v1.0.0
2026-08-11T09:02:08.138+08:00 [ws] ⇄ res ✓ config.get 496ms conn=37ad068c…e2d7 id=r3-w2kmsr
2026-08-11T09:02:08.145+08:00 [ws] ⇄ res ✓ agents.list 505ms conn=37ad068c…e2d7 id=r2-6pfwm8
2026-08-11T09:02:09.499+08:00 [gateway] agent runtime plugins pre-warmed in 362ms
2026-08-11T09:02:34.246+08:00 [ws] webchat disconnected code=1001 reason=n/a conn=37ad068c-ab5a-4ab2-a258-31406a44e2d7
2026-08-11T09:02:35.920+08:00 [ws] webchat connected conn=decbe56a-53ac-460f-88b0-52f3e2aebe37 remote=127.0.0.1 client=openclaw-control-ui webchat v1.0.0
2026-08-11T09:03:27.972+08:00 [ws] ⇄ res ✓ sessions.list 169ms conn=decbe56a…be37 id=r11-uwktrs
2026-08-11T09:03:27.975+08:00 [ws] ⇄ res ✓ sessions.list 172ms conn=decbe56a…be37 id=r12-yagh8d
2026-08-11T09:03:28.774+08:00 [ws] ⇄ res ✓ skills.status 797ms conn=decbe56a…be37 id=r13-kv7stc
2026-08-11T09:03:28.955+08:00 [ws] ⇄ res ✓ skills.status 978ms conn=decbe56a…be37 id=r14-ku835k
2026-08-11T09:03:29.257+08:00 [ws] ⇄ res ✓ config.get 298ms conn=decbe56a…be37 id=r16-uejlmg
2026-08-11T09:03:29.267+08:00 [ws] ⇄ res ✓ config.get 308ms conn=decbe56a…be37 id=r15-p9odk4
2026-08-11T09:03:36.921+08:00 [ws] ⇄ res ✓ config.get 158ms conn=decbe56a…be37 id=r17-gqu93y
2026-08-11T09:03:38.135+08:00 [ws] ⇄ res ✓ config.get 156ms conn=decbe56a…be37 id=r18-4tuia2
2026-08-11T09:03:38.513+08:00 [ws] ⇄ res ✓ skills.status 188ms conn=decbe56a…be37 id=r21-bumrp7
2026-08-11T09:03:39.545+08:00 [ws] webchat disconnected code=1001 reason=n/a conn=decbe56a-53ac-460f-88b0-52f3e2aebe37
2026-08-11T09:03:47.070+08:00 [browser/extension-relay] extension relay for profile "chrome" listening on 127.0.0.1:18799
2026-08-11T09:03:47.072+08:00 [browser/service] Browser control service ready (profiles=3)
2026-08-11T09:03:47.113+08:00 [ws] ⇄ res ✓ browser.request 303ms conn=7a824812…630f id=51c10cec…2f77
2026-08-11T09:03:47.697+08:00 [ws] ⇄ res ✓ browser.request 474ms conn=3f183716…d3a3 id=266cca95…fcfa
|
o  Config warnings -----------------------------------------------------------------------------------------------------+
|                                                                                                                       |
|  - plugins.entries.deepseek: plugin deepseek: duplicate plugin id                                                     |
|    resolved by explicit config-selected plugin; global plugin will be                                                 |
|    overridden by config plugin                                                                                        |
|    (D:\project\LXUP\runtime\openclaw-home\plugins\deepseek\node_modules\@openclaw\deepseek-provider\dist\index.js)    |
|  - plugins.entries.openclaw-weixin: plugin openclaw-weixin: duplicate                                                 |
|    plugin id resolved by explicit config-selected plugin; global plugin                                               |
|    will be overridden by config plugin                                                                                |
|    (D:\project\LXUP\runtime\openclaw-home\plugins\weixin\node_modules\@tencent-weixin\openclaw-weixin\dist\index.js)  |
|  - plugins.entries.qqbot: plugin qqbot: duplicate plugin id resolved by                                               |
|    explicit config-selected plugin; global plugin will be overridden by                                               |
|    config plugin                                                                                                      |
|    (D:\project\LXUP\runtime\openclaw-home\plugins\qqbot\node_modules\@openclaw\qqbot\dist\index.js)                   |
|  - plugins.entries.wecom-openclaw-plugin: plugin wecom-openclaw-plugin:                                               |
|    duplicate plugin id resolved by explicit config-selected plugin;                                                   |
|    global plugin will be overridden by config plugin                                                                  |
|    (D:\project\LXUP\runtime\openclaw-home\plugins\wecom\node_modules\@wecom\wecom-openclaw-plugin\dist\index.js)      |
|                                                                                                                       |
+-----------------------------------------------------------------------------------------------------------------------+
2026-08-11T10:03:00.934+08:00 [gateway] loading configuration…
2026-08-11T10:03:01.100+08:00 [gateway] force: no listeners on port 18789
2026-08-11T10:03:01.105+08:00 [gateway] resolving authentication…
2026-08-11T10:03:01.117+08:00 [gateway] starting...
2026-08-11T10:03:02.136+08:00 [gateway] starting HTTP server...
2026-08-11T10:03:02.139+08:00 [gateway] ⚠️  Gateway is binding to a non-loopback address. Ensure authentication is configured before exposing to public networks.
2026-08-11T10:03:02.418+08:00 [health-monitor] started (interval: 300s, startup-grace: 60s, channel-connect-grace: 120s)
2026-08-11T10:03:03.972+08:00 [gateway] [plugins] duplicate plugin id resolved by explicit config-selected plugin; global plugin will be overridden by config plugin (D:\project\LXUP\runtime\openclaw-home\plugins\deepseek\node_modules\@openclaw\deepseek-provider\dist\index.js) (plugin=deepseek, source=D:\project\LXUP\runtime\openclaw-home\npm\projects\openclaw-deepseek-provider-2481ed984b\node_modules\@openclaw\deepseek-provider\dist\index.js)
2026-08-11T10:03:03.974+08:00 [gateway] [plugins] duplicate plugin id resolved by explicit config-selected plugin; global plugin will be overridden by config plugin (D:\project\LXUP\runtime\openclaw-home\plugins\weixin\node_modules\@tencent-weixin\openclaw-weixin\dist\index.js) (plugin=openclaw-weixin, source=D:\project\LXUP\runtime\openclaw-home\npm\projects\tencent-weixin-openclaw-weixin-7783ac86ba\node_modules\@tencent-weixin\openclaw-weixin\dist\index.js)
2026-08-11T10:03:03.977+08:00 [gateway] [plugins] duplicate plugin id resolved by explicit config-selected plugin; global plugin will be overridden by config plugin (D:\project\LXUP\runtime\openclaw-home\plugins\qqbot\node_modules\@openclaw\qqbot\dist\index.js) (plugin=qqbot, source=D:\project\LXUP\runtime\openclaw-home\npm\projects\openclaw-qqbot-d3553f72f8\node_modules\@openclaw\qqbot\dist\index.js)
2026-08-11T10:03:03.979+08:00 [gateway] [plugins] duplicate plugin id resolved by explicit config-selected plugin; global plugin will be overridden by config plugin (D:\project\LXUP\runtime\openclaw-home\plugins\wecom\node_modules\@wecom\wecom-openclaw-plugin\dist\index.js) (plugin=wecom-openclaw-plugin, source=D:\project\LXUP\runtime\openclaw-home\npm\projects\wecom-wecom-openclaw-plugin-18f843d908\node_modules\@wecom\wecom-openclaw-plugin\dist\index.js)
2026-08-11T10:03:04.011+08:00 [gateway] agent model: openai/gpt-5.5 (thinking=medium, fast=off)
2026-08-11T10:03:04.013+08:00 [gateway] http server listening (11 plugins: browser, canvas, device-pair, file-transfer, memory-core, ollama, openclaw-weixin, phone-control, qqbot, talk-voice, wecom-openclaw-plugin; 2.6s)
2026-08-11T10:03:04.015+08:00 [gateway] log file: C:\Users\Administrator\AppData\Local\Temp\openclaw\openclaw-2026-08-11.log
2026-08-11T10:03:04.229+08:00 [gateway] security warning: dangerous config flags enabled: gateway.controlUi.dangerouslyDisableDeviceAuth=true. Run `openclaw security audit`.
2026-08-11T10:03:04.231+08:00 [gateway] starting channels and sidecars...
2026-08-11T10:03:04.298+08:00 [gateway] ready
2026-08-11T10:03:04.315+08:00 [heartbeat] started
2026-08-11T10:03:10.351+08:00 [ws] webchat connected conn=a8d20cf9-ab1b-4549-a4ac-b660c4aa4f2e remote=127.0.0.1 client=openclaw-control-ui webchat v1.0.0
2026-08-11T10:03:12.660+08:00 [ws] ⇄ res ✓ skills.status 780ms conn=a8d20cf9…4f2e id=r4-uki60s
2026-08-11T10:03:12.665+08:00 [ws] ⇄ res ✓ agents.list 818ms conn=a8d20cf9…4f2e id=r2-27eato
2026-08-11T10:03:14.663+08:00 [gateway] agent runtime plugins pre-warmed in 364ms
2026-08-11T10:03:23.254+08:00 [ws] webchat disconnected code=1001 reason=n/a conn=a8d20cf9-ab1b-4549-a4ac-b660c4aa4f2e
2026-08-11T10:05:00.373+08:00 [ws] webchat connected conn=15e00fdb-242d-4c7d-b2b0-2bc749b23e3d remote=127.0.0.1 client=openclaw-control-ui webchat v1.0.0
2026-08-11T10:05:04.912+08:00 [ws] ⇄ res ✓ sessions.list 178ms conn=15e00fdb…3e3d id=r5-xz8ijk
2026-08-11T10:05:04.916+08:00 [ws] ⇄ res ✓ sessions.list 182ms conn=15e00fdb…3e3d id=r6-zqfwp3
2026-08-11T10:05:05.133+08:00 [ws] ⇄ res ✓ skills.status 210ms conn=15e00fdb…3e3d id=r7-ja99bl
2026-08-11T10:05:05.328+08:00 [ws] ⇄ res ✓ skills.status 405ms conn=15e00fdb…3e3d id=r8-4tdg5z
2026-08-11T10:05:06.074+08:00 [ws] ⇄ res ✓ config.get 743ms conn=15e00fdb…3e3d id=r10-gic2ip
2026-08-11T10:05:06.083+08:00 [ws] ⇄ res ✓ config.get 753ms conn=15e00fdb…3e3d id=r9-tf3kwg
2026-08-11T10:05:06.092+08:00 [ws] ⇄ res ✓ config.get 413ms conn=15e00fdb…3e3d id=r11-2kp4im
2026-08-11T10:05:06.099+08:00 [ws] ⇄ res ✓ logs.tail 1376ms conn=15e00fdb…3e3d id=r3-iiirre
2026-08-11T10:37:22.107+08:00 [ws] webchat disconnected code=1001 reason=n/a conn=15e00fdb-242d-4c7d-b2b0-2bc749b23e3d
2026-08-11T10:37:22.522+08:00 [ws] webchat connected conn=e40dc18c-2f7f-4bd5-a23f-280baa024919 remote=127.0.0.1 client=openclaw-control-ui webchat v1.0.0
2026-08-11T10:37:22.781+08:00 [ws] ⇄ res ✓ config.get 172ms conn=e40dc18c…4919 id=r2-0z21pv
2026-08-11T10:37:50.812+08:00 [ws] webchat disconnected code=1001 reason=n/a conn=e40dc18c-2f7f-4bd5-a23f-280baa024919
2026-08-11T10:37:51.256+08:00 [ws] webchat connected conn=1a20625b-efad-4946-8804-40a5c303901d remote=127.0.0.1 client=openclaw-control-ui webchat v1.0.0
2026-08-11T10:37:51.537+08:00 [ws] ⇄ res ✓ config.get 177ms conn=1a20625b…901d id=r2-mwbj9k
2026-08-11T10:38:57.105+08:00 [ws] webchat disconnected code=1001 reason=n/a conn=1a20625b-efad-4946-8804-40a5c303901d
2026-08-11T10:38:57.544+08:00 [ws] webchat connected conn=2825d383-41bf-493c-8003-63a86a4148b9 remote=127.0.0.1 client=openclaw-control-ui webchat v1.0.0
2026-08-11T10:38:57.864+08:00 [ws] ⇄ res ✓ config.get 216ms conn=2825d383…48b9 id=r2-rbhqwl
2026-08-11T10:39:22.792+08:00 [ws] webchat disconnected code=1001 reason=n/a conn=2825d383-41bf-493c-8003-63a86a4148b9
2026-08-11T10:39:23.176+08:00 [ws] webchat connected conn=be5748c7-0298-4190-b1f3-c030a2c10529 remote=127.0.0.1 client=openclaw-control-ui webchat v1.0.0
2026-08-11T10:39:23.418+08:00 [ws] ⇄ res ✓ config.get 158ms conn=be5748c7…0529 id=r2-06sqjy
2026-08-11T10:39:56.795+08:00 [ws] webchat disconnected code=1001 reason=n/a conn=be5748c7-0298-4190-b1f3-c030a2c10529
2026-08-11T10:39:57.214+08:00 [ws] webchat connected conn=b6e8924e-75c7-4672-912b-85a0ad8a8bad remote=127.0.0.1 client=openclaw-control-ui webchat v1.0.0
2026-08-11T10:39:57.528+08:00 [ws] ⇄ res ✓ config.get 212ms conn=b6e8924e…8bad id=r2-6qmt3v
2026-08-11T10:40:16.409+08:00 [ws] webchat disconnected code=1001 reason=n/a conn=b6e8924e-75c7-4672-912b-85a0ad8a8bad
2026-08-11T10:40:16.773+08:00 [ws] webchat connected conn=ccd07a3d-2919-495e-bb54-5915f478469f remote=127.0.0.1 client=openclaw-control-ui webchat v1.0.0
2026-08-11T10:40:17.090+08:00 [ws] ⇄ res ✓ config.get 215ms conn=ccd07a3d…469f id=r2-rl0hcv
2026-08-11T10:40:22.710+08:00 [ws] webchat disconnected code=1001 reason=n/a conn=ccd07a3d-2919-495e-bb54-5915f478469f
2026-08-11T10:40:23.078+08:00 [ws] webchat connected conn=a4350fbb-7485-4bd2-9ea1-f1b907318797 remote=127.0.0.1 client=openclaw-control-ui webchat v1.0.0
2026-08-11T10:40:23.343+08:00 [ws] ⇄ res ✓ config.get 177ms conn=a4350fbb…8797 id=r2-z45vjd
2026-08-11T10:40:26.559+08:00 [ws] webchat disconnected code=1001 reason=n/a conn=a4350fbb-7485-4bd2-9ea1-f1b907318797
2026-08-11T10:40:26.936+08:00 [ws] webchat connected conn=025c4ec9-f1dc-4355-956e-64ac3282d2f9 remote=127.0.0.1 client=openclaw-control-ui webchat v1.0.0
2026-08-11T10:40:27.235+08:00 [ws] ⇄ res ✓ config.get 195ms conn=025c4ec9…d2f9 id=r2-g0znzu
2026-08-11T10:40:54.719+08:00 [ws] webchat disconnected code=1001 reason=n/a conn=025c4ec9-f1dc-4355-956e-64ac3282d2f9
2026-08-11T10:40:55.097+08:00 [ws] webchat connected conn=a72c59b8-ec85-4c04-86fe-9f6277d6b418 remote=127.0.0.1 client=openclaw-control-ui webchat v1.0.0
2026-08-11T10:40:55.329+08:00 [ws] ⇄ res ✓ config.get 151ms conn=a72c59b8…b418 id=r2-fc449f
2026-08-11T10:42:01.090+08:00 [ws] webchat disconnected code=1001 reason=n/a conn=a72c59b8-ec85-4c04-86fe-9f6277d6b418
2026-08-11T10:42:01.471+08:00 [ws] webchat connected conn=ef4c8e84-d4f8-44fd-a964-dc6502f2bd85 remote=127.0.0.1 client=openclaw-control-ui webchat v1.0.0
2026-08-11T10:42:01.715+08:00 [ws] ⇄ res ✓ config.get 159ms conn=ef4c8e84…bd85 id=r2-6uaciq
2026-08-11T10:42:25.796+08:00 [ws] webchat disconnected code=1001 reason=n/a conn=ef4c8e84-d4f8-44fd-a964-dc6502f2bd85
2026-08-11T10:42:26.175+08:00 [ws] webchat connected conn=730c6969-30b2-4880-aed2-8c73e1742327 remote=127.0.0.1 client=openclaw-control-ui webchat v1.0.0
2026-08-11T10:42:26.481+08:00 [ws] ⇄ res ✓ config.get 201ms conn=730c6969…2327 id=r2-xnolfk
2026-08-11T10:42:43.202+08:00 [ws] webchat disconnected code=1001 reason=n/a conn=730c6969-30b2-4880-aed2-8c73e1742327
2026-08-11T10:42:43.564+08:00 [ws] webchat connected conn=1aa4d5c0-792b-40a8-af69-955a6c5fe246 remote=127.0.0.1 client=openclaw-control-ui webchat v1.0.0
2026-08-11T10:42:43.802+08:00 [ws] ⇄ res ✓ config.get 154ms conn=1aa4d5c0…e246 id=r2-bj80ab
2026-08-11T10:47:11.429+08:00 [ws] webchat disconnected code=1001 reason=n/a conn=1aa4d5c0-792b-40a8-af69-955a6c5fe246
2026-08-11T10:47:11.795+08:00 [ws] webchat connected conn=439893dc-ed8a-44c4-9535-3917bd8faa0b remote=127.0.0.1 client=openclaw-control-ui webchat v1.0.0
2026-08-11T10:47:12.021+08:00 [ws] ⇄ res ✓ config.get 152ms conn=439893dc…aa0b id=r2-gx5fjg
2026-08-11T10:49:14.510+08:00 [ws] webchat disconnected code=1001 reason=n/a conn=439893dc-ed8a-44c4-9535-3917bd8faa0b
2026-08-11T10:49:14.886+08:00 [ws] webchat connected conn=b0b6e898-d0e6-46a9-8582-9cd097a51123 remote=127.0.0.1 client=openclaw-control-ui webchat v1.0.0
2026-08-11T10:49:15.194+08:00 [ws] ⇄ res ✓ config.get 205ms conn=b0b6e898…1123 id=r2-vsqfsm
2026-08-11T10:50:51.432+08:00 [ws] webchat disconnected code=1001 reason=n/a conn=b0b6e898-d0e6-46a9-8582-9cd097a51123
2026-08-11T10:50:51.798+08:00 [ws] webchat connected conn=0c515d17-b6d6-4ebe-8060-0a863cd2f248 remote=127.0.0.1 client=openclaw-control-ui webchat v1.0.0
2026-08-11T10:51:37.948+08:00 [ws] ⇄ res ✓ skills.status 228ms conn=0c515d17…f248 id=r7-wldpyv
2026-08-11T10:51:38.150+08:00 [ws] ⇄ res ✓ skills.status 430ms conn=0c515d17…f248 id=r8-6x06hd
2026-08-11T10:51:38.509+08:00 [ws] ⇄ res ✓ config.get 355ms conn=0c515d17…f248 id=r9-dbnx0b
2026-08-11T10:51:38.522+08:00 [ws] ⇄ res ✓ config.get 369ms conn=0c515d17…f248 id=r10-n6lpgh
2026-08-11T10:51:44.613+08:00 [ws] ⇄ res ✓ skills.status 209ms conn=0c515d17…f248 id=r16-hhcfi5
2026-08-11T10:51:44.808+08:00 [ws] ⇄ res ✓ skills.status 192ms conn=0c515d17…f248 id=r17-elvlmh
2026-08-11T10:51:45.141+08:00 [ws] ⇄ res ✓ config.get 525ms conn=0c515d17…f248 id=r18-t39jk9
2026-08-11T10:51:45.154+08:00 [ws] ⇄ res ✓ config.get 183ms conn=0c515d17…f248 id=r19-3lh7eh
2026-08-11T10:51:50.615+08:00 [ws] ⇄ res ✓ config.get 217ms conn=0c515d17…f248 id=r20-iq8ie2
2026-08-11T10:54:37.884+08:00 [ws] webchat disconnected code=1001 reason=n/a conn=0c515d17-b6d6-4ebe-8060-0a863cd2f248
2026-08-11T10:54:38.261+08:00 [ws] webchat connected conn=80e56dcf-9e22-4bf0-84c3-c869e97bb263 remote=127.0.0.1 client=openclaw-control-ui webchat v1.0.0
2026-08-11T10:54:38.507+08:00 [ws] ⇄ res ✓ config.get 160ms conn=80e56dcf…b263 id=r2-fatf7q
2026-08-11T10:55:06.524+08:00 [ws] webchat disconnected code=1001 reason=n/a conn=80e56dcf-9e22-4bf0-84c3-c869e97bb263
2026-08-11T10:55:06.900+08:00 [ws] webchat connected conn=833764c2-af6c-4bbe-ac5e-fb6f936e72c8 remote=127.0.0.1 client=openclaw-control-ui webchat v1.0.0
2026-08-11T10:55:07.207+08:00 [ws] ⇄ res ✓ config.get 197ms conn=833764c2…72c8 id=r2-rvsknj
2026-08-11T10:55:33.099+08:00 [ws] webchat disconnected code=1001 reason=n/a conn=833764c2-af6c-4bbe-ac5e-fb6f936e72c8
2026-08-11T10:55:33.478+08:00 [ws] webchat connected conn=b4efc987-03b5-4f40-b4f6-6fd9c48a28e4 remote=127.0.0.1 client=openclaw-control-ui webchat v1.0.0
2026-08-11T10:55:33.723+08:00 [ws] ⇄ res ✓ config.get 161ms conn=b4efc987…28e4 id=r2-wfjj0j
2026-08-11T10:57:12.047+08:00 [ws] webchat disconnected code=1001 reason=n/a conn=b4efc987-03b5-4f40-b4f6-6fd9c48a28e4
2026-08-11T10:57:12.452+08:00 [ws] webchat connected conn=e6d47f64-7575-47f2-832a-c9bc776b7457 remote=127.0.0.1 client=openclaw-control-ui webchat v1.0.0
2026-08-11T10:57:12.696+08:00 [ws] ⇄ res ✓ config.get 157ms conn=e6d47f64…7457 id=r2-ayr9lt
2026-08-11T10:58:43.245+08:00 [ws] webchat disconnected code=1001 reason=n/a conn=e6d47f64-7575-47f2-832a-c9bc776b7457
2026-08-11T10:58:43.639+08:00 [ws] webchat connected conn=4e1c20f4-d67c-4b53-b0a4-ca7c23b0ee40 remote=127.0.0.1 client=openclaw-control-ui webchat v1.0.0
2026-08-11T10:58:43.890+08:00 [ws] ⇄ res ✓ config.get 168ms conn=4e1c20f4…ee40 id=r2-exe6ru
2026-08-11T11:00:22.954+08:00 [ws] webchat disconnected code=1001 reason=n/a conn=4e1c20f4-d67c-4b53-b0a4-ca7c23b0ee40
2026-08-11T11:00:23.335+08:00 [ws] webchat connected conn=86c7acfa-97e3-4968-a693-6825639b4da0 remote=127.0.0.1 client=openclaw-control-ui webchat v1.0.0
2026-08-11T11:11:49.387+08:00 [ws] webchat connected conn=d66f625a-35fc-4455-98c4-140751e26aec remote=127.0.0.1 client=openclaw-control-ui webchat v1.0.0
2026-08-11T11:11:51.957+08:00 [ws] webchat disconnected code=1001 reason=n/a conn=d66f625a-35fc-4455-98c4-140751e26aec
|
o  Config warnings -----------------------------------------------------------------------------------------------------+
|                                                                                                                       |
|  - plugins.entries.deepseek: plugin deepseek: duplicate plugin id                                                     |
|    resolved by explicit config-selected plugin; global plugin will be                                                 |
|    overridden by config plugin                                                                                        |
|    (D:\project\LXUP\runtime\openclaw-home\plugins\deepseek\node_modules\@openclaw\deepseek-provider\dist\index.js)    |
|  - plugins.entries.openclaw-weixin: plugin openclaw-weixin: duplicate                                                 |
|    plugin id resolved by explicit config-selected plugin; global plugin                                               |
|    will be overridden by config plugin                                                                                |
|    (D:\project\LXUP\runtime\openclaw-home\plugins\weixin\node_modules\@tencent-weixin\openclaw-weixin\dist\index.js)  |
|  - plugins.entries.qqbot: plugin qqbot: duplicate plugin id resolved by                                               |
|    explicit config-selected plugin; global plugin will be overridden by                                               |
|    config plugin                                                                                                      |
|    (D:\project\LXUP\runtime\openclaw-home\plugins\qqbot\node_modules\@openclaw\qqbot\dist\index.js)                   |
|  - plugins.entries.wecom-openclaw-plugin: plugin wecom-openclaw-plugin:                                               |
|    duplicate plugin id resolved by explicit config-selected plugin;                                                   |
|    global plugin will be overridden by config plugin                                                                  |
|    (D:\project\LXUP\runtime\openclaw-home\plugins\wecom\node_modules\@wecom\wecom-openclaw-plugin\dist\index.js)      |
|                                                                                                                       |
+-----------------------------------------------------------------------------------------------------------------------+
2026-08-11T16:28:37.244+08:00 [gateway] loading configuration…
2026-08-11T16:28:37.415+08:00 [gateway] force: no listeners on port 18789
2026-08-11T16:28:37.420+08:00 [gateway] resolving authentication…
2026-08-11T16:28:37.431+08:00 [gateway] starting...
2026-08-11T16:28:38.444+08:00 [gateway] starting HTTP server...
2026-08-11T16:28:38.448+08:00 [gateway] ⚠️  Gateway is binding to a non-loopback address. Ensure authentication is configured before exposing to public networks.
2026-08-11T16:28:38.734+08:00 [health-monitor] started (interval: 300s, startup-grace: 60s, channel-connect-grace: 120s)
2026-08-11T16:28:40.299+08:00 [gateway] [plugins] duplicate plugin id resolved by explicit config-selected plugin; global plugin will be overridden by config plugin (D:\project\LXUP\runtime\openclaw-home\plugins\deepseek\node_modules\@openclaw\deepseek-provider\dist\index.js) (plugin=deepseek, source=D:\project\LXUP\runtime\openclaw-home\npm\projects\openclaw-deepseek-provider-2481ed984b\node_modules\@openclaw\deepseek-provider\dist\index.js)
2026-08-11T16:28:40.301+08:00 [gateway] [plugins] duplicate plugin id resolved by explicit config-selected plugin; global plugin will be overridden by config plugin (D:\project\LXUP\runtime\openclaw-home\plugins\weixin\node_modules\@tencent-weixin\openclaw-weixin\dist\index.js) (plugin=openclaw-weixin, source=D:\project\LXUP\runtime\openclaw-home\npm\projects\tencent-weixin-openclaw-weixin-7783ac86ba\node_modules\@tencent-weixin\openclaw-weixin\dist\index.js)
2026-08-11T16:28:40.303+08:00 [gateway] [plugins] duplicate plugin id resolved by explicit config-selected plugin; global plugin will be overridden by config plugin (D:\project\LXUP\runtime\openclaw-home\plugins\qqbot\node_modules\@openclaw\qqbot\dist\index.js) (plugin=qqbot, source=D:\project\LXUP\runtime\openclaw-home\npm\projects\openclaw-qqbot-d3553f72f8\node_modules\@openclaw\qqbot\dist\index.js)
2026-08-11T16:28:40.306+08:00 [gateway] [plugins] duplicate plugin id resolved by explicit config-selected plugin; global plugin will be overridden by config plugin (D:\project\LXUP\runtime\openclaw-home\plugins\wecom\node_modules\@wecom\wecom-openclaw-plugin\dist\index.js) (plugin=wecom-openclaw-plugin, source=D:\project\LXUP\runtime\openclaw-home\npm\projects\wecom-wecom-openclaw-plugin-18f843d908\node_modules\@wecom\wecom-openclaw-plugin\dist\index.js)
2026-08-11T16:28:40.328+08:00 [gateway] agent model: openai/gpt-5.5 (thinking=medium, fast=off)
2026-08-11T16:28:40.330+08:00 [gateway] http server listening (11 plugins: browser, canvas, device-pair, file-transfer, memory-core, ollama, openclaw-weixin, phone-control, qqbot, talk-voice, wecom-openclaw-plugin; 2.6s)
2026-08-11T16:28:40.332+08:00 [gateway] log file: C:\Users\Administrator\AppData\Local\Temp\openclaw\openclaw-2026-08-11.log
2026-08-11T16:28:40.548+08:00 [gateway] security warning: dangerous config flags enabled: gateway.controlUi.dangerouslyDisableDeviceAuth=true. Run `openclaw security audit`.
2026-08-11T16:28:40.551+08:00 [gateway] starting channels and sidecars...
2026-08-11T16:28:40.620+08:00 [gateway] ready
2026-08-11T16:28:40.638+08:00 [heartbeat] started
2026-08-11T16:28:48.669+08:00 [ws] webchat connected conn=fdb69d48-8cb6-44df-ba38-0710c1e9aa7b remote=127.0.0.1 client=openclaw-control-ui webchat v1.0.0
2026-08-11T16:28:50.983+08:00 [gateway] agent runtime plugins pre-warmed in 358ms
2026-08-11T16:29:02.820+08:00 [ws] ⇄ res ✓ config.get 539ms conn=fdb69d48…aa7b id=r3-hgsfwz
2026-08-11T16:29:02.828+08:00 [ws] ⇄ res ✓ agents.list 547ms conn=fdb69d48…aa7b id=r2-4eec52
2026-08-11T16:29:34.467+08:00 [ws] ⇄ res ✓ sessions.list 134ms conn=fdb69d48…aa7b id=r8-pda72r
2026-08-11T16:29:35.330+08:00 [ws] ⇄ res ✓ skills.status 861ms conn=fdb69d48…aa7b id=r10-30e7kw
2026-08-11T16:29:35.512+08:00 [ws] ⇄ res ✓ skills.status 179ms conn=fdb69d48…aa7b id=r11-giqshi
2026-08-11T16:29:35.523+08:00 [ws] ⇄ res ✓ agents.list 191ms conn=fdb69d48…aa7b id=r12-k6a5s8
2026-08-11T16:29:35.821+08:00 [ws] ⇄ res ✓ channels.status 489ms conn=fdb69d48…aa7b id=r14-lne5ih
2026-08-11T16:29:35.988+08:00 [ws] ⇄ res ✓ config.get 654ms conn=fdb69d48…aa7b id=r13-baff0t
2026-08-11T16:29:36.001+08:00 [ws] ⇄ res ✓ config.get 669ms conn=fdb69d48…aa7b id=r15-fcqk5s
2026-08-11T16:29:36.016+08:00 [ws] ⇄ res ✓ config.get 191ms conn=fdb69d48…aa7b id=r16-l4uugo
2026-08-11T16:31:14.212+08:00 [ws] ⇄ res ✓ skills.status 208ms conn=fdb69d48…aa7b id=r22-311h3x
2026-08-11T16:31:14.409+08:00 [ws] ⇄ res ✓ skills.status 192ms conn=fdb69d48…aa7b id=r23-4maake
2026-08-11T16:31:14.709+08:00 [ws] ⇄ res ✓ config.get 494ms conn=fdb69d48…aa7b id=r24-p4n863
2026-08-11T16:31:14.720+08:00 [ws] ⇄ res ✓ config.get 162ms conn=fdb69d48…aa7b id=r25-68mfjk
2026-08-11T16:31:35.254+08:00 [ws] ⇄ res ✓ channels.status 150ms conn=fdb69d48…aa7b id=r30-kv4xo1
2026-08-11T16:31:35.265+08:00 [ws] ⇄ res ✓ config.get 163ms conn=fdb69d48…aa7b id=r29-23qoyp
2026-08-11T16:31:37.228+08:00 [ws] ⇄ res ✓ config.get 158ms conn=fdb69d48…aa7b id=r32-8da2tx
2026-08-11T16:31:53.652+08:00 [ws] ⇄ res ✓ skills.status 198ms conn=fdb69d48…aa7b id=r39-8o34xs
2026-08-11T16:31:53.844+08:00 [ws] ⇄ res ✓ skills.status 391ms conn=fdb69d48…aa7b id=r40-huutcd
2026-08-11T16:31:54.151+08:00 [ws] ⇄ res ✓ config.get 305ms conn=fdb69d48…aa7b id=r42-jtdirn
2026-08-11T16:31:54.162+08:00 [ws] ⇄ res ✓ config.get 315ms conn=fdb69d48…aa7b id=r41-gd61z1
2026-08-11T16:31:54.626+08:00 [ws] ⇄ res ✓ channels.status 149ms conn=fdb69d48…aa7b id=r45-fa3n0t
2026-08-11T16:31:54.636+08:00 [ws] ⇄ res ✓ config.get 158ms conn=fdb69d48…aa7b id=r44-bq7nsp
2026-08-11T16:32:11.812+08:00 [ws] ⇄ res ✓ config.get 159ms conn=fdb69d48…aa7b id=r47-vyy5n6
|
o  Config warnings -----------------------------------------------------------------------------------------------------+
|                                                                                                                       |
|  - plugins.entries.deepseek: plugin deepseek: duplicate plugin id                                                     |
|    resolved by explicit config-selected plugin; global plugin will be                                                 |
|    overridden by config plugin                                                                                        |
|    (D:\project\LXUP\runtime\openclaw-home\plugins\deepseek\node_modules\@openclaw\deepseek-provider\dist\index.js)    |
|  - plugins.entries.openclaw-weixin: plugin openclaw-weixin: duplicate                                                 |
|    plugin id resolved by explicit config-selected plugin; global plugin                                               |
|    will be overridden by config plugin                                                                                |
|    (D:\project\LXUP\runtime\openclaw-home\plugins\weixin\node_modules\@tencent-weixin\openclaw-weixin\dist\index.js)  |
|  - plugins.entries.qqbot: plugin qqbot: duplicate plugin id resolved by                                               |
|    explicit config-selected plugin; global plugin will be overridden by                                               |
|    config plugin                                                                                                      |
|    (D:\project\LXUP\runtime\openclaw-home\plugins\qqbot\node_modules\@openclaw\qqbot\dist\index.js)                   |
|  - plugins.entries.wecom-openclaw-plugin: plugin wecom-openclaw-plugin:                                               |
|    duplicate plugin id resolved by explicit config-selected plugin;                                                   |
|    global plugin will be overridden by config plugin                                                                  |
|    (D:\project\LXUP\runtime\openclaw-home\plugins\wecom\node_modules\@wecom\wecom-openclaw-plugin\dist\index.js)      |
|                                                                                                                       |
+-----------------------------------------------------------------------------------------------------------------------+
2026-08-11T17:59:23.045+08:00 [gateway] loading configuration…
2026-08-11T17:59:23.221+08:00 [gateway] force: no listeners on port 18789
2026-08-11T17:59:23.225+08:00 [gateway] resolving authentication…
2026-08-11T17:59:23.239+08:00 [gateway] starting...
2026-08-11T17:59:24.295+08:00 [gateway] starting HTTP server...
2026-08-11T17:59:24.299+08:00 [gateway] ⚠️  Gateway is binding to a non-loopback address. Ensure authentication is configured before exposing to public networks.
2026-08-11T17:59:24.591+08:00 [health-monitor] started (interval: 300s, startup-grace: 60s, channel-connect-grace: 120s)
2026-08-11T17:59:26.337+08:00 [gateway] [plugins] duplicate plugin id resolved by explicit config-selected plugin; global plugin will be overridden by config plugin (D:\project\LXUP\runtime\openclaw-home\plugins\deepseek\node_modules\@openclaw\deepseek-provider\dist\index.js) (plugin=deepseek, source=D:\project\LXUP\runtime\openclaw-home\npm\projects\openclaw-deepseek-provider-2481ed984b\node_modules\@openclaw\deepseek-provider\dist\index.js)
2026-08-11T17:59:26.340+08:00 [gateway] [plugins] duplicate plugin id resolved by explicit config-selected plugin; global plugin will be overridden by config plugin (D:\project\LXUP\runtime\openclaw-home\plugins\weixin\node_modules\@tencent-weixin\openclaw-weixin\dist\index.js) (plugin=openclaw-weixin, source=D:\project\LXUP\runtime\openclaw-home\npm\projects\tencent-weixin-openclaw-weixin-7783ac86ba\node_modules\@tencent-weixin\openclaw-weixin\dist\index.js)
2026-08-11T17:59:26.342+08:00 [gateway] [plugins] duplicate plugin id resolved by explicit config-selected plugin; global plugin will be overridden by config plugin (D:\project\LXUP\runtime\openclaw-home\plugins\qqbot\node_modules\@openclaw\qqbot\dist\index.js) (plugin=qqbot, source=D:\project\LXUP\runtime\openclaw-home\npm\projects\openclaw-qqbot-d3553f72f8\node_modules\@openclaw\qqbot\dist\index.js)
2026-08-11T17:59:26.344+08:00 [gateway] [plugins] duplicate plugin id resolved by explicit config-selected plugin; global plugin will be overridden by config plugin (D:\project\LXUP\runtime\openclaw-home\plugins\wecom\node_modules\@wecom\wecom-openclaw-plugin\dist\index.js) (plugin=wecom-openclaw-plugin, source=D:\project\LXUP\runtime\openclaw-home\npm\projects\wecom-wecom-openclaw-plugin-18f843d908\node_modules\@wecom\wecom-openclaw-plugin\dist\index.js)
2026-08-11T17:59:26.368+08:00 [gateway] agent model: openai/gpt-5.5 (thinking=medium, fast=off)
2026-08-11T17:59:26.370+08:00 [gateway] http server listening (11 plugins: browser, canvas, device-pair, file-transfer, memory-core, ollama, openclaw-weixin, phone-control, qqbot, talk-voice, wecom-openclaw-plugin; 2.8s)
2026-08-11T17:59:26.372+08:00 [gateway] log file: C:\Users\Administrator\AppData\Local\Temp\openclaw\openclaw-2026-08-11.log
2026-08-11T17:59:26.588+08:00 [gateway] security warning: dangerous config flags enabled: gateway.controlUi.dangerouslyDisableDeviceAuth=true. Run `openclaw security audit`.
2026-08-11T17:59:26.590+08:00 [gateway] starting channels and sidecars...
2026-08-11T17:59:26.660+08:00 [gateway] ready
2026-08-11T17:59:26.682+08:00 [heartbeat] started
2026-08-11T17:59:33.939+08:00 [ws] webchat connected conn=a10b5a12-fbe4-400e-b207-461ab32071ec remote=127.0.0.1 client=openclaw-control-ui webchat v1.0.0
2026-08-11T17:59:37.027+08:00 [gateway] agent runtime plugins pre-warmed in 361ms
2026-08-12T11:50:02.800+08:00 [gateway] loading configuration…
2026-08-12T11:50:03.115+08:00 [gateway] force: no listeners on port 18789
2026-08-12T11:50:03.120+08:00 [gateway] resolving authentication…
2026-08-12T11:50:03.185+08:00 [gateway] starting...
2026-08-12T11:50:05.808+08:00 [gateway] starting HTTP server...
2026-08-12T11:50:05.812+08:00 [gateway] ⚠️  Gateway is binding to a non-loopback address. Ensure authentication is configured before exposing to public networks.
2026-08-12T11:50:06.243+08:00 [health-monitor] started (interval: 300s, startup-grace: 60s, channel-connect-grace: 120s)
2026-08-12T11:50:09.756+08:00 [gateway] agent model: openai/gpt-5.5 (thinking=medium, fast=off)
2026-08-12T11:50:09.758+08:00 [gateway] http server listening (11 plugins: browser, canvas, device-pair, file-transfer, memory-core, ollama, openclaw-weixin, phone-control, qqbot, talk-voice, wecom-openclaw-plugin; 5.7s)
2026-08-12T11:50:09.761+08:00 [gateway] log file: C:\Users\13907\AppData\Local\Temp\openclaw\openclaw-2026-08-12.log
2026-08-12T11:50:10.114+08:00 [gateway] security warning: dangerous config flags enabled: gateway.controlUi.dangerouslyDisableDeviceAuth=true. Run `openclaw security audit`.
2026-08-12T11:50:10.116+08:00 [gateway] starting channels and sidecars...
2026-08-12T11:50:10.332+08:00 [gateway] ready
2026-08-12T11:50:10.350+08:00 [heartbeat] started
2026-08-12T11:50:20.977+08:00 [gateway] agent runtime plugins pre-warmed in 635ms
2026-08-12T11:50:29.252+08:00 [ws] webchat connected conn=17c74de6-b8d7-44da-beb9-6f89650241e8 remote=127.0.0.1 client=openclaw-control-ui webchat v1.0.0
2026-08-12T11:51:29.743+08:00 [ws] webchat disconnected code=1006 reason=n/a conn=17c74de6-b8d7-44da-beb9-6f89650241e8
2026-08-12T14:02:25.300+08:00 [ws] webchat connected conn=8c01c0b5-7bdd-4777-a573-c384297d2c4d remote=127.0.0.1 client=openclaw-control-ui webchat v1.0.0
2026-08-12T14:03:24.032+08:00 [ws] webchat disconnected code=1001 reason=n/a conn=8c01c0b5-7bdd-4777-a573-c384297d2c4d
2026-08-12T14:03:24.133+08:00 [ws] webchat connected conn=8e8d22ca-666f-49ea-8c4e-a55cfd204897 remote=127.0.0.1 client=openclaw-control-ui webchat v1.0.0
2026-08-12T14:04:25.956+08:00 [ws] ⇄ res ✓ skills.status 2406ms conn=8e8d22ca…4897 id=r4-wqsanv
2026-08-12T14:04:25.966+08:00 [ws] ⇄ res ✓ channels.status 2416ms conn=8e8d22ca…4897 id=r3-ghxbdg
2026-08-12T14:04:25.979+08:00 [ws] ⇄ res ✓ agents.list 2917ms conn=8e8d22ca…4897 id=r2-3qfg7o
2026-08-12T14:04:31.503+08:00 [ws] ⇄ res ✓ agents.list 185ms conn=8e8d22ca…4897 id=r7-etpbgt
2026-08-12T14:04:32.411+08:00 [ws] ⇄ res ✓ sessions.list 883ms conn=8e8d22ca…4897 id=r8-mdm84c
2026-08-12T14:04:32.419+08:00 [ws] ⇄ res ✓ sessions.list 906ms conn=8e8d22ca…4897 id=r9-9wiuyc
2026-08-12T14:04:33.064+08:00 [ws] ⇄ res ✓ skills.status 637ms conn=8e8d22ca…4897 id=r10-jnw9kj
2026-08-12T14:04:33.707+08:00 [ws] ⇄ res ✓ skills.status 1279ms conn=8e8d22ca…4897 id=r11-8hl4s0
2026-08-12T14:04:33.780+08:00 [ws] ⇄ res ✓ logs.tail 2462ms conn=8e8d22ca…4897 id=r6-nwo5he
2026-08-12T14:04:37.061+08:00 [ws] ⇄ res ✓ skills.status 589ms conn=8e8d22ca…4897 id=r14-icppnb
2026-08-12T14:04:37.071+08:00 [ws] ⇄ res ✓ channels.status 607ms conn=8e8d22ca…4897 id=r13-myevq3
2026-08-12T14:34:33.713+08:00 [ws] ⇄ res ✓ channels.status 192ms conn=8e8d22ca…4897 id=r17-2jxdnv
2026-08-12T14:34:34.708+08:00 [ws] ⇄ res ✓ config.get 1201ms conn=8e8d22ca…4897 id=r16-ya90za
2026-08-12T14:34:44.070+08:00 [ws] ⇄ res ✓ skills.status 840ms conn=8e8d22ca…4897 id=r23-qriss1
2026-08-12T14:34:44.581+08:00 [ws] ⇄ res ✓ skills.status 505ms conn=8e8d22ca…4897 id=r24-6l16v3
2026-08-12T14:34:45.591+08:00 [ws] ⇄ res ✓ channels.status 372ms conn=8e8d22ca…4897 id=r27-hyqffa
2026-08-12T14:34:45.609+08:00 [ws] ⇄ res ✓ config.get 388ms conn=8e8d22ca…4897 id=r26-b7npwx
2026-08-12T14:34:52.944+08:00 [ws] ⇄ res ✓ channels.status 429ms conn=8e8d22ca…4897 id=r30-pb46j1
2026-08-12T14:34:52.971+08:00 [ws] ⇄ res ✓ config.get 456ms conn=8e8d22ca…4897 id=r29-xoj811
2026-08-12T14:34:57.706+08:00 [ws] ⇄ res ✓ skills.status 575ms conn=8e8d22ca…4897 id=r36-3f6guc
2026-08-12T14:34:58.113+08:00 [ws] ⇄ res ✓ skills.status 403ms conn=8e8d22ca…4897 id=r37-gisota
2026-08-12T14:35:01.190+08:00 [ws] ⇄ res ✓ channels.status 499ms conn=8e8d22ca…4897 id=r40-k9cqpz
2026-08-12T14:35:01.310+08:00 [ws] ⇄ res ✓ config.get 618ms conn=8e8d22ca…4897 id=r39-r2j5o4
2026-08-12T14:35:06.599+08:00 [ws] ⇄ res ✓ skills.status 608ms conn=8e8d22ca…4897 id=r46-sl5mti
2026-08-12T14:35:07.195+08:00 [ws] ⇄ res ✓ skills.status 590ms conn=8e8d22ca…4897 id=r47-92pb11
2026-08-12T14:35:08.618+08:00 [ws] ⇄ res ✓ channels.status 493ms conn=8e8d22ca…4897 id=r50-pzyizo
2026-08-12T14:35:08.637+08:00 [ws] ⇄ res ✓ config.get 514ms conn=8e8d22ca…4897 id=r49-rtfwyz
2026-08-12T14:35:21.866+08:00 [ws] ⇄ res ✓ channels.status 418ms conn=8e8d22ca…4897 id=r53-wy96kr
2026-08-12T14:35:21.889+08:00 [ws] ⇄ res ✓ config.get 441ms conn=8e8d22ca…4897 id=r52-g0t7y7
2026-08-12T14:35:41.413+08:00 [ws] ⇄ res ✓ skills.status 412ms conn=8e8d22ca…4897 id=r59-b7vaka
2026-08-12T14:35:41.969+08:00 [ws] ⇄ res ✓ skills.status 549ms conn=8e8d22ca…4897 id=r60-cs7y8q
2026-08-12T14:35:44.952+08:00 [ws] ⇄ res ✓ channels.status 465ms conn=8e8d22ca…4897 id=r63-caomnb
2026-08-12T14:35:44.977+08:00 [ws] ⇄ res ✓ config.get 490ms conn=8e8d22ca…4897 id=r62-9ndj8l
2026-08-12T14:35:59.643+08:00 [ws] ⇄ res ✓ channels.status 445ms conn=8e8d22ca…4897 id=r66-decg2v
2026-08-12T14:35:59.658+08:00 [ws] ⇄ res ✓ config.get 459ms conn=8e8d22ca…4897 id=r65-qr5tvj
2026-08-12T15:00:11.032+08:00 [ws] ⇄ res ✓ sessions.list 56ms conn=8e8d22ca…4897 id=r70-wmlutv
2026-08-12T15:00:12.705+08:00 [ws] ⇄ res ✓ skills.status 1669ms conn=8e8d22ca…4897 id=r72-7xsaqb
2026-08-12T15:00:12.714+08:00 [ws] ⇄ res ✓ sessions.list 1677ms conn=8e8d22ca…4897 id=r71-ic46p8
2026-08-12T15:00:13.111+08:00 [ws] ⇄ res ✓ skills.status 394ms conn=8e8d22ca…4897 id=r73-dzglqz
2026-08-12T15:00:13.596+08:00 [ws] ⇄ res ✓ config.get 288ms conn=8e8d22ca…4897 id=r75-z9sg20
2026-08-12T15:00:25.926+08:00 [ws] ⇄ res ✓ skills.status 383ms conn=8e8d22ca…4897 id=r82-t1fw7w
2026-08-12T15:00:26.289+08:00 [ws] ⇄ res ✓ skills.status 358ms conn=8e8d22ca…4897 id=r83-hbs4eu
2026-08-12T15:00:27.326+08:00 [ws] ⇄ res ✓ config.get 283ms conn=8e8d22ca…4897 id=r85-2lceyw
2026-08-12T15:02:00.871+08:00 [ws] ⇄ res ✓ channels.status 263ms conn=8e8d22ca…4897 id=r89-gcraky
2026-08-12T15:02:00.886+08:00 [ws] ⇄ res ✓ config.get 275ms conn=8e8d22ca…4897 id=r88-giseu9
2026-08-12T15:09:24.291+08:00 [ws] ⇄ res ✓ skills.status 401ms conn=8e8d22ca…4897 id=r95-53jy3r
2026-08-12T15:09:24.612+08:00 [ws] ⇄ res ✓ skills.status 318ms conn=8e8d22ca…4897 id=r96-jkhsn4
2026-08-12T15:09:25.447+08:00 [ws] ⇄ res ✓ config.get 259ms conn=8e8d22ca…4897 id=r97-dlxbm5
2026-08-12T15:09:26.373+08:00 [ws] ⇄ res ✓ skills.status 294ms conn=8e8d22ca…4897 id=r100-wcks38
2026-08-12T15:09:34.948+08:00 [ws] webchat disconnected code=1001 reason=n/a conn=8e8d22ca-666f-49ea-8c4e-a55cfd204897
2026-08-13T11:20:57.885+08:00 [gateway] loading configuration…
2026-08-13T11:20:58.261+08:00 [gateway] force: no listeners on port 18789
2026-08-13T11:20:58.269+08:00 [gateway] resolving authentication…
2026-08-13T11:20:58.332+08:00 [gateway] starting...
2026-08-13T11:21:00.859+08:00 [gateway] starting HTTP server...
2026-08-13T11:21:00.864+08:00 [gateway] ⚠️  Gateway is binding to a non-loopback address. Ensure authentication is configured before exposing to public networks.
2026-08-13T11:21:01.458+08:00 [health-monitor] started (interval: 300s, startup-grace: 60s, channel-connect-grace: 120s)
2026-08-13T11:21:06.281+08:00 [gateway] agent model: openai/gpt-5.5 (thinking=medium, fast=off)
2026-08-13T11:21:06.286+08:00 [gateway] http server listening (11 plugins: browser, canvas, device-pair, file-transfer, memory-core, ollama, openclaw-weixin, phone-control, qqbot, talk-voice, wecom-openclaw-plugin; 7.0s)
2026-08-13T11:21:06.291+08:00 [gateway] log file: C:\Users\13907\AppData\Local\Temp\openclaw\openclaw-2026-08-13.log
2026-08-13T11:21:06.736+08:00 [gateway] security warning: dangerous config flags enabled: gateway.controlUi.dangerouslyDisableDeviceAuth=true. Run `openclaw security audit`.
2026-08-13T11:21:06.740+08:00 [gateway] starting channels and sidecars...
2026-08-13T11:21:06.922+08:00 [openclaw-weixin] [7a83c9ea7479-im-bot] starting weixin provider (https://ilinkai.weixin.qq.com)
2026-08-13T11:21:06.993+08:00 [gateway] ready
2026-08-13T11:21:07.043+08:00 [heartbeat] started
2026-08-13T11:21:07.729+08:00 [openclaw-weixin] [7a83c9ea7479-im-bot] weixin logs: C:\Users\13907\AppData\Local\Temp\openclaw\openclaw-2026-08-13.log
2026-08-13T11:21:07.945+08:00 [openclaw-weixin] weixin monitor started (https://ilinkai.weixin.qq.com, account=7a83c9ea7479-im-bot)
2026-08-13T11:21:07.975+08:00 [openclaw-weixin] [weixin] resuming from previous sync buf (96 bytes)
2026-08-13T11:21:17.806+08:00 [gateway] agent runtime plugins pre-warmed in 810ms
2026-08-13T11:21:23.950+08:00 [ws] webchat connected conn=4e45ec0f-be99-42cd-b381-5ca275403232 remote=127.0.0.1 client=openclaw-control-ui webchat v1.0.0
2026-08-13T11:21:26.614+08:00 [ws] ⇄ res ✓ skills.status 1063ms conn=4e45ec0f…3232 id=r4-ziyhfm
2026-08-13T11:21:26.618+08:00 [ws] ⇄ res ✓ channels.status 1068ms conn=4e45ec0f…3232 id=r3-6a8u8k
2026-08-13T11:21:26.625+08:00 [ws] ⇄ res ✓ agents.list 1149ms conn=4e45ec0f…3232 id=r2-5v2zr2
2026-08-13T11:22:04.189+08:00 [ws] ⇄ res ✓ agents.list 56ms conn=4e45ec0f…3232 id=r7-ruvpwv
2026-08-13T11:22:04.764+08:00 [ws] ⇄ res ✓ sessions.list 569ms conn=4e45ec0f…3232 id=r8-8cq0tg
2026-08-13T11:22:04.769+08:00 [ws] ⇄ res ✓ sessions.list 572ms conn=4e45ec0f…3232 id=r9-klicmq
2026-08-13T11:22:05.194+08:00 [ws] ⇄ res ✓ skills.status 421ms conn=4e45ec0f…3232 id=r10-xkp1h9
2026-08-13T11:22:05.579+08:00 [ws] ⇄ res ✓ skills.status 806ms conn=4e45ec0f…3232 id=r11-qorho2
2026-08-13T11:22:06.578+08:00 [ws] ⇄ res ✓ config.get 994ms conn=4e45ec0f…3232 id=r12-bcbl12
2026-08-13T11:22:06.594+08:00 [ws] ⇄ res ✓ config.get 1011ms conn=4e45ec0f…3232 id=r13-wvsedg
2026-08-13T11:22:06.616+08:00 [ws] ⇄ res ✓ logs.tail 2480ms conn=4e45ec0f…3232 id=r6-44m43q
2026-08-13T11:22:10.486+08:00 [ws] ⇄ res ✓ config.get 323ms conn=4e45ec0f…3232 id=r15-qv6n8j
2026-08-13T11:22:12.404+08:00 [ws] ⇄ res ✓ skills.status 390ms conn=4e45ec0f…3232 id=r19-hglxm5
2026-08-13T11:22:12.410+08:00 [ws] ⇄ res ✓ channels.status 397ms conn=4e45ec0f…3232 id=r18-p9mf5o
2026-08-13T11:22:23.705+08:00 [ws] ⇄ res ✗ skills.entries 1ms errorCode=INVALID_REQUEST errorMessage=unknown method: skills.entries conn=4e45ec0f…3232 id=r28-wd42ni
2026-08-13T15:04:41.855+08:00 [gateway] loading configuration…
2026-08-13T15:04:42.231+08:00 [gateway] force: no listeners on port 18789
2026-08-13T15:04:42.237+08:00 [gateway] resolving authentication…
2026-08-13T15:04:42.289+08:00 [gateway] starting...
2026-08-13T15:04:44.619+08:00 [gateway] starting HTTP server...
2026-08-13T15:04:44.624+08:00 [gateway] ⚠️  Gateway is binding to a non-loopback address. Ensure authentication is configured before exposing to public networks.
2026-08-13T15:04:45.228+08:00 [health-monitor] started (interval: 300s, startup-grace: 60s, channel-connect-grace: 120s)
2026-08-13T15:04:50.096+08:00 [gateway] agent model: openai/gpt-5.5 (thinking=medium, fast=off)
2026-08-13T15:04:50.100+08:00 [gateway] http server listening (11 plugins: browser, canvas, device-pair, file-transfer, memory-core, ollama, openclaw-weixin, phone-control, qqbot, talk-voice, wecom-openclaw-plugin; 7.0s)
2026-08-13T15:04:50.104+08:00 [gateway] log file: C:\Users\13907\AppData\Local\Temp\openclaw\openclaw-2026-08-13.log
2026-08-13T15:04:50.502+08:00 [gateway] security warning: dangerous config flags enabled: gateway.controlUi.dangerouslyDisableDeviceAuth=true. Run `openclaw security audit`.
2026-08-13T15:04:50.506+08:00 [gateway] starting channels and sidecars...
2026-08-13T15:04:50.689+08:00 [openclaw-weixin] [7a83c9ea7479-im-bot] starting weixin provider (https://ilinkai.weixin.qq.com)
2026-08-13T15:04:51.161+08:00 [gateway] ready
2026-08-13T15:04:51.309+08:00 [heartbeat] started
2026-08-13T15:04:52.340+08:00 [openclaw-weixin] [7a83c9ea7479-im-bot] weixin logs: C:\Users\13907\AppData\Local\Temp\openclaw\openclaw-2026-08-13.log
2026-08-13T15:04:52.581+08:00 [openclaw-weixin] weixin monitor started (https://ilinkai.weixin.qq.com, account=7a83c9ea7479-im-bot)
2026-08-13T15:04:52.585+08:00 [openclaw-weixin] [weixin] resuming from previous sync buf (96 bytes)
2026-08-13T15:04:57.425+08:00 [ws] webchat connected conn=f3cbbea2-fb2d-43d5-aa53-891377f94555 remote=127.0.0.1 client=openclaw-control-ui webchat v1.0.0
2026-08-13T15:05:01.935+08:00 [gateway] agent runtime plugins pre-warmed in 762ms
2026-08-13T15:05:04.455+08:00 [ws] webchat connected conn=bb0c6026-a6bb-44c5-85af-93cbb5045156 remote=127.0.0.1 client=openclaw-control-ui webchat v1.0.0
2026-08-13T15:05:11.455+08:00 [ws] ⇄ res ✓ agents.list 179ms conn=bb0c6026…5156 id=r10-dpcdl2
2026-08-13T15:05:11.460+08:00 [ws] ⇄ res ✓ agents.list 66ms conn=bb0c6026…5156 id=r12-l1pau5
2026-08-13T15:05:11.956+08:00 [ws] ⇄ res ✓ sessions.list 491ms conn=bb0c6026…5156 id=r13-mr9mc5
2026-08-13T15:05:11.961+08:00 [ws] ⇄ res ✓ sessions.list 496ms conn=bb0c6026…5156 id=r14-g7dpnr
2026-08-13T15:05:12.788+08:00 [ws] ⇄ res ✓ skills.status 822ms conn=bb0c6026…5156 id=r15-rm5ibc
2026-08-13T15:05:13.140+08:00 [ws] ⇄ res ✓ skills.status 1174ms conn=bb0c6026…5156 id=r16-wam9m1
2026-08-13T15:05:13.761+08:00 [ws] ⇄ res ✓ logs.tail 2368ms conn=bb0c6026…5156 id=r11-ppa71o
2026-08-13T15:05:14.068+08:00 [ws] ⇄ res ✓ config.get 923ms conn=bb0c6026…5156 id=r17-afgmk9
2026-08-13T15:05:14.080+08:00 [ws] ⇄ res ✓ config.get 937ms conn=bb0c6026…5156 id=r18-rdptzw
2026-08-13T15:05:16.012+08:00 [ws] ⇄ res ✓ skills.status 391ms conn=bb0c6026…5156 id=r21-mrnsbo
2026-08-13T15:05:16.021+08:00 [ws] ⇄ res ✓ channels.status 399ms conn=bb0c6026…5156 id=r20-quuwnn
2026-08-13T15:05:20.482+08:00 [ws] ⇄ res ✓ config.get 303ms conn=bb0c6026…5156 id=r22-rbka71
2026-08-13T15:05:21.209+08:00 [ws] ⇄ res ✓ channels.status 289ms conn=bb0c6026…5156 id=r25-qf56zh
2026-08-13T15:05:21.223+08:00 [ws] ⇄ res ✓ config.get 305ms conn=bb0c6026…5156 id=r24-p9wzea
2026-08-13T15:05:31.882+08:00 [ws] ⇄ res ✗ skills.entries 2ms errorCode=INVALID_REQUEST errorMessage=unknown method: skills.entries conn=bb0c6026…5156 id=r26-e3vdoz
2026-08-13T15:05:36.512+08:00 [browser/extension-relay] extension relay for profile "chrome" listening on 127.0.0.1:18799
2026-08-13T15:05:36.515+08:00 [browser/service] Browser control service ready (profiles=3)
2026-08-13T15:05:36.584+08:00 [ws] ⇄ res ✓ browser.request 561ms conn=7165b540…036e id=e29c728b…2b10
2026-08-13T15:05:36.860+08:00 [ws] ⇄ res ✓ browser.request 107ms conn=b63391e9…0ad4 id=4bd04e5e…1cea
2026-08-13T15:06:24.923+08:00 [ws] ⇄ res ✓ skills.status 458ms conn=bb0c6026…5156 id=r32-u21mrs
2026-08-13T15:06:25.302+08:00 [ws] ⇄ res ✓ skills.status 374ms conn=bb0c6026…5156 id=r33-aacwm7
2026-08-13T15:06:26.171+08:00 [ws] ⇄ res ✓ config.get 1243ms conn=bb0c6026…5156 id=r34-8xipt1
2026-08-13T15:06:26.183+08:00 [ws] ⇄ res ✓ config.get 578ms conn=bb0c6026…5156 id=r35-76pkpx
2026-08-13T15:06:26.198+08:00 [ws] ⇄ res ✓ config.get 327ms conn=bb0c6026…5156 id=r36-uz3db5
2026-08-13T15:09:23.919+08:00 [ws] webchat disconnected code=1001 reason=n/a conn=bb0c6026-a6bb-44c5-85af-93cbb5045156
2026-08-13T15:09:24.331+08:00 [ws] webchat connected conn=18ee2376-9347-4187-b8f5-d02c846eaa10 remote=127.0.0.1 client=openclaw-control-ui webchat v1.0.0
2026-08-13T15:10:02.035+08:00 [ws] ⇄ res ✓ skills.status 528ms conn=18ee2376…aa10 id=r7-zryegs
2026-08-13T15:10:02.390+08:00 [ws] ⇄ res ✓ skills.status 350ms conn=18ee2376…aa10 id=r8-ie6bc0
2026-08-13T15:10:02.985+08:00 [ws] ⇄ res ✓ config.get 943ms conn=18ee2376…aa10 id=r9-e5lzar
2026-08-13T15:10:03.000+08:00 [ws] ⇄ res ✓ config.get 305ms conn=18ee2376…aa10 id=r10-2oj68v
2026-08-13T15:10:06.245+08:00 [ws] ⇄ res ✓ skills.status 343ms conn=18ee2376…aa10 id=r16-g40kef
2026-08-13T15:10:06.594+08:00 [ws] ⇄ res ✓ skills.status 345ms conn=18ee2376…aa10 id=r17-9ug14r
2026-08-13T15:10:07.085+08:00 [ws] ⇄ res ✓ config.get 835ms conn=18ee2376…aa10 id=r18-y4ktj3
2026-08-13T15:10:07.096+08:00 [ws] ⇄ res ✓ config.get 264ms conn=18ee2376…aa10 id=r19-wiqh3e
2026-08-13T15:10:11.162+08:00 [ws] ⇄ res ✓ skills.status 377ms conn=18ee2376…aa10 id=r25-vtmt8i
2026-08-13T15:10:11.594+08:00 [ws] ⇄ res ✓ skills.status 429ms conn=18ee2376…aa10 id=r26-1oguoz
2026-08-13T15:10:12.106+08:00 [ws] ⇄ res ✓ config.get 940ms conn=18ee2376…aa10 id=r27-bhi6mq
2026-08-13T15:10:12.118+08:00 [ws] ⇄ res ✓ config.get 270ms conn=18ee2376…aa10 id=r28-qpnbts
2026-08-13T15:10:17.744+08:00 [ws] ⇄ res ✓ skills.status 386ms conn=18ee2376…aa10 id=r34-q8r6ir
2026-08-13T15:10:18.099+08:00 [ws] ⇄ res ✓ skills.status 351ms conn=18ee2376…aa10 id=r35-aif76j
2026-08-13T15:10:18.599+08:00 [ws] ⇄ res ✓ config.get 850ms conn=18ee2376…aa10 id=r36-c94qyd
2026-08-13T15:10:18.612+08:00 [ws] ⇄ res ✓ config.get 263ms conn=18ee2376…aa10 id=r37-ge2ztp
2026-08-13T15:10:23.935+08:00 [ws] ⇄ res ✓ skills.status 377ms conn=18ee2376…aa10 id=r43-lu6jtr
2026-08-13T15:10:24.265+08:00 [ws] ⇄ res ✓ skills.status 326ms conn=18ee2376…aa10 id=r44-y3nm8h
2026-08-13T15:10:24.829+08:00 [ws] ⇄ res ✓ config.get 890ms conn=18ee2376…aa10 id=r45-4gunf9
2026-08-13T15:10:24.844+08:00 [ws] ⇄ res ✓ config.get 305ms conn=18ee2376…aa10 id=r46-8w0jgx
2026-08-13T15:11:22.742+08:00 [ws] webchat disconnected code=1001 reason=n/a conn=18ee2376-9347-4187-b8f5-d02c846eaa10
2026-08-13T15:11:23.155+08:00 [ws] webchat connected conn=7b2f435a-9d97-4357-a7eb-05970bd127ab remote=127.0.0.1 client=openclaw-control-ui webchat v1.0.0
2026-08-13T15:11:23.677+08:00 [ws] ⇄ res ✓ skills.status 358ms conn=7b2f435a…27ab id=r5-j6o8n7
2026-08-13T15:11:23.952+08:00 [ws] ⇄ res ✓ config.get 270ms conn=7b2f435a…27ab id=r6-jedqrn
2026-08-13T15:11:23.957+08:00 [ws] ⇄ res ✓ logs.tail 650ms conn=7b2f435a…27ab id=r2-9dwx4m
2026-08-13T15:11:49.079+08:00 [ws] ⇄ res ✓ skills.status 363ms conn=7b2f435a…27ab id=r12-xr48eu
2026-08-13T15:11:49.409+08:00 [ws] ⇄ res ✓ skills.status 327ms conn=7b2f435a…27ab id=r13-ewz3kr
2026-08-13T15:11:49.964+08:00 [ws] ⇄ res ✓ config.get 882ms conn=7b2f435a…27ab id=r14-ogaxny
2026-08-13T15:11:49.977+08:00 [ws] ⇄ res ✓ config.get 314ms conn=7b2f435a…27ab id=r15-xatkhs
2026-08-13T15:11:55.586+08:00 [ws] ⇄ res ✓ skills.status 372ms conn=7b2f435a…27ab id=r21-9hoxmt
2026-08-13T15:11:55.919+08:00 [ws] ⇄ res ✓ skills.status 329ms conn=7b2f435a…27ab id=r22-2iu6p5
2026-08-13T15:11:56.461+08:00 [ws] ⇄ res ✓ config.get 869ms conn=7b2f435a…27ab id=r23-z5sgv0
2026-08-13T15:11:56.474+08:00 [ws] ⇄ res ✓ config.get 289ms conn=7b2f435a…27ab id=r24-i2ufvi
2026-08-13T15:11:59.301+08:00 [ws] ⇄ res ✓ skills.status 344ms conn=7b2f435a…27ab id=r30-ra9sba
2026-08-13T15:11:59.621+08:00 [ws] ⇄ res ✓ skills.status 316ms conn=7b2f435a…27ab id=r31-qk7c75
2026-08-13T15:12:00.098+08:00 [ws] ⇄ res ✓ config.get 792ms conn=7b2f435a…27ab id=r32-hn0elp
2026-08-13T15:12:00.109+08:00 [ws] ⇄ res ✓ config.get 257ms conn=7b2f435a…27ab id=r33-bgmg61
2026-08-13T15:15:37.719+08:00 [ws] webchat disconnected code=1001 reason=n/a conn=7b2f435a-9d97-4357-a7eb-05970bd127ab
2026-08-13T15:15:38.245+08:00 [ws] webchat connected conn=41560f9e-374d-4451-aa2e-c8e34d4c4d02 remote=127.0.0.1 client=openclaw-control-ui webchat v1.0.0
2026-08-13T15:15:41.689+08:00 [ws] webchat disconnected code=1001 reason=n/a conn=41560f9e-374d-4451-aa2e-c8e34d4c4d02
2026-08-13T15:15:42.136+08:00 [ws] webchat connected conn=988f000a-5d61-4f0d-b340-6d2e7d398b93 remote=127.0.0.1 client=openclaw-control-ui webchat v1.0.0
2026-08-13T15:18:14.062+08:00 [ws] webchat disconnected code=1001 reason=n/a conn=988f000a-5d61-4f0d-b340-6d2e7d398b93
2026-08-13T15:18:14.480+08:00 [ws] webchat connected conn=4b43af15-ed65-41cb-9d41-2b28d7973ae9 remote=127.0.0.1 client=openclaw-control-ui webchat v1.0.0
2026-08-13T15:19:39.081+08:00 [ws] webchat disconnected code=1001 reason=n/a conn=4b43af15-ed65-41cb-9d41-2b28d7973ae9
2026-08-13T15:19:39.499+08:00 [ws] webchat connected conn=b488388f-9b5f-46b0-8c84-ed307d52c714 remote=127.0.0.1 client=openclaw-control-ui webchat v1.0.0
2026-08-13T15:20:22.798+08:00 [ws] webchat disconnected code=1001 reason=n/a conn=b488388f-9b5f-46b0-8c84-ed307d52c714
2026-08-13T15:20:23.210+08:00 [ws] webchat connected conn=8f21e01c-3030-477f-80b6-9acdac9a755b remote=127.0.0.1 client=openclaw-control-ui webchat v1.0.0
2026-08-13T15:21:02.918+08:00 [ws] ⇄ res ✓ config.get 298ms conn=8f21e01c…755b id=r2-ehkgou
2026-08-13T15:25:46.454+08:00 [ws] webchat disconnected code=1001 reason=n/a conn=8f21e01c-3030-477f-80b6-9acdac9a755b
2026-08-13T15:25:46.850+08:00 [ws] webchat connected conn=42be75dd-01ed-426c-8f04-0c26f5cd564d remote=127.0.0.1 client=openclaw-control-ui webchat v1.0.0
2026-08-13T15:25:47.256+08:00 [ws] ⇄ res ✓ config.get 261ms conn=42be75dd…564d id=r2-ihv83a
2026-08-13T15:25:51.450+08:00 [ws] webchat disconnected code=1001 reason=n/a conn=42be75dd-01ed-426c-8f04-0c26f5cd564d
2026-08-13T15:25:51.878+08:00 [ws] webchat connected conn=d87afebd-f46e-4991-84db-d89fbc4127b7 remote=127.0.0.1 client=openclaw-control-ui webchat v1.0.0
2026-08-13T15:25:52.423+08:00 [ws] ⇄ res ✓ config.get 400ms conn=d87afebd…27b7 id=r2-0qnw25
2026-08-13T15:25:55.366+08:00 [ws] webchat disconnected code=1001 reason=n/a conn=d87afebd-f46e-4991-84db-d89fbc4127b7
2026-08-13T15:25:55.771+08:00 [ws] webchat connected conn=0e67c44c-ad27-43ce-b816-5803d2bc2709 remote=127.0.0.1 client=openclaw-control-ui webchat v1.0.0
2026-08-13T15:25:56.229+08:00 [ws] ⇄ res ✓ config.get 293ms conn=0e67c44c…2709 id=r2-zeefwa
2026-08-13T15:26:08.141+08:00 [ws] webchat disconnected code=1001 reason=n/a conn=0e67c44c-ad27-43ce-b816-5803d2bc2709
2026-08-13T15:26:08.540+08:00 [ws] webchat connected conn=905b85e4-e7e0-4bae-8075-b5d6c455f1e3 remote=127.0.0.1 client=openclaw-control-ui webchat v1.0.0
2026-08-13T15:26:08.951+08:00 [ws] ⇄ res ✓ config.get 272ms conn=905b85e4…f1e3 id=r2-v4qs33
2026-08-13T15:26:23.619+08:00 [ws] webchat disconnected code=1001 reason=n/a conn=905b85e4-e7e0-4bae-8075-b5d6c455f1e3
2026-08-13T15:26:24.015+08:00 [ws] webchat connected conn=5601b417-652a-4c9a-8187-b4a85b0498b8 remote=127.0.0.1 client=openclaw-control-ui webchat v1.0.0
2026-08-13T15:26:24.459+08:00 [ws] ⇄ res ✓ config.get 290ms conn=5601b417…98b8 id=r2-8ofu1v
2026-08-13T15:26:27.123+08:00 [ws] webchat disconnected code=1001 reason=n/a conn=5601b417-652a-4c9a-8187-b4a85b0498b8
2026-08-13T15:26:27.529+08:00 [ws] webchat connected conn=c58e494d-cf72-45f2-8b9e-9cbe3fdefc84 remote=127.0.0.1 client=openclaw-control-ui webchat v1.0.0
2026-08-13T15:26:40.967+08:00 [ws] ⇄ res ✓ skills.status 444ms conn=c58e494d…fc84 id=r7-ba49ob
2026-08-13T15:26:41.498+08:00 [ws] ⇄ res ✓ skills.status 527ms conn=c58e494d…fc84 id=r8-cjbjr7
2026-08-13T15:26:42.378+08:00 [ws] ⇄ res ✓ config.get 1406ms conn=c58e494d…fc84 id=r9-qhfcea
2026-08-13T15:26:42.390+08:00 [ws] ⇄ res ✓ config.get 582ms conn=c58e494d…fc84 id=r11-475rc9
2026-08-13T15:26:42.402+08:00 [ws] ⇄ res ✓ config.get 594ms conn=c58e494d…fc84 id=r10-mbrn1t
2026-08-13T15:29:21.948+08:00 [ws] webchat disconnected code=1001 reason=n/a conn=c58e494d-cf72-45f2-8b9e-9cbe3fdefc84
2026-08-13T15:29:22.337+08:00 [ws] webchat connected conn=aa999bed-4338-4391-8bb4-5da1f2ca2c7e remote=127.0.0.1 client=openclaw-control-ui webchat v1.0.0
2026-08-13T15:29:25.344+08:00 [ws] webchat disconnected code=1001 reason=n/a conn=aa999bed-4338-4391-8bb4-5da1f2ca2c7e
2026-08-13T15:29:25.737+08:00 [ws] webchat connected conn=85babfd7-4950-4741-abd2-d7c7d9a3ccf4 remote=127.0.0.1 client=openclaw-control-ui webchat v1.0.0
2026-08-13T15:29:48.200+08:00 [ws] webchat disconnected code=1001 reason=n/a conn=85babfd7-4950-4741-abd2-d7c7d9a3ccf4
2026-08-13T15:29:48.602+08:00 [ws] webchat connected conn=f3b8ed43-3e6c-445f-bd80-3594d900551f remote=127.0.0.1 client=openclaw-control-ui webchat v1.0.0
2026-08-13T15:30:24.079+08:00 [ws] ⇄ res ✓ skills.status 450ms conn=f3b8ed43…551f id=r7-mrvdui
2026-08-13T15:30:24.488+08:00 [ws] ⇄ res ✓ skills.status 405ms conn=f3b8ed43…551f id=r8-jltw4t
2026-08-13T15:30:25.062+08:00 [ws] ⇄ res ✓ config.get 979ms conn=f3b8ed43…551f id=r9-1qyjkq
2026-08-13T15:30:25.076+08:00 [ws] ⇄ res ✓ config.get 299ms conn=f3b8ed43…551f id=r10-hucu9c
2026-08-13T15:30:28.015+08:00 [ws] ⇄ res ✓ config.get 281ms conn=f3b8ed43…551f id=r11-pqsl1p
2026-08-13T15:32:54.072+08:00 [ws] webchat disconnected code=1001 reason=n/a conn=f3b8ed43-3e6c-445f-bd80-3594d900551f
2026-08-13T15:32:54.477+08:00 [ws] webchat connected conn=d6544a36-57df-4df1-a4ee-cb0fb200b65f remote=127.0.0.1 client=openclaw-control-ui webchat v1.0.0
2026-08-13T15:32:58.412+08:00 [ws] webchat disconnected code=1001 reason=n/a conn=d6544a36-57df-4df1-a4ee-cb0fb200b65f
2026-08-13T15:32:58.841+08:00 [ws] webchat connected conn=02b89ab5-b53d-4b59-8945-f305c06f1f26 remote=127.0.0.1 client=openclaw-control-ui webchat v1.0.0
2026-08-13T15:33:03.091+08:00 [ws] webchat disconnected code=1001 reason=n/a conn=02b89ab5-b53d-4b59-8945-f305c06f1f26
2026-08-13T15:33:03.492+08:00 [ws] webchat connected conn=c06235df-5e4f-4021-892e-5430d293ae97 remote=127.0.0.1 client=openclaw-control-ui webchat v1.0.0
2026-08-13T15:33:22.180+08:00 [ws] webchat disconnected code=1001 reason=n/a conn=c06235df-5e4f-4021-892e-5430d293ae97
2026-08-13T15:33:22.574+08:00 [ws] webchat connected conn=e33d3eb6-53f8-487d-bf26-a2b7f87cef4f remote=127.0.0.1 client=openclaw-control-ui webchat v1.0.0
2026-08-13T15:33:27.352+08:00 [ws] webchat disconnected code=1001 reason=n/a conn=e33d3eb6-53f8-487d-bf26-a2b7f87cef4f
2026-08-13T15:33:27.764+08:00 [ws] webchat connected conn=5f13ed7d-6145-4ec8-8f57-1d6db902ac19 remote=127.0.0.1 client=openclaw-control-ui webchat v1.0.0
2026-08-13T15:33:38.235+08:00 [ws] webchat disconnected code=1001 reason=n/a conn=5f13ed7d-6145-4ec8-8f57-1d6db902ac19
2026-08-13T15:33:38.654+08:00 [ws] webchat connected conn=881a7410-6346-404d-84a8-fababd2a43a3 remote=127.0.0.1 client=openclaw-control-ui webchat v1.0.0
2026-08-13T15:33:45.470+08:00 [ws] ⇄ res ✓ skills.status 431ms conn=881a7410…43a3 id=r7-00468a
2026-08-13T15:33:45.852+08:00 [ws] ⇄ res ✓ skills.status 377ms conn=881a7410…43a3 id=r8-c2fkmx
2026-08-13T15:33:46.431+08:00 [ws] ⇄ res ✓ config.get 955ms conn=881a7410…43a3 id=r9-rl9dgc
2026-08-13T15:33:46.441+08:00 [ws] ⇄ res ✓ config.get 296ms conn=881a7410…43a3 id=r10-reypje
2026-08-13T15:33:46.775+08:00 [ws] ⇄ res ✓ config.get 319ms conn=881a7410…43a3 id=r11-4q58ko
2026-08-13T15:33:51.059+08:00 [ws] webchat disconnected code=1001 reason=n/a conn=881a7410-6346-404d-84a8-fababd2a43a3
2026-08-13T15:33:51.580+08:00 [ws] webchat connected conn=30c6d368-24e2-423d-8360-92646b1a8873 remote=127.0.0.1 client=openclaw-control-ui webchat v1.0.0
2026-08-13T15:33:52.013+08:00 [ws] ⇄ res ✓ config.get 289ms conn=30c6d368…8873 id=r2-5fzbsa
2026-08-13T15:34:10.274+08:00 [ws] webchat disconnected code=1001 reason=n/a conn=30c6d368-24e2-423d-8360-92646b1a8873
2026-08-13T15:34:10.687+08:00 [ws] webchat connected conn=2980903d-ba6e-4373-bc6b-47bb5c80ec09 remote=127.0.0.1 client=openclaw-control-ui webchat v1.0.0
2026-08-13T15:34:13.039+08:00 [ws] ⇄ res ✓ skills.status 437ms conn=2980903d…ec09 id=r7-dez16g
2026-08-13T15:34:13.447+08:00 [ws] ⇄ res ✓ skills.status 401ms conn=2980903d…ec09 id=r8-tgbn6n
2026-08-13T15:34:14.019+08:00 [ws] ⇄ res ✓ config.get 972ms conn=2980903d…ec09 id=r9-eq8kfl
2026-08-13T15:34:14.042+08:00 [ws] ⇄ res ✓ config.get 303ms conn=2980903d…ec09 id=r10-96c0la
2026-08-13T15:34:14.569+08:00 [ws] ⇄ res ✓ config.get 290ms conn=2980903d…ec09 id=r11-i5haaw
2026-08-13T15:34:44.412+08:00 [ws] ⇄ res ✓ config.get 289ms conn=2980903d…ec09 id=r12-l9eg7h
2026-08-13T15:34:44.910+08:00 [gateway] config.patch write actor=openclaw-control-ui device=unknown-device ip=unknown-ip conn=2980903d-ba6e-4373-bc6b-47bb5c80ec09 changedPaths=models.providers.deepseek,agents.defaults.model restartReason=config.patch
2026-08-13T15:34:45.902+08:00 [ws] ⇄ res ✓ config.patch 1486ms conn=2980903d…ec09 id=r13-n301vm
2026-08-13T15:34:46.152+08:00 [reload] config change detected; evaluating reload (agents.defaults.model, models.providers.deepseek, meta.lastTouchedAt)
2026-08-13T15:34:46.853+08:00 [ws] ⇄ res ✓ config.get 943ms conn=2980903d…ec09 id=r14-1yehur
2026-08-13T15:34:46.894+08:00 [reload] config hot reload applied (agents.defaults.model, models.providers.deepseek)
2026-08-13T15:35:00.601+08:00 [ws] ⇄ res ✓ skills.status 449ms conn=2980903d…ec09 id=r20-dzywg7
2026-08-13T15:35:00.927+08:00 [ws] ⇄ res ✓ skills.status 776ms conn=2980903d…ec09 id=r21-h2i2fv
2026-08-13T15:35:00.937+08:00 [ws] ⇄ res ✓ logs.tail 807ms conn=2980903d…ec09 id=r16-qufblg
2026-08-13T15:35:02.073+08:00 [ws] ⇄ res ✓ config.get 234ms conn=2980903d…ec09 id=r22-97g5zw
2026-08-13T15:35:06.214+08:00 [ws] ⇄ res ✓ models.authStatus 5131ms conn=c9417ccf…809f id=4ed8a01d…984f
2026-08-13T15:35:06.224+08:00 [reload] config change detected; evaluating reload (meta.lastTouchedAt)
2026-08-13T15:35:20.952+08:00 [ws] ⇄ res ✓ skills.status 412ms conn=2980903d…ec09 id=r28-ctj887
2026-08-13T15:35:21.358+08:00 [ws] ⇄ res ✓ skills.status 403ms conn=2980903d…ec09 id=r29-rh4gpn
2026-08-13T15:35:22.015+08:00 [ws] ⇄ res ✓ config.get 276ms conn=2980903d…ec09 id=r30-gbedp4
2026-08-13T15:35:34.426+08:00 [ws] webchat disconnected code=1001 reason=n/a conn=2980903d-ba6e-4373-bc6b-47bb5c80ec09
2026-08-13T15:35:34.811+08:00 [ws] webchat connected conn=9e769229-c971-4ef2-8937-3b1c4d94f83f remote=127.0.0.1 client=openclaw-control-ui webchat v1.0.0
2026-08-13T15:36:55.320+08:00 [ws] webchat disconnected code=1001 reason=n/a conn=9e769229-c971-4ef2-8937-3b1c4d94f83f
2026-08-13T15:36:55.721+08:00 [ws] webchat connected conn=fd1ba16a-3d8f-4f05-aba1-9219649d6909 remote=127.0.0.1 client=openclaw-control-ui webchat v1.0.0
2026-08-13T15:38:13.003+08:00 [ws] ⇄ res ✓ skills.status 395ms conn=fd1ba16a…6909 id=r7-wzi8qk
2026-08-13T15:38:13.504+08:00 [ws] ⇄ res ✓ skills.status 497ms conn=fd1ba16a…6909 id=r8-fkxd2b
2026-08-13T15:38:14.368+08:00 [ws] ⇄ res ✓ config.get 284ms conn=fd1ba16a…6909 id=r9-44nevl
2026-08-13T15:38:17.408+08:00 [ws] ⇄ res ✓ config.get 277ms conn=fd1ba16a…6909 id=r10-ycmsw7
2026-08-13T15:38:17.665+08:00 [gateway] config.patch write actor=openclaw-control-ui device=unknown-device ip=unknown-ip conn=fd1ba16a-3d8f-4f05-aba1-9219649d6909 changedPaths=models.providers.deepseek,agents.defaults.model restartReason=config.patch
2026-08-13T15:38:18.376+08:00 [ws] ⇄ res ✓ config.patch 965ms conn=fd1ba16a…6909 id=r11-vxt9zn
2026-08-13T15:38:18.663+08:00 [ws] ⇄ res ✓ config.get 282ms conn=fd1ba16a…6909 id=r12-s1zwh8
2026-08-13T15:38:18.670+08:00 [reload] config change detected; evaluating reload (agents.defaults.model, models.providers.deepseek, meta.lastTouchedAt)
2026-08-13T15:38:19.459+08:00 [reload] config hot reload applied (agents.defaults.model, models.providers.deepseek)
2026-08-13T15:38:47.927+08:00 [ws] webchat disconnected code=1001 reason=n/a conn=fd1ba16a-3d8f-4f05-aba1-9219649d6909
2026-08-13T15:38:48.370+08:00 [ws] webchat connected conn=e67994e7-9334-4664-b1e4-16f612226183 remote=127.0.0.1 client=openclaw-control-ui webchat v1.0.0
2026-08-13T15:38:51.302+08:00 [ws] webchat disconnected code=1001 reason=n/a conn=e67994e7-9334-4664-b1e4-16f612226183
2026-08-13T15:38:51.718+08:00 [ws] webchat connected conn=aca77025-88f8-425a-8684-9b6a70785499 remote=127.0.0.1 client=openclaw-control-ui webchat v1.0.0
2026-08-13T15:39:10.209+08:00 [ws] ⇄ res ✓ skills.status 446ms conn=aca77025…5499 id=r7-rn3ma6
2026-08-13T15:39:10.588+08:00 [ws] ⇄ res ✓ skills.status 375ms conn=aca77025…5499 id=r8-fjdnj7
2026-08-13T15:39:11.371+08:00 [ws] ⇄ res ✓ config.get 1156ms conn=aca77025…5499 id=r9-7hyrol
2026-08-13T15:39:11.383+08:00 [ws] ⇄ res ✓ config.get 552ms conn=aca77025…5499 id=r10-w4tq5j
2026-08-13T15:39:11.395+08:00 [ws] ⇄ res ✓ config.get 301ms conn=aca77025…5499 id=r11-insfp2
2026-08-13T15:39:43.082+08:00 [ws] ⇄ res ✓ skills.status 402ms conn=aca77025…5499 id=r17-z73h41
2026-08-13T15:39:43.446+08:00 [ws] ⇄ res ✓ skills.status 360ms conn=aca77025…5499 id=r18-ur1suu
2026-08-13T15:39:44.176+08:00 [ws] ⇄ res ✓ config.get 1089ms conn=aca77025…5499 id=r19-p5ugzq
2026-08-13T15:39:44.187+08:00 [ws] ⇄ res ✓ config.get 488ms conn=aca77025…5499 id=r20-44w73j
2026-08-13T15:39:44.198+08:00 [ws] ⇄ res ✓ config.get 499ms conn=aca77025…5499 id=r21-qyie7w
2026-08-13T15:41:15.618+08:00 [ws] webchat disconnected code=1001 reason=n/a conn=aca77025-88f8-425a-8684-9b6a70785499
2026-08-13T15:41:16.034+08:00 [ws] webchat connected conn=d9548c25-69a3-4473-80f5-9ab726f6850e remote=127.0.0.1 client=openclaw-control-ui webchat v1.0.0
2026-08-13T15:43:24.134+08:00 [ws] webchat disconnected code=1001 reason=n/a conn=d9548c25-69a3-4473-80f5-9ab726f6850e
2026-08-13T15:43:24.516+08:00 [ws] webchat connected conn=c5ecceee-f8d8-4270-9168-3fb39ccba90f remote=127.0.0.1 client=openclaw-control-ui webchat v1.0.0
2026-08-13T15:44:00.439+08:00 [gateway] loading configuration…
2026-08-13T15:44:00.715+08:00 [gateway] force: no listeners on port 18789
2026-08-13T15:44:00.721+08:00 [gateway] resolving authentication…
2026-08-13T15:44:00.736+08:00 [gateway] starting...
2026-08-13T15:44:02.100+08:00 [gateway] starting HTTP server...
2026-08-13T15:44:02.105+08:00 [gateway] ⚠️  Gateway is binding to a non-loopback address. Ensure authentication is configured before exposing to public networks.
2026-08-13T15:44:02.515+08:00 [health-monitor] started (interval: 300s, startup-grace: 60s, channel-connect-grace: 120s)
2026-08-13T15:44:04.920+08:00 [gateway] agent model: openai/gpt-5.5 (thinking=medium, fast=off)
2026-08-13T15:44:04.924+08:00 [gateway] http server listening (11 plugins: browser, canvas, device-pair, file-transfer, memory-core, ollama, openclaw-weixin, phone-control, qqbot, talk-voice, wecom-openclaw-plugin; 3.9s)
2026-08-13T15:44:04.928+08:00 [gateway] log file: C:\Users\13907\AppData\Local\Temp\openclaw\openclaw-2026-08-13.log
2026-08-13T15:44:05.325+08:00 [gateway] security warning: dangerous config flags enabled: gateway.controlUi.dangerouslyDisableDeviceAuth=true. Run `openclaw security audit`.
2026-08-13T15:44:05.329+08:00 [gateway] starting channels and sidecars...
2026-08-13T15:44:05.419+08:00 [openclaw-weixin] [7a83c9ea7479-im-bot] starting weixin provider (https://ilinkai.weixin.qq.com)
2026-08-13T15:44:05.502+08:00 [gateway] ready
2026-08-13T15:44:05.525+08:00 [heartbeat] started
2026-08-13T15:44:05.761+08:00 [openclaw-weixin] [7a83c9ea7479-im-bot] weixin logs: C:\Users\13907\AppData\Local\Temp\openclaw\openclaw-2026-08-13.log
2026-08-13T15:44:05.836+08:00 [openclaw-weixin] weixin monitor started (https://ilinkai.weixin.qq.com, account=7a83c9ea7479-im-bot)
2026-08-13T15:44:05.841+08:00 [openclaw-weixin] [weixin] resuming from previous sync buf (96 bytes)
2026-08-13T15:44:12.259+08:00 [ws] webchat connected conn=e7278916-c0ed-4992-a7bc-d9fdbc337e9b remote=127.0.0.1 client=openclaw-control-ui webchat v1.0.0
2026-08-13T15:44:12.683+08:00 [ws] webchat connected conn=180c504e-6747-4f66-a2b0-c2f30e7d27f9 remote=127.0.0.1 client=openclaw-control-ui webchat v1.0.0
2026-08-13T15:44:16.110+08:00 [gateway] agent runtime plugins pre-warmed in 597ms
2026-08-13T15:44:16.115+08:00 [ws] webchat disconnected code=1001 reason=n/a conn=e7278916-c0ed-4992-a7bc-d9fdbc337e9b
2026-08-13T15:44:18.174+08:00 [ws] webchat connected conn=07f7ed89-c452-42f2-bc59-6c0a7f183f0c remote=127.0.0.1 client=openclaw-control-ui webchat v1.0.0
2026-08-13T15:50:05.794+08:00 [ws] webchat disconnected code=1001 reason=n/a conn=180c504e-6747-4f66-a2b0-c2f30e7d27f9
2026-08-13T15:50:06.221+08:00 [ws] webchat connected conn=a1d85dcc-9810-4064-8947-6d8bb97a3aea remote=127.0.0.1 client=openclaw-control-ui webchat v1.0.0
2026-08-13T15:53:41.201+08:00 [ws] webchat disconnected code=1001 reason=n/a conn=a1d85dcc-9810-4064-8947-6d8bb97a3aea
2026-08-13T15:53:41.671+08:00 [ws] webchat connected conn=a4c8ff8b-e253-44cd-b1e9-2a1756d6b7fb remote=127.0.0.1 client=openclaw-control-ui webchat v1.0.0
2026-08-13T15:53:44.890+08:00 [ws] webchat disconnected code=1001 reason=n/a conn=a4c8ff8b-e253-44cd-b1e9-2a1756d6b7fb
2026-08-13T15:53:45.426+08:00 [ws] webchat connected conn=995073e5-2ca4-4ed9-b813-515375e39154 remote=127.0.0.1 client=openclaw-control-ui webchat v1.0.0
2026-08-13T15:53:49.024+08:00 [ws] webchat disconnected code=1001 reason=n/a conn=995073e5-2ca4-4ed9-b813-515375e39154
2026-08-13T15:53:49.420+08:00 [ws] webchat connected conn=d90fd204-04a0-4794-8300-b8d28b642756 remote=127.0.0.1 client=openclaw-control-ui webchat v1.0.0
2026-08-13T15:56:29.630+08:00 [ws] webchat disconnected code=1001 reason=n/a conn=d90fd204-04a0-4794-8300-b8d28b642756
2026-08-13T15:56:30.023+08:00 [ws] webchat connected conn=8b801f30-dc25-4800-8bcc-d7ae604101e4 remote=127.0.0.1 client=openclaw-control-ui webchat v1.0.0
2026-08-13T15:57:02.030+08:00 [ws] webchat disconnected code=1001 reason=n/a conn=8b801f30-dc25-4800-8bcc-d7ae604101e4
2026-08-13T15:57:02.427+08:00 [ws] webchat connected conn=799ec15e-685a-4e8c-a170-50be7c8f19a6 remote=127.0.0.1 client=openclaw-control-ui webchat v1.0.0
2026-08-13T15:57:09.722+08:00 [ws] webchat disconnected code=1001 reason=n/a conn=799ec15e-685a-4e8c-a170-50be7c8f19a6
2026-08-13T15:57:10.151+08:00 [ws] webchat connected conn=903a577f-164b-4dda-adbf-f4719c566128 remote=127.0.0.1 client=openclaw-control-ui webchat v1.0.0
2026-08-13T16:13:04.464+08:00 [ws] webchat disconnected code=1001 reason=n/a conn=903a577f-164b-4dda-adbf-f4719c566128
2026-08-13T16:13:04.858+08:00 [ws] webchat connected conn=b418e03e-c6b4-436e-88ae-69c7650de7fe remote=127.0.0.1 client=openclaw-control-ui webchat v1.0.0
2026-08-13T16:13:08.905+08:00 [ws] webchat disconnected code=1001 reason=n/a conn=b418e03e-c6b4-436e-88ae-69c7650de7fe
2026-08-13T16:13:09.312+08:00 [ws] webchat connected conn=c9275a59-5069-4260-a096-16e0402c068b remote=127.0.0.1 client=openclaw-control-ui webchat v1.0.0
2026-08-13T16:13:13.977+08:00 [ws] webchat disconnected code=1001 reason=n/a conn=c9275a59-5069-4260-a096-16e0402c068b
2026-08-13T16:13:14.389+08:00 [ws] webchat connected conn=8ca42068-c63d-448b-bfce-967ae98f25ec remote=127.0.0.1 client=openclaw-control-ui webchat v1.0.0
2026-08-13T16:13:19.425+08:00 [ws] webchat disconnected code=1001 reason=n/a conn=8ca42068-c63d-448b-bfce-967ae98f25ec
2026-08-13T16:13:19.855+08:00 [ws] webchat connected conn=f6a3ddf6-2cfb-47ad-8031-6af6e34c1279 remote=127.0.0.1 client=openclaw-control-ui webchat v1.0.0
2026-08-13T16:13:24.653+08:00 [ws] webchat disconnected code=1001 reason=n/a conn=f6a3ddf6-2cfb-47ad-8031-6af6e34c1279
2026-08-13T16:13:25.323+08:00 [ws] webchat connected conn=a19ae4ff-b69e-426a-9615-01dc507ddc0d remote=127.0.0.1 client=openclaw-control-ui webchat v1.0.0
2026-08-13T16:13:28.314+08:00 [ws] webchat disconnected code=1001 reason=n/a conn=a19ae4ff-b69e-426a-9615-01dc507ddc0d
2026-08-13T16:13:28.715+08:00 [ws] webchat connected conn=dda14f65-7588-418d-82d3-32f01560e09b remote=127.0.0.1 client=openclaw-control-ui webchat v1.0.0
2026-08-13T16:13:33.806+08:00 [ws] webchat disconnected code=1001 reason=n/a conn=dda14f65-7588-418d-82d3-32f01560e09b
2026-08-13T16:13:34.203+08:00 [ws] webchat connected conn=53a636f6-eed9-4f5b-b9fb-67cb4362c427 remote=127.0.0.1 client=openclaw-control-ui webchat v1.0.0
2026-08-13T16:13:54.086+08:00 [ws] webchat disconnected code=1001 reason=n/a conn=53a636f6-eed9-4f5b-b9fb-67cb4362c427
2026-08-13T16:13:54.495+08:00 [ws] webchat connected conn=c7cca4cd-766f-40ea-9a70-45ab3d96cdc1 remote=127.0.0.1 client=openclaw-control-ui webchat v1.0.0
2026-08-13T16:14:13.852+08:00 [ws] webchat disconnected code=1001 reason=n/a conn=c7cca4cd-766f-40ea-9a70-45ab3d96cdc1
2026-08-13T16:14:14.281+08:00 [ws] webchat connected conn=b5e7c491-e6ed-4631-a74c-c6bb4c661067 remote=127.0.0.1 client=openclaw-control-ui webchat v1.0.0
2026-08-13T16:18:29.045+08:00 [ws] webchat disconnected code=1001 reason=n/a conn=b5e7c491-e6ed-4631-a74c-c6bb4c661067
2026-08-13T16:18:29.435+08:00 [ws] webchat connected conn=ba5c06a9-c006-4c2d-a09c-ce2d531ca2cf remote=127.0.0.1 client=openclaw-control-ui webchat v1.0.0
2026-08-13T16:19:17.603+08:00 [ws] webchat disconnected code=1001 reason=n/a conn=ba5c06a9-c006-4c2d-a09c-ce2d531ca2cf
2026-08-13T16:19:18.144+08:00 [ws] webchat connected conn=15ff3737-8b72-419e-bd7e-10bc5b6686c5 remote=127.0.0.1 client=openclaw-control-ui webchat v1.0.0
2026-08-13T16:20:04.014+08:00 [ws] webchat disconnected code=1001 reason=n/a conn=15ff3737-8b72-419e-bd7e-10bc5b6686c5
2026-08-13T16:20:04.586+08:00 [ws] webchat connected conn=89ee243c-e7be-4c74-98ef-27e572f8f1b0 remote=127.0.0.1 client=openclaw-control-ui webchat v1.0.0
